/* Auto-generated Chinese font + pinyin data for CN channel names */
/* Font: WenQuanYi Bitmap Song 9pt (12x12) */
/* Layout v3: Unicode index is sorted for binary search in firmware. */
/* Characters: 1372, Pinyin syllables: 334 */

#ifndef CN_FONT_DATA_H
#define CN_FONT_DATA_H

#include <stdint.h>

/* SPI Flash layout for CN font data (base: 0x010200) */
#define CN_FONT_FLASH_BASE      0x010200u
#define CN_FONT_CHAR_COUNT      1372u
#define CN_FONT_BITMAP_SIZE     32928u   /* 16464 uint16_t */
#define CN_FONT_INDEX_SIZE      5488u   /* 1372 entries x 4 bytes */
#define CN_FONT_PY_OFFSET       38416u  /* pinyin table offset from base */
#define CN_FONT_PY_COUNT        334u
#define CN_FONT_VERSION         3u
#define CN_FONT_VERSION_OFFSET  42916u  /* version byte offset from base */

/* Font bitmaps: 1372 chars x 12 rows x uint16_t */
/* Write to SPI Flash at CN_FONT_FLASH_BASE */
static const uint16_t cn_font_bitmaps[16464] = {
    /* [  0] '一' U+4E00 */
    0x0000, 0x0000, 0x0000, 0x0000, 0x0040, 0xFFE0, 0x0000, 0x0000,
    0x0000, 0x0000, 0x0000, 0x0000,     /* [  1] '丁' U+4E01 */
0x0000, 0x7FE0, 0x0200, 0x0200,
    0x0200, 0x0200, 0x0200, 0x0200, 0x0200, 0x0200, 0x0E00, 0x0000,
    /* [  2] '七' U+4E03 */
    0x0400, 0x0400, 0x0400, 0x0460, 0x0780, 0x7C00, 0x0400, 0x0400,
    0x0420, 0x0420, 0x03E0, 0x0000,     /* [  3] '万' U+4E07 */
0x0000, 0xFFE0, 0x0800, 0x0800,
    0x0F80, 0x0880, 0x0880, 0x1080, 0x1080, 0x2080, 0x4300, 0x0000,
    /* [  4] '三' U+4E09 */
    0x0000, 0x7FC0, 0x0000, 0x0000, 0x0000, 0x3F80, 0x0000, 0x0000,
    0x0000, 0x0000, 0xFFE0, 0x0000,     /* [  5] '上' U+4E0A */
0x0400, 0x0400, 0x0400, 0x0400,
    0x07C0, 0x0400, 0x0400, 0x0400, 0x0400, 0x0400, 0xFFE0, 0x0000,
    /* [  6] '下' U+4E0B */
    0x0000, 0xFFE0, 0x0400, 0x0400, 0x0600, 0x0500, 0x0480, 0x0480,
    0x0400, 0x0400, 0x0400, 0x0000,     /* [  7] '不' U+4E0D */
0xFFE0, 0x0200, 0x0200, 0x0400,
    0x0D00, 0x1480, 0x2440, 0x4420, 0x8400, 0x0400, 0x0400, 0x0000,
    /* [  8] '专' U+4E13 */
    0x0400, 0x3FC0, 0x0400, 0x0400, 0xFFE0, 0x0800, 0x1FC0, 0x0080,
    0x0D00, 0x0200, 0x0100, 0x0000,     /* [  9] '世' U+4E16 */
0x0480, 0x2480, 0x2480, 0xFFE0,
    0x2480, 0x2480, 0x2480, 0x2780, 0x2000, 0x2000, 0x3FE0, 0x0000,
    /* [ 10] '丘' U+4E18 */
    0x0180, 0x1E00, 0x1000, 0x1000, 0x1FC0, 0x1100, 0x1100, 0x1100,
    0x1100, 0x1100, 0xFFE0, 0x0000,     /* [ 11] '业' U+4E1A */
0x0900, 0x0900, 0x0920, 0x8920,
    0x4940, 0x2940, 0x2980, 0x0900, 0x0900, 0x0900, 0xFFE0, 0x0000,
    /* [ 12] '东' U+4E1C */
    0x0400, 0x0400, 0x7FE0, 0x0A00, 0x1200, 0x3FC0, 0x0200, 0x1280,
    0x2240, 0x4220, 0x0E00, 0x0000,     /* [ 13] '丝' U+4E1D */
0x2100, 0x2100, 0x2940, 0x4A40,
    0xF780, 0x1080, 0x2100, 0x4200, 0xF7C0, 0x0000, 0xFFE0, 0x0000,
    /* [ 14] '两' U+4E24 */
    0xFFE0, 0x1200, 0x1200, 0x7FC0, 0x5240, 0x5240, 0x5B40, 0x64C0,
    0x4840, 0x4040, 0x40C0, 0x0000,     /* [ 15] '个' U+4E2A */
0x0400, 0x0400, 0x0A00, 0x1100,
    0x2480, 0x4460, 0x0400, 0x0400, 0x0400, 0x0400, 0x0400, 0x0000,
    /* [ 16] '中' U+4E2D */
    0x0400, 0x0400, 0x7FC0, 0x4440, 0x4440, 0x4440, 0x7FC0, 0x4440,
    0x0400, 0x0400, 0x0400, 0x0000,     /* [ 17] '丰' U+4E30 */
0x0400, 0x0400, 0x7FC0, 0x0400,
    0x0400, 0x3F80, 0x0400, 0x0400, 0xFFE0, 0x0400, 0x0400, 0x0000,
    /* [ 18] '临' U+4E34 */
    0x2400, 0xA7E0, 0xA800, 0xB100, 0xA080, 0xAFE0, 0xA920, 0xA920,
    0x2920, 0x2FE0, 0x2820, 0x0000,     /* [ 19] '丹' U+4E39 */
0x1F80, 0x1080, 0x1480, 0x1280,
    0x1080, 0xFFE0, 0x1080, 0x1080, 0x1080, 0x2080, 0x4380, 0x0000,
    /* [ 20] '为' U+4E3A */
    0x2400, 0x1400, 0x0400, 0x7FC0, 0x0440, 0x0640, 0x0940, 0x0940,
    0x1040, 0x2240, 0x4180, 0x0000,     /* [ 21] '主' U+4E3B */
0x0800, 0x0400, 0xFFE0, 0x0400,
    0x0400, 0x0400, 0x7FC0, 0x0400, 0x0400, 0x0400, 0xFFE0, 0x0000,
    /* [ 22] '丽' U+4E3D */
    0xFFE0, 0x0000, 0x7BC0, 0x4A40, 0x4A40, 0x6B40, 0x5AC0, 0x4A40,
    0x4A40, 0x4A40, 0x5AC0, 0x0000,     /* [ 23] '义' U+4E49 */
0x0880, 0x2480, 0x2480, 0x2100,
    0x1100, 0x1200, 0x0A00, 0x0400, 0x0A00, 0x3180, 0xC060, 0x0000,
    /* [ 24] '之' U+4E4B */
    0x0800, 0x0400, 0x7FC0, 0x0080, 0x0100, 0x0200, 0x0400, 0x0800,
    0x3000, 0x4800, 0x87E0, 0x0000,     /* [ 25] '乌' U+4E4C */
0x0400, 0x1F80, 0x1080, 0x1080,
    0x1180, 0x1000, 0x1FE0, 0x0020, 0xFF20, 0x0020, 0x00C0, 0x0000,
    /* [ 26] '乐' U+4E50 */
    0x01C0, 0x3E00, 0x2000, 0x2200, 0x2200, 0x3FE0, 0x0200, 0x1280,
    0x2240, 0x4220, 0x0600, 0x0000,     /* [ 27] '乔' U+4E54 */
0x01C0, 0x7E00, 0x0800, 0xFFE0,
    0x1100, 0x2080, 0xD160, 0x1100, 0x1100, 0x2100, 0x4100, 0x0000,
    /* [ 28] '乘' U+4E58 */
    0x0380, 0x7C00, 0x0400, 0xFFE0, 0x1540, 0x75A0, 0x1520, 0xFEE0,
    0x1500, 0x2480, 0xC460, 0x0000,     /* [ 29] '九' U+4E5D */
0x0800, 0x0800, 0x0800, 0x7F00,
    0x0900, 0x0900, 0x0900, 0x1100, 0x1120, 0x2120, 0x40E0, 0x0000,
    /* [ 30] '也' U+4E5F */
    0x0400, 0x0400, 0x24C0, 0x2740, 0x3C40, 0xE440, 0x2540, 0x2480,
    0x2420, 0x2020, 0x1FE0, 0x0000,     /* [ 31] '乡' U+4E61 */
0x0400, 0x0800, 0x1100, 0x3E00,
    0x0440, 0x0880, 0x3F80, 0x0100, 0x0200, 0x0C00, 0x7000, 0x0000,
    /* [ 32] '买' U+4E70 */
    0xFFE0, 0x0040, 0x2480, 0x1400, 0x4400, 0x2400, 0xFFE0, 0x0400,
    0x0A00, 0x3180, 0xC060, 0x0000,     /* [ 33] '乾' U+4E7E */
0x2100, 0xFD00, 0x21E0, 0xFA00,
    0x8BC0, 0xF840, 0x8880, 0xF900, 0x2220, 0xFA20, 0x21E0, 0x0000,
    /* [ 34] '了' U+4E86 */
    0x7FC0, 0x0080, 0x0100, 0x0600, 0x0400, 0x0400, 0x0400, 0x0400,
    0x0400, 0x1400, 0x0800, 0x0000,     /* [ 35] '事' U+4E8B */
0x0400, 0xFFE0, 0x2480, 0x2480,
    0x7FC0, 0x0440, 0xFFE0, 0x0440, 0x7FC0, 0x0400, 0x1C00, 0x0000,
    /* [ 36] '二' U+4E8C */
    0x0000, 0x0000, 0x7FC0, 0x0000, 0x0000, 0x0000, 0x0000, 0x0000,
    0x0000, 0xFFE0, 0x0000, 0x0000,     /* [ 37] '于' U+4E8E */
0x7FC0, 0x0400, 0x0400, 0x0400,
    0xFFE0, 0x0400, 0x0400, 0x0400, 0x0400, 0x0400, 0x1C00, 0x0000,
    /* [ 38] '云' U+4E91 */
    0x3F80, 0x0000, 0x0000, 0x0000, 0xFFE0, 0x0800, 0x1000, 0x1100,
    0x2080, 0x7FC0, 0x2040, 0x0000,     /* [ 39] '互' U+4E92 */
0xFFE0, 0x0800, 0x0800, 0x0F80,
    0x1080, 0x1080, 0x1080, 0x3F00, 0x0100, 0x0100, 0xFFE0, 0x0000,
    /* [ 40] '亓' U+4E93 */
    0x3F80, 0x0000, 0x0000, 0x0000, 0xFFE0, 0x1100, 0x1100, 0x1100,
    0x2100, 0x2100, 0x4100, 0x0000,     /* [ 41] '五' U+4E94 */
0x0000, 0x7FC0, 0x0400, 0x0400,
    0x0400, 0x3F80, 0x0880, 0x0880, 0x0880, 0x0880, 0xFFE0, 0x0000,
    /* [ 42] '井' U+4E95 */
    0x0900, 0x0900, 0x7FE0, 0x0900, 0x0900, 0x0900, 0x7FE0, 0x1100,
    0x1100, 0x2100, 0x4100, 0x0000,     /* [ 43] '亚' U+4E9A */
0x0000, 0x7FC0, 0x0A00, 0x0A00,
    0x4A40, 0x2A40, 0x2A80, 0x2A80, 0x0A00, 0x0A00, 0xFFE0, 0x0000,
    /* [ 44] '交' U+4EA4 */
    0x0400, 0xFFE0, 0x0000, 0x1100, 0x2080, 0x5140, 0x1100, 0x0A00,
    0x0400, 0x1B00, 0x60E0, 0x0000,     /* [ 45] '京' U+4EAC */
0x0400, 0xFFE0, 0x0000, 0x3F80,
    0x2080, 0x2080, 0x3F80, 0x0400, 0x2480, 0x4440, 0x8C20, 0x0000,
    /* [ 46] '亭' U+4EAD */
    0x0400, 0xFFE0, 0x2080, 0x3F80, 0x0000, 0xFFE0, 0x8020, 0xBFA0,
    0x0400, 0x0400, 0x1C00, 0x0000,     /* [ 47] '亮' U+4EAE */
0x0400, 0xFFE0, 0x1100, 0x1F00,
    0x0000, 0xFFE0, 0x8020, 0x1F00, 0x1100, 0x2120, 0xC0E0, 0x0000,
    /* [ 48] '亳' U+4EB3 */
    0x0400, 0xFFE0, 0x2080, 0x3F80, 0x0000, 0xFFE0, 0x8320, 0x3C00,
    0x07C0, 0x7C20, 0x03E0, 0x0000,     /* [ 49] '人' U+4EBA */
0x0400, 0x0400, 0x0400, 0x0400,
    0x0400, 0x0400, 0x0A00, 0x0A00, 0x1100, 0x2080, 0xC060, 0x0000,
    /* [ 50] '什' U+4EC0 */
    0x1100, 0x1100, 0x2100, 0x2100, 0x6FE0, 0xA100, 0x2100, 0x2100,
    0x2100, 0x2100, 0x2100, 0x0000,     /* [ 51] '仁' U+4EC1 */
0x1000, 0x1000, 0x27C0, 0x2000,
    0x6000, 0xA000, 0x2000, 0x2000, 0x2000, 0x2FE0, 0x2000, 0x0000,
    /* [ 52] '仅' U+4EC5 */
    0x1000, 0x1FC0, 0x2440, 0x2440, 0x6440, 0xA280, 0x2280, 0x2100,
    0x2280, 0x2440, 0x2820, 0x0000,     /* [ 53] '介' U+4ECB */
0x0400, 0x0A00, 0x1100, 0x2080,
    0xD160, 0x1100, 0x1100, 0x1100, 0x2100, 0x2100, 0x4100, 0x0000,
    /* [ 54] '从' U+4ECE */
    0x1100, 0x1100, 0x1100, 0x1100, 0x1100, 0x1100, 0x2A80, 0x2A80,
    0x4440, 0x8840, 0x1020, 0x0000,     /* [ 55] '仑' U+4ED1 */
0x0400, 0x0A00, 0x1100, 0x2080,
    0xD060, 0x1100, 0x1200, 0x1C00, 0x1040, 0x1040, 0x0FC0, 0x0000,
    /* [ 56] '仓' U+4ED3 */
    0x0400, 0x0600, 0x0900, 0x1080, 0x3F40, 0xD120, 0x1500, 0x1200,
    0x1040, 0x1040, 0x0FC0, 0x0000,     /* [ 57] '仔' U+4ED4 */
0x1000, 0x17C0, 0x2080, 0x2100,
    0x6100, 0xAFE0, 0x2100, 0x2100, 0x2100, 0x2100, 0x2700, 0x0000,
    /* [ 58] '他' U+4ED6 */
    0x1100, 0x1100, 0x2540, 0x25C0, 0x6F40, 0xA540, 0x2540, 0x2580,
    0x2520, 0x2420, 0x23E0, 0x0000,     /* [ 59] '仙' U+4ED9 */
0x1100, 0x1100, 0x2100, 0x2920,
    0x6920, 0xA920, 0x2920, 0x2920, 0x2920, 0x2FE0, 0x2820, 0x0000,
    /* [ 60] '令' U+4EE4 */
    0x0400, 0x0400, 0x0A00, 0x1100, 0x2480, 0xC260, 0x3F80, 0x0100,
    0x0A00, 0x0400, 0x0200, 0x0000,     /* [ 61] '仪' U+4EEA */
0x1200, 0x1140, 0x2940, 0x2840,
    0x6440, 0xA480, 0x2280, 0x2100, 0x2280, 0x2440, 0x2820, 0x0000,
    /* [ 62] '们' U+4EEC */
    0x2400, 0x22E0, 0x4A20, 0x4820, 0xC820, 0x4820, 0x4820, 0x4820,
    0x4820, 0x4820, 0x4860, 0x0000,     /* [ 63] '件' U+4EF6 */
0x1100, 0x1500, 0x2500, 0x2FC0,
    0x7100, 0xA100, 0x2FE0, 0x2100, 0x2100, 0x2100, 0x2100, 0x0000,
    /* [ 64] '任' U+4EFB */
    0x10C0, 0x1700, 0x2100, 0x2100, 0x6100, 0xAFE0, 0x2100, 0x2100,
    0x2100, 0x2100, 0x27C0, 0x0000,     /* [ 65] '伊' U+4F0A */
0x1000, 0x17C0, 0x2240, 0x2240,
    0x6FE0, 0xA240, 0x2240, 0x2FC0, 0x2200, 0x2400, 0x2800, 0x0000,
    /* [ 66] '伍' U+4F0D */
    0x1000, 0x1FE0, 0x2200, 0x2200, 0x6200, 0xAFC0, 0x2240, 0x2440,
    0x2440, 0x2440, 0x3FE0, 0x0000,     /* [ 67] '休' U+4F11 */
0x1100, 0x1100, 0x2100, 0x3FE0,
    0x6100, 0xA380, 0x2380, 0x2540, 0x2920, 0x3100, 0x2100, 0x0000,
    /* [ 68] '众' U+4F17 */
    0x0400, 0x0400, 0x0A00, 0x1100, 0x2080, 0xD160, 0x1100, 0x1100,
    0x2A80, 0x4440, 0x8820, 0x0000,     /* [ 69] '优' U+4F18 */
0x1240, 0x1220, 0x2200, 0x3FE0,
    0x6200, 0xA300, 0x2300, 0x2500, 0x2520, 0x2920, 0x30E0, 0x0000,
    /* [ 70] '会' U+4F1A */
    0x0400, 0x0A00, 0x1100, 0x2080, 0xDF60, 0x0000, 0x0000, 0x7FC0,
    0x0800, 0x1080, 0x3FC0, 0x0000,     /* [ 71] '伟' U+4F1F */
0x1100, 0x1100, 0x2FE0, 0x2100,
    0x67C0, 0xA100, 0x2FE0, 0x2120, 0x2120, 0x2160, 0x2100, 0x0000,
    /* [ 72] '低' U+4F4E */
    0x10C0, 0x1F00, 0x2900, 0x2900, 0x6900, 0xAFE0, 0x2900, 0x2920,
    0x2AA0, 0x2D60, 0x28A0, 0x0000,     /* [ 73] '体' U+4F53 */
0x2200, 0x2200, 0x5FC0, 0x4200,
    0xC700, 0x4A80, 0x5240, 0x6220, 0x4F80, 0x4200, 0x4200, 0x0000,
    /* [ 74] '何' U+4F55 */
    0x1000, 0x1FE0, 0x2040, 0x6F40, 0xA940, 0x2940, 0x2F40, 0x2940,
    0x2040, 0x2040, 0x20C0, 0x0000,     /* [ 75] '余' U+4F59 */
0x0400, 0x0A00, 0x1100, 0x2080,
    0xDF60, 0x0400, 0x7FC0, 0x0400, 0x1500, 0x2480, 0x4C40, 0x0000,
    /* [ 76] '佛' U+4F5B */
    0x2500, 0x2500, 0x5FC0, 0xC540, 0x5FC0, 0x5500, 0x5FE0, 0x4520,
    0x45A0, 0x4940, 0x5100, 0x0000,     /* [ 77] '作' U+4F5C */
0x1400, 0x1400, 0x27E0, 0x2A00,
    0x7200, 0xA3C0, 0x2200, 0x2200, 0x23E0, 0x2200, 0x2200, 0x0000,
    /* [ 78] '你' U+4F60 */
    0x1400, 0x1400, 0x27E0, 0x2820, 0x6100, 0xA540, 0x2540, 0x2920,
    0x3120, 0x2120, 0x2300, 0x0000,     /* [ 79] '佩' U+4F69 */
0x5FC0, 0x5040, 0x57C0, 0x5140,
    0xD7C0, 0x5540, 0x5540, 0x5540, 0x55C0, 0x5540, 0x6120, 0x0000,
    /* [ 80] '佬' U+4F6C */
    0x1200, 0x1FA0, 0x2240, 0x2280, 0x7FE0, 0xA200, 0x24C0, 0x2F00,
    0x3420, 0x2420, 0x23E0, 0x0000,     /* [ 81] '佰' U+4F70 */
0x1FE0, 0x1100, 0x2200, 0x27C0,
    0x6440, 0xA440, 0x27C0, 0x2440, 0x2440, 0x27C0, 0x2440, 0x0000,
    /* [ 82] '佳' U+4F73 */
    0x1100, 0x17C0, 0x2100, 0x2100, 0x6FE0, 0xA100, 0x2100, 0x27C0,
    0x2100, 0x2100, 0x2FE0, 0x0000,     /* [ 83] '依' U+4F9D */
0x1200, 0x1100, 0x2FE0, 0x2100,
    0x6320, 0xA540, 0x2C80, 0x3480, 0x2440, 0x2520, 0x2620, 0x0000,
    /* [ 84] '侧' U+4FA7 */
    0x2020, 0x3F20, 0x5120, 0x55A0, 0xD5A0, 0x55A0, 0x55A0, 0x5520,
    0x4620, 0x4920, 0x5060, 0x0000,     /* [ 85] '俊' U+4FCA */
0x1200, 0x1440, 0x2FE0, 0x22A0,
    0x6640, 0xABE0, 0x2440, 0x2A80, 0x2100, 0x2280, 0x2C60, 0x0000,
    /* [ 86] '保' U+4FDD */
    0x17C0, 0x1440, 0x2440, 0x27C0, 0x6100, 0xAFE0, 0x2100, 0x2380,
    0x2540, 0x2920, 0x2100, 0x0000,     /* [ 87] '信' U+4FE1 */
0x1200, 0x1100, 0x2FE0, 0x2000,
    0x67C0, 0xA000, 0x27C0, 0x2000, 0x27C0, 0x2440, 0x27C0, 0x0000,
    /* [ 88] '修' U+4FEE */
    0x1200, 0x13E0, 0x2D40, 0x2880, 0x6B40, 0xACA0, 0x2940, 0x2A80,
    0x2920, 0x20C0, 0x2700, 0x0000,     /* [ 89] '俱' U+4FF1 */
0x17C0, 0x1440, 0x27C0, 0x6440,
    0xA7C0, 0x2440, 0x27C0, 0x2440, 0x3FE0, 0x2440, 0x2820, 0x0000,
    /* [ 90] '倌' U+500C */
    0x1200, 0x1100, 0x2FE0, 0x2820, 0x67C0, 0xA440, 0x27C0, 0x2400,
    0x27C0, 0x2440, 0x27C0, 0x0000,     /* [ 91] '倒' U+5012 */
0x2020, 0x3F20, 0x48A0, 0x52A0,
    0xDFA0, 0x44A0, 0x44A0, 0x5FA0, 0x44A0, 0x4720, 0x5860, 0x0000,
    /* [ 92] '候' U+5019 */
    0x2780, 0x2080, 0x5FE0, 0x5400, 0xD7C0, 0x5900, 0x5FE0, 0x5100,
    0x5280, 0x4440, 0x4820, 0x0000,     /* [ 93] '借' U+501F */
0x1480, 0x1FE0, 0x2480, 0x2480,
    0x7FE0, 0xA000, 0x27C0, 0x2440, 0x27C0, 0x2440, 0x27C0, 0x0000,
    /* [ 94] '值' U+503C */
    0x1100, 0x1FE0, 0x2200, 0x27C0, 0x6440, 0xA7C0, 0x2440, 0x2740,
    0x25C0, 0x2440, 0x2FE0, 0x0000,     /* [ 95] '偃' U+5043 */
0x2FE0, 0x2A40, 0x2BC0, 0x2A40,
    0x6BC0, 0xA900, 0x2FE0, 0x2A40, 0x2980, 0x2A40, 0x2FE0, 0x0000,
    /* [ 96] '假' U+5047 */
    0x2EE0, 0x2A20, 0x2A20, 0x2EE0, 0x6800, 0xAEE0, 0x28A0, 0x2EA0,
    0x2840, 0x28C0, 0x2920, 0x0000,     /* [ 97] '偏' U+504F */
0x2100, 0x2FE0, 0x2820, 0x2FE0,
    0x6800, 0xAFE0, 0x2AA0, 0x2FE0, 0x2AA0, 0x3AA0, 0x2860, 0x0000,
    /* [ 98] '停' U+505C */
    0x2200, 0x3FE0, 0x2000, 0x4FC0, 0x4840, 0xDFE0, 0x5020, 0x4FC0,
    0x4100, 0x4100, 0x4700, 0x0000,     /* [ 99] '傅' U+5085 */
0x2240, 0x3FE0, 0x4200, 0x4FC0,
    0xCA40, 0x4FC0, 0x4A40, 0x7FE0, 0x4880, 0x4480, 0x4180, 0x0000,
    /* [100] '储' U+50A8 */
    0x6120, 0x57C0, 0x4140, 0x77E0, 0xD100, 0x53C0, 0x5640, 0x53C0,
    0x5A40, 0x5240, 0x43C0, 0x0000,     /* [101] '傲' U+50B2 */
0x2900, 0x3F00, 0x4900, 0x5FE0,
    0xC940, 0x7F40, 0x4940, 0x5D40, 0x5480, 0x6540, 0x4A20, 0x0000,
    /* [102] '儋' U+510B */
    0x13C0, 0x1480, 0x2FE0, 0x3AA0, 0x6FE0, 0xA800, 0x2BE0, 0x2800,
    0x2BE0, 0x2A20, 0x33E0, 0x0000,     /* [103] '儿' U+513F */
0x1100, 0x1100, 0x1100, 0x1100,
    0x1100, 0x1100, 0x1100, 0x1100, 0x2120, 0x4120, 0x80E0, 0x0000,
    /* [104] '元' U+5143 */
    0x0000, 0x3FC0, 0x0000, 0x0000, 0x7FE0, 0x0900, 0x0900, 0x1100,
    0x1120, 0x2120, 0x40E0, 0x0000,     /* [105] '兄' U+5144 */
0x3F80, 0x2080, 0x2080, 0x2080,
    0x3F80, 0x2A80, 0x0A00, 0x0A00, 0x1220, 0x2220, 0x41E0, 0x0000,
    /* [106] '充' U+5145 */
    0x0200, 0x7FE0, 0x0400, 0x0880, 0x3FC0, 0x0940, 0x0900, 0x0900,
    0x1120, 0x1120, 0x60E0, 0x0000,     /* [107] '兆' U+5146 */
0x0900, 0x4920, 0x2940, 0x2980,
    0x0900, 0x19C0, 0x2920, 0x4900, 0x1120, 0x2120, 0x40E0, 0x0000,
    /* [108] '先' U+5148 */
    0x0400, 0x2400, 0x3FC0, 0x4400, 0x8400, 0xFFE0, 0x1200, 0x1200,
    0x1220, 0x2220, 0xC1E0, 0x0000,     /* [109] '光' U+5149 */
0x0400, 0x4440, 0x2480, 0x0400,
    0xFFE0, 0x1200, 0x1200, 0x1220, 0x1220, 0x2220, 0xC1E0, 0x0000,
    /* [110] '克' U+514B */
    0x0400, 0xFFE0, 0x0400, 0x3F80, 0x2080, 0x2080, 0x3F80, 0x0A00,
    0x1220, 0x2220, 0xC1E0, 0x0000,     /* [111] '免' U+514D */
0x1000, 0x1F00, 0x2200, 0x7FC0,
    0x2440, 0x2440, 0x3FC0, 0x0A00, 0x0A20, 0x1220, 0x61E0, 0x0000,
    /* [112] '兖' U+5156 */
    0x0200, 0x7FE0, 0x1080, 0x2440, 0x4920, 0x1080, 0x1F40, 0x0900,
    0x0920, 0x1120, 0x60E0, 0x0000,     /* [113] '党' U+515A */
0x2480, 0x1500, 0x7FE0, 0x4020,
    0x5FA0, 0x1080, 0x1F80, 0x0A00, 0x0A20, 0x1220, 0x61E0, 0x0000,
    /* [114] '入' U+5165 */
    0x1800, 0x0400, 0x0400, 0x0400, 0x0A00, 0x0A00, 0x1100, 0x1100,
    0x2080, 0x4040, 0x8020, 0x0000,     /* [115] '全' U+5168 */
0x0400, 0x0A00, 0x1100, 0x2080,
    0xDF60, 0x0400, 0x0400, 0x1F00, 0x0400, 0x0400, 0x7FC0, 0x0000,
    /* [116] '八' U+516B */
    0x0200, 0x1200, 0x1200, 0x1200, 0x1100, 0x1100, 0x2080, 0x2080,
    0x4040, 0x8020, 0x0000, 0x0000,     /* [117] '公' U+516C */
0x0100, 0x1100, 0x1080, 0x2080,
    0x2440, 0x4420, 0x8800, 0x0900, 0x1080, 0x3FC0, 0x1040, 0x0000,
    /* [118] '六' U+516D */
    0x0800, 0x0400, 0x0000, 0xFFE0, 0x0000, 0x0000, 0x1100, 0x1080,
    0x2040, 0x4020, 0x8020, 0x0000,     /* [119] '兰' U+5170 */
0x2080, 0x1100, 0x7FC0, 0x0000,
    0x0000, 0x0000, 0x3F80, 0x0000, 0x0000, 0x0000, 0xFFE0, 0x0000,
    /* [120] '共' U+5171 */
    0x1100, 0x1100, 0x7FC0, 0x1100, 0x1100, 0x1100, 0xFFE0, 0x0000,
    0x1100, 0x2080, 0x4040, 0x0000,     /* [121] '关' U+5173 */
0x2080, 0x1100, 0x7FC0, 0x0400,
    0x0400, 0xFFC0, 0x0400, 0x0A00, 0x1100, 0x2080, 0xC060, 0x0000,
    /* [122] '兴' U+5174 */
    0x0840, 0x4440, 0x2480, 0x2080, 0x0100, 0xFFE0, 0x0000, 0x1100,
    0x1080, 0x2040, 0x4040, 0x0000,     /* [123] '兵' U+5175 */
0x0180, 0x3E00, 0x2000, 0x3FE0,
    0x2100, 0x2100, 0x2100, 0xFFE0, 0x1100, 0x2080, 0xC060, 0x0000,
    /* [124] '其' U+5176 */
    0x1100, 0x7FC0, 0x1100, 0x1F00, 0x1100, 0x1F00, 0x1100, 0xFFE0,
    0x1100, 0x2080, 0xC040, 0x0000,     /* [125] '具' U+5177 */
0x3F80, 0x2080, 0x3F80, 0x2080,
    0x3F80, 0x2080, 0x3F80, 0x2080, 0xFFE0, 0x1100, 0xE0E0, 0x0000,
    /* [126] '典' U+5178 */
    0x0A00, 0x0A00, 0x3FC0, 0x2A40, 0x3FC0, 0x2A40, 0x2A40, 0xFFE0,
    0x1100, 0x2080, 0xC060, 0x0000,     /* [127] '兽' U+517D */
0x2080, 0x1100, 0x7FC0, 0x4440,
    0x7FC0, 0x4440, 0xFFE0, 0x0000, 0x3F80, 0x2080, 0x3F80, 0x0000,
    /* [128] '冀' U+5180 */
    0x7B80, 0x0A20, 0x7FE0, 0x2480, 0x3F80, 0x2480, 0x7FC0, 0x0900,
    0xFFE0, 0x0900, 0x70E0, 0x0000,     /* [129] '内' U+5185 */
0x0400, 0x0400, 0x7FE0, 0x4420,
    0x4420, 0x4620, 0x4920, 0x50A0, 0x4020, 0x4020, 0x40E0, 0x0000,
    /* [130] '冈' U+5188 */
    0x7FE0, 0x4020, 0x40A0, 0x48A0, 0x4520, 0x4220, 0x4520, 0x48A0,
    0x50A0, 0x4020, 0x40E0, 0x0000,     /* [131] '冕' U+5195 */
0x7FC0, 0x4040, 0x5F40, 0x4040,
    0x5F40, 0x2200, 0x7F80, 0xA480, 0x3FA0, 0x0A20, 0xF1E0, 0x0000,
    /* [132] '写' U+5199 */
    0x7FE0, 0x4020, 0x9040, 0x1F80, 0x1000, 0x1FC0, 0x0040, 0x7F40,
    0x0040, 0x0280, 0x0100, 0x0000,     /* [133] '军' U+519B */
0x7FE0, 0x4020, 0x0400, 0x3FC0,
    0x0800, 0x1200, 0x3FC0, 0x0200, 0x7FE0, 0x0200, 0x0200, 0x0000,
    /* [134] '农' U+519C */
    0x0400, 0x7FE0, 0x4420, 0x8C40, 0x1200, 0x1240, 0x3280, 0x5100,
    0x9480, 0x1860, 0x1020, 0x0000,     /* [135] '冠' U+51A0 */
0xFFE0, 0x8020, 0x80A0, 0x7880,
    0x03E0, 0xFC80, 0x5280, 0x5080, 0x51A0, 0x5020, 0x8FE0, 0x0000,
    /* [136] '冬' U+51AC */
    0x1000, 0x1F00, 0x3100, 0x4A00, 0x0400, 0x1B00, 0xE4E0, 0x0200,
    0x1800, 0x0400, 0x0200, 0x0000,     /* [137] '冯' U+51AF */
0x8F80, 0x4080, 0x4480, 0x1480,
    0x2480, 0x27E0, 0xC020, 0x5FA0, 0x4020, 0x4020, 0x00C0, 0x0000,
    /* [138] '冶' U+51B6 */
    0x8100, 0x4200, 0x0440, 0x2FE0, 0x2020, 0x47C0, 0xC440, 0x4440,
    0x4440, 0x47C0, 0x4440, 0x0000,     /* [139] '冷' U+51B7 */
0x8200, 0x4200, 0x0500, 0x2880,
    0x3260, 0x4100, 0x4FC0, 0x8080, 0x8700, 0x8100, 0x0080, 0x0000,
    /* [140] '准' U+51C6 */
    0x0A00, 0x8900, 0x4FE0, 0x5900, 0x0900, 0x2FC0, 0x2900, 0xCFC0,
    0x4900, 0x4900, 0x4FE0, 0x0000,     /* [141] '凉' U+51C9 */
0x8100, 0x4FE0, 0x4000, 0x07C0,
    0x2440, 0x2440, 0x27C0, 0xC100, 0x4540, 0x4920, 0x5320, 0x0000,
    /* [142] '凌' U+51CC */
    0x8200, 0x4FC0, 0x4200, 0x3FE0, 0x2880, 0x5460, 0xC780, 0x4C80,
    0x5300, 0x4480, 0x1860, 0x0000,     /* [143] '减' U+51CF */
0x00C0, 0x80A0, 0x5FE0, 0x5080,
    0x1780, 0x30A0, 0x57A0, 0xD5C0, 0x56A0, 0x5160, 0x6220, 0x0000,
    /* [144] '几' U+51E0 */
    0x1F00, 0x1100, 0x1100, 0x1100, 0x1100, 0x1100, 0x1100, 0x1100,
    0x2120, 0x2120, 0xC0E0, 0x0000,     /* [145] '凤' U+51E4 */
0x7F80, 0x4080, 0x5E80, 0x4280,
    0x5280, 0x4A80, 0x4480, 0x44A0, 0x4AA0, 0x5260, 0x8020, 0x0000,
    /* [146] '凯' U+51EF */
    0xABC0, 0xAA40, 0xFA40, 0x0240, 0xFA40, 0x0A40, 0xFA40, 0x8240,
    0x9240, 0xA440, 0xC860, 0x0000,     /* [147] '凰' U+51F0 */
0x7F80, 0x4880, 0x5E80, 0x5280,
    0x5E80, 0x5280, 0x7F80, 0x4480, 0x5FA0, 0x8460, 0xBFA0, 0x0000,
    /* [148] '出' U+51FA */
    0x0400, 0x4440, 0x4440, 0x4440, 0x7FC0, 0x0400, 0x8420, 0x8420,
    0x8420, 0x8420, 0xFFE0, 0x0000,     /* [149] '分' U+5206 */
0x1100, 0x1100, 0x2080, 0x2080,
    0x4040, 0xBFA0, 0x0880, 0x0880, 0x1080, 0x2080, 0xC300, 0x0000,
    /* [150] '切' U+5207 */
    0x2000, 0x27E0, 0x2120, 0x3920, 0xE120, 0x2120, 0x2920, 0x3220,
    0x2220, 0x0420, 0x08C0, 0x0000,     /* [151] '刊' U+520A */
0x7C20, 0x1120, 0x1120, 0x1120,
    0xFF20, 0x1120, 0x1120, 0x1120, 0x1020, 0x1020, 0x10E0, 0x0000,
    /* [152] '列' U+5217 */
    0x7E20, 0x1020, 0x1120, 0x3D20, 0x2520, 0x6520, 0x9920, 0x0920,
    0x1020, 0x2020, 0xC0E0, 0x0000,     /* [153] '刘' U+5218 */
0x2020, 0x1020, 0xFEA0, 0x04A0,
    0x24A0, 0x18A0, 0x08A0, 0x14A0, 0x2220, 0x42A0, 0x8040, 0x0000,
    /* [154] '删' U+5220 */
    0xEE20, 0xAAA0, 0xAAA0, 0xAAA0, 0xFFA0, 0xAAA0, 0xAAA0, 0xAAA0,
    0xAA20, 0xAA20, 0xB6E0, 0x0000,     /* [155] '判' U+5224 */
0x9220, 0x52A0, 0x54A0, 0x10A0,
    0x7CA0, 0x10A0, 0xFEA0, 0x10A0, 0x1020, 0x2020, 0xC0E0, 0x0000,
    /* [156] '利' U+5229 */
    0x0C20, 0x70A0, 0x10A0, 0xFEA0, 0x10A0, 0x38A0, 0x34A0, 0x52A0,
    0x9020, 0x1020, 0x10E0, 0x0000,     /* [157] '到' U+5230 */
0xFE20, 0x1020, 0x20A0, 0x44A0,
    0xFEA0, 0x10A0, 0x7CA0, 0x10A0, 0x1020, 0x1E20, 0xE0E0, 0x0000,
    /* [158] '制' U+5236 */
    0x1020, 0x50A0, 0x7EA0, 0x90A0, 0xFEA0, 0x10A0, 0x7EA0, 0x52A0,
    0x5220, 0x5620, 0x10E0, 0x0000,     /* [159] '刷' U+5237 */
0x7E20, 0x4220, 0x7EA0, 0x48A0,
    0x48A0, 0x7EA0, 0x6AA0, 0xAAA0, 0xAAA0, 0x2E20, 0x08E0, 0x0000,
    /* [160] '前' U+524D */
    0x1080, 0x0900, 0x7FE0, 0x0000, 0x3D40, 0x2540, 0x3D40, 0x2540,
    0x3D40, 0x2440, 0x2DC0, 0x0000,     /* [161] '剑' U+5251 */
0x1820, 0x2420, 0x42A0, 0xBCA0,
    0x00A0, 0x24A0, 0x94A0, 0x54A0, 0x4820, 0x1E20, 0xE060, 0x0000,
    /* [162] '副' U+526F */
    0xFE20, 0x00A0, 0x7CA0, 0x44A0, 0x7CA0, 0x00A0, 0xFEA0, 0x92A0,
    0xFE20, 0x9220, 0xFEE0, 0x0000,     /* [163] '力' U+529B */
0x0400, 0x0400, 0x0400, 0x7FC0,
    0x0440, 0x0440, 0x0840, 0x0840, 0x1040, 0x2040, 0x4380, 0x0000,
    /* [164] '功' U+529F */
    0x0100, 0x0100, 0xF900, 0x27E0, 0x2120, 0x2120, 0x2120, 0x3A20,
    0xC220, 0x0420, 0x18C0, 0x0000,     /* [165] '加' U+52A0 */
0x2000, 0x2000, 0xFDE0, 0x2520,
    0x2520, 0x2520, 0x2520, 0x2520, 0x4520, 0x55E0, 0x8920, 0x0000,
    /* [166] '务' U+52A1 */
    0x1000, 0x1F80, 0x3100, 0x4A00, 0x0400, 0x1B00, 0xE4E0, 0x3F80,
    0x0880, 0x1080, 0x6300, 0x0000,     /* [167] '动' U+52A8 */
0x0100, 0x7900, 0x0100, 0x03E0,
    0xFD20, 0x2120, 0x2120, 0x4920, 0xFA20, 0x0A20, 0x04C0, 0x0000,
    /* [168] '劲' U+52B2 */
    0xFD00, 0x0900, 0x17E0, 0x2920, 0x4520, 0x8120, 0x7920, 0x1120,
    0x1220, 0x3A20, 0xC460, 0x0000,     /* [169] '劳' U+52B3 */
0x0900, 0x7FE0, 0x0900, 0x7FE0,
    0x4040, 0x0400, 0x3FC0, 0x0440, 0x0840, 0x1040, 0x6180, 0x0000,
    /* [170] '勇' U+52C7 */
    0x3FC0, 0x0900, 0x3FC0, 0x2440, 0x3FC0, 0x2440, 0x3FC0, 0x2440,
    0x7FE0, 0x0820, 0x71C0, 0x0000,     /* [171] '勒' U+52D2 */
0x5100, 0xF900, 0x5100, 0x77E0,
    0x2120, 0xF920, 0xA920, 0xF920, 0x2220, 0xFA20, 0x2460, 0x0000,
    /* [172] '匀' U+5300 */
    0x1000, 0x3FE0, 0x2020, 0x5820, 0x8620, 0x0020, 0x0320, 0x0C20,
    0x3020, 0x0020, 0x01C0, 0x0000,     /* [173] '包' U+5305 */
0x2000, 0x3FC0, 0x4040, 0x7E40,
    0xA240, 0x2240, 0x3E40, 0x2040, 0x21A0, 0x2020, 0x1FE0, 0x0000,
    /* [174] '化' U+5316 */
    0x1200, 0x1200, 0x2240, 0x2280, 0x6300, 0xA200, 0x2600, 0x2A00,
    0x2220, 0x2220, 0x21E0, 0x0000,     /* [175] '北' U+5317 */
0x1200, 0x1200, 0x1200, 0xF260,
    0x1380, 0x1200, 0x1200, 0x3200, 0x5220, 0x9220, 0x11E0, 0x0000,
    /* [176] '区' U+533A */
    0x7FC0, 0x4000, 0x5080, 0x4880, 0x4500, 0x4200, 0x4500, 0x4880,
    0x5080, 0x4000, 0x7FE0, 0x0000,     /* [177] '医' U+533B */
0x7FE0, 0x4800, 0x4800, 0x4FC0,
    0x5200, 0x7FE0, 0x4200, 0x4500, 0x4880, 0x5040, 0x7FE0, 0x0000,
    /* [178] '十' U+5341 */
    0x0400, 0x0400, 0x0400, 0x0400, 0xFFE0, 0x0400, 0x0400, 0x0400,
    0x0400, 0x0400, 0x0400, 0x0000,     /* [179] '千' U+5343 */
0x0380, 0x7C00, 0x0400, 0x0400,
    0xFFE0, 0x0400, 0x0400, 0x0400, 0x0400, 0x0400, 0x0400, 0x0000,
    /* [180] '升' U+5347 */
    0x0680, 0x3880, 0x0880, 0x0880, 0x0880, 0x7FE0, 0x0880, 0x0880,
    0x1080, 0x2080, 0x4080, 0x0000,     /* [181] '半' U+534A */
0x0400, 0x4440, 0x2480, 0x1500,
    0x7FC0, 0x0400, 0x0400, 0xFFE0, 0x0400, 0x0400, 0x0400, 0x0000,
    /* [182] '华' U+534E */
    0x1240, 0x2280, 0x6300, 0xAE20, 0x2220, 0x21E0, 0x0400, 0xFFE0,
    0x0400, 0x0400, 0x0400, 0x0000,     /* [183] '协' U+534F */
0x4200, 0x4200, 0x4F80, 0xE280,
    0x4280, 0x4AC0, 0x52A0, 0x4480, 0x4480, 0x4A80, 0x5100, 0x0000,
    /* [184] '卓' U+5353 */
    0x0400, 0x07C0, 0x0400, 0x3F80, 0x2080, 0x3F80, 0x2080, 0x3F80,
    0x0400, 0xFFE0, 0x0400, 0x0000,     /* [185] '单' U+5355 */
0x1100, 0x0A00, 0x7FC0, 0x4440,
    0x7FC0, 0x4440, 0x7FC0, 0x0400, 0xFFE0, 0x0400, 0x0400, 0x0000,
    /* [186] '卖' U+5356 */
    0x0400, 0x7FC0, 0x0400, 0xFFE0, 0x1040, 0x2A80, 0x1200, 0xFFE0,
    0x0200, 0x0D80, 0x7040, 0x0000,     /* [187] '南' U+5357 */
0x0400, 0xFFE0, 0x0400, 0x7FC0,
    0x5140, 0x4A40, 0x7FC0, 0x4440, 0x7FC0, 0x4440, 0x44C0, 0x0000,
    /* [188] '博' U+535A */
    0x4240, 0x5FE0, 0x4200, 0xEFC0, 0x4A40, 0x4FC0, 0x4A40, 0x7FE0,
    0x4880, 0x4480, 0x4180, 0x0000,     /* [189] '占' U+5360 */
0x0800, 0x0800, 0x0FC0, 0x0800,
    0x0800, 0x7F80, 0x4080, 0x4080, 0x4080, 0x7F80, 0x4080, 0x0000,
    /* [190] '卡' U+5361 */
    0x0800, 0x0F80, 0x0800, 0x0800, 0xFFE0, 0x0800, 0x0A00, 0x0900,
    0x0880, 0x0800, 0x0800, 0x0000,     /* [191] '卢' U+5362 */
0x0400, 0x07E0, 0x0400, 0x3FC0,
    0x2040, 0x2040, 0x3FC0, 0x2000, 0x2000, 0x4000, 0x8000, 0x0000,
    /* [192] '卧' U+5367 */
    0xFD00, 0x9100, 0x9100, 0xFD80, 0x8560, 0x8520, 0xFD00, 0x9100,
    0x9100, 0xFD00, 0x0100, 0x0000,     /* [193] '卫' U+536B */
0x0000, 0x7FC0, 0x0440, 0x0440,
    0x0440, 0x0540, 0x0480, 0x0400, 0x0400, 0x0400, 0x7FE0, 0x0000,
    /* [194] '危' U+5371 */
    0x1000, 0x1F80, 0x2100, 0x7FE0, 0x2000, 0x2F80, 0x2880, 0x2880,
    0x2B20, 0x4820, 0x87E0, 0x0000,     /* [195] '即' U+5373 */
0x7DE0, 0x4520, 0x7D20, 0x4520,
    0x7D20, 0x4520, 0x5120, 0x49A0, 0x5540, 0x6500, 0x0100, 0x0000,
    /* [196] '厂' U+5382 */
    0x0000, 0x3FE0, 0x2000, 0x2000, 0x2000, 0x2000, 0x2000, 0x2000,
    0x4000, 0x4000, 0x8000, 0x0000,     /* [197] '厅' U+5385 */
0x3FE0, 0x2000, 0x2000, 0x3FE0,
    0x2100, 0x2100, 0x2100, 0x2100, 0x4100, 0x4100, 0x8700, 0x0000,
    /* [198] '压' U+538B */
    0x3FE0, 0x2000, 0x2200, 0x2200, 0x2200, 0x3FC0, 0x2200, 0x2280,
    0x4240, 0x4200, 0xBFE0, 0x0000,     /* [199] '厚' U+539A */
0x3FE0, 0x2000, 0x2FC0, 0x2840,
    0x2FC0, 0x2840, 0x2FC0, 0x2080, 0x3FE0, 0x4100, 0x8700, 0x0000,
    /* [200] '原' U+539F */
    0x3FE0, 0x2200, 0x2FC0, 0x2840, 0x2FC0, 0x2840, 0x2FC0, 0x2200,
    0x2A80, 0x5260, 0xA620, 0x0000,     /* [201] '厦' U+53A6 */
0x7FE0, 0x4000, 0x5FE0, 0x4840,
    0x4F40, 0x4BC0, 0x4840, 0x4FC0, 0x4C80, 0x5300, 0xACE0, 0x0000,
    /* [202] '县' U+53BF */
    0x3F80, 0x2080, 0x3F80, 0x2080, 0x3F80, 0x2080, 0xFFE0, 0x0800,
    0x1080, 0x7FC0, 0x2040, 0x0000,     /* [203] '叁' U+53C1 */
0x0800, 0x1100, 0x3F80, 0x0440,
    0xFFE0, 0x2080, 0xDF60, 0x0000, 0x3F80, 0x0000, 0xFFE0, 0x0000,
    /* [204] '又' U+53C8 */
    0x0000, 0x7FC0, 0x1040, 0x1080, 0x0880, 0x0900, 0x0500, 0x0200,
    0x0600, 0x1980, 0xE060, 0x0000,     /* [205] '及' U+53CA */
0x7F00, 0x1100, 0x1200, 0x1200,
    0x17C0, 0x1040, 0x2880, 0x2500, 0x4200, 0x4580, 0x9860, 0x0000,
    /* [206] '友' U+53CB */
    0x0800, 0x0800, 0xFFE0, 0x0800, 0x1F80, 0x1880, 0x2880, 0x2500,
    0x4200, 0x8D80, 0x3060, 0x0000,     /* [207] '双' U+53CC */
0x0000, 0xFFE0, 0x0A40, 0x4A40,
    0x2A40, 0x1140, 0x1140, 0x2880, 0x4580, 0x8240, 0x0420, 0x0000,
    /* [208] '反' U+53CD */
    0x01C0, 0x3E00, 0x2000, 0x2000, 0x3FC0, 0x2880, 0x2500, 0x2200,
    0x4500, 0x4880, 0xB060, 0x0000,     /* [209] '发' U+53D1 */
0x2480, 0x2440, 0x4400, 0x7FE0,
    0x0800, 0x0F80, 0x0880, 0x1500, 0x2200, 0x4580, 0x9860, 0x0000,
    /* [210] '取' U+53D6 */
    0xFC00, 0x4BE0, 0x4A20, 0x7A20, 0x4940, 0x7940, 0x4880, 0x4C80,
    0xF940, 0x0A40, 0x0C20, 0x0000,     /* [211] '口' U+53E3 */
0x0000, 0x7FC0, 0x4040, 0x4040,
    0x4040, 0x4040, 0x4040, 0x4040, 0x7FC0, 0x4040, 0x0000, 0x0000,
    /* [212] '古' U+53E4 */
    0x0400, 0x0400, 0xFFE0, 0x0400, 0x0400, 0x3F80, 0x2080, 0x2080,
    0x2080, 0x3F80, 0x2080, 0x0000,     /* [213] '句' U+53E5 */
0x1000, 0x3FE0, 0x2020, 0x4020,
    0xBE20, 0x2220, 0x2220, 0x3E20, 0x2220, 0x0020, 0x00C0, 0x0000,
    /* [214] '叫' U+53EB */
    0x0020, 0x0220, 0x7A20, 0x4A20, 0x4A20, 0x4A20, 0x4AE0, 0x7B20,
    0x0020, 0x0020, 0x0020, 0x0000,     /* [215] '叮' U+53EE */
0x0FE0, 0xF080, 0x9080, 0x9080,
    0x9080, 0x9080, 0xF080, 0x9080, 0x0080, 0x0080, 0x0380, 0x0000,
    /* [216] '可' U+53EF */
    0x0000, 0xFFE0, 0x0080, 0x3C80, 0x2480, 0x2480, 0x3C80, 0x2480,
    0x0080, 0x0080, 0x0380, 0x0000,     /* [217] '台' U+53F0 */
0x0400, 0x0800, 0x1100, 0x2080,
    0x7FC0, 0x0040, 0x3F80, 0x2080, 0x2080, 0x2080, 0x3F80, 0x0000,
    /* [218] '右' U+53F3 */
    0x0400, 0x0400, 0xFFE0, 0x0800, 0x1000, 0x1F80, 0x3080, 0x5080,
    0x9080, 0x1F80, 0x1080, 0x0000,     /* [219] '叶' U+53F6 */
0x0100, 0xF100, 0x9100, 0x9100,
    0x9FE0, 0x9100, 0xF100, 0x9100, 0x0100, 0x0100, 0x0100, 0x0000,
    /* [220] '号' U+53F7 */
    0x3F80, 0x2080, 0x3F80, 0x0000, 0xFFE0, 0x0800, 0x1F80, 0x0080,
    0x0080, 0x0480, 0x0300, 0x0000,     /* [221] '司' U+53F8 */
0x7FC0, 0x0040, 0xFF40, 0x0040,
    0x7E40, 0x4240, 0x4240, 0x7E40, 0x0040, 0x0040, 0x0380, 0x0000,
    /* [222] '各' U+5404 */
    0x1000, 0x1F80, 0x3080, 0x4900, 0x0600, 0x0900, 0x3080, 0xDFE0,
    0x1080, 0x1080, 0x1F80, 0x0000,     /* [223] '合' U+5408 */
0x0400, 0x0A00, 0x1100, 0x2080,
    0xDF60, 0x0000, 0x3F80, 0x2080, 0x2080, 0x3F80, 0x2080, 0x0000,
    /* [224] '吉' U+5409 */
    0x0400, 0x0400, 0xFFE0, 0x0400, 0x7FC0, 0x0000, 0x3F80, 0x2080,
    0x2080, 0x3F80, 0x2080, 0x0000,     /* [225] '吊' U+540A */
0x3F80, 0x2080, 0x2080, 0x3F80,
    0x0400, 0x7FC0, 0x4440, 0x4440, 0x4440, 0x44C0, 0x0400, 0x0000,
    /* [226] '同' U+540C */
    0xFFC0, 0x8040, 0xBF40, 0x8040, 0x9E40, 0x9240, 0x9240, 0x9E40,
    0x9240, 0x8040, 0x80C0, 0x0000,     /* [227] '名' U+540D */
0x1000, 0x1FC0, 0x1080, 0x2900,
    0x4600, 0x0400, 0x1FC0, 0xF040, 0x1040, 0x1040, 0x1FC0, 0x0000,
    /* [228] '后' U+540E */
    0x01C0, 0x3E00, 0x2000, 0x3FE0, 0x2000, 0x2000, 0x2FC0, 0x2840,
    0x4840, 0x4FC0, 0x8840, 0x0000,     /* [229] '向' U+5411 */
0x0800, 0x1000, 0xFFC0, 0x8040,
    0x9E40, 0x9240, 0x9240, 0x9E40, 0x8040, 0x8040, 0x81C0, 0x0000,
    /* [230] '吕' U+5415 */
    0x3F80, 0x2080, 0x2080, 0x3F80, 0x2080, 0x0000, 0x7FC0, 0x4040,
    0x4040, 0x4040, 0x7FC0, 0x0000,     /* [231] '君' U+541B */
0x3FC0, 0x0440, 0xFFE0, 0x0840,
    0x3FC0, 0x1000, 0x2000, 0x5FC0, 0x9040, 0x1040, 0x1FC0, 0x0000,
    /* [232] '吧' U+5427 */
    0x0FC0, 0xE940, 0xA940, 0xA940, 0xA940, 0xAFC0, 0xE800, 0xA800,
    0x0820, 0x0820, 0x07E0, 0x0000,     /* [233] '吨' U+5428 */
0x0200, 0xE200, 0xBFE0, 0xA200,
    0xAA40, 0xAA40, 0xEFC0, 0x0200, 0x0220, 0x0220, 0x01E0, 0x0000,
    /* [234] '听' U+542C */
    0x00C0, 0xF700, 0x9400, 0x9400, 0x97E0, 0x9480, 0xF480, 0x0480,
    0x0880, 0x1080, 0x2080, 0x0000,     /* [235] '启' U+542F */
0x0400, 0x3FC0, 0x2040, 0x2040,
    0x3FC0, 0x2000, 0x3FC0, 0x3040, 0x5040, 0x5FC0, 0x9040, 0x0000,
    /* [236] '吴' U+5434 */
    0x3F80, 0x2080, 0x2080, 0x3F80, 0x0000, 0x3FC0, 0x0400, 0xFFE0,
    0x0A00, 0x1100, 0xE0E0, 0x0000,     /* [237] '吾' U+543E */
0x7FC0, 0x0400, 0x3F80, 0x0880,
    0x0880, 0xFFE0, 0x0000, 0x3F80, 0x2080, 0x2080, 0x3F80, 0x0000,
    /* [238] '呢' U+5462 */
    0x0FC0, 0xE840, 0xA840, 0xAFC0, 0xA800, 0xAA20, 0xEAC0, 0xAB00,
    0x0A20, 0x1220, 0x61E0, 0x0000,     /* [239] '周' U+5468 */
0x3FE0, 0x2220, 0x2FA0, 0x2220,
    0x3FE0, 0x2020, 0x2FA0, 0x28A0, 0x4FA0, 0x4020, 0x8060, 0x0000,
    /* [240] '呼' U+547C */
    0x00C0, 0xEF00, 0xA120, 0xA920, 0xA540, 0xBFE0, 0xE100, 0xA100,
    0x0100, 0x0100, 0x0700, 0x0000,     /* [241] '命' U+547D */
0x0400, 0x0A00, 0x1100, 0xEEE0,
    0x0000, 0x7BC0, 0x4A40, 0x4A40, 0x7A40, 0x4AC0, 0x0200, 0x0000,
    /* [242] '和' U+548C */
    0x0C00, 0x7000, 0x11E0, 0xFD20, 0x1120, 0x3920, 0x3520, 0x5520,
    0x9120, 0x11E0, 0x1000, 0x0000,     /* [243] '咚' U+549A */
0x0200, 0xE3C0, 0xA440, 0xAA80,
    0xA100, 0xA280, 0xEC60, 0xB300, 0x0080, 0x0600, 0x0180, 0x0000,
    /* [244] '咸' U+54B8 */
    0x0140, 0x0120, 0x7FE0, 0x4100, 0x5D40, 0x4140, 0x5D80, 0x5480,
    0x5DA0, 0x4260, 0x8C20, 0x0000,     /* [245] '哈' U+54C8 */
0x0100, 0x0100, 0xF280, 0x9440,
    0x9FE0, 0x9000, 0x97C0, 0xF440, 0x9440, 0x07C0, 0x0440, 0x0000,
    /* [246] '响' U+54CD */
    0x0100, 0x0200, 0xEFE0, 0xA820, 0xABA0, 0xAAA0, 0xAAA0, 0xEBA0,
    0x0820, 0x0820, 0x0860, 0x0000,     /* [247] '哥' U+54E5 */
0x7FE0, 0x0080, 0x3C80, 0x2480,
    0x3C80, 0x7FE0, 0x0080, 0x3C80, 0x2480, 0x3C80, 0x0380, 0x0000,
    /* [248] '唐' U+5510 */
    0x0400, 0x0200, 0x7FE0, 0x4240, 0x7FE0, 0x4240, 0x5FC0, 0x4200,
    0x5FC0, 0x5040, 0x9FC0, 0x0000,     /* [249] '商' U+5546 */
0x0400, 0xFFE0, 0x1100, 0x7FC0,
    0x4A40, 0x5140, 0x7FC0, 0x5140, 0x5F40, 0x5140, 0x40C0, 0x0000,
    /* [250] '啊' U+554A */
    0x3BE0, 0xE820, 0xA820, 0xB3A0, 0xAAA0, 0xAAA0, 0xEBA0, 0xB820,
    0x2020, 0x2020, 0x20E0, 0x0000,     /* [251] '喀' U+5580 */
0x0100, 0xEFE0, 0xA820, 0xA7C0,
    0xAC40, 0xA380, 0xA440, 0xEFE0, 0x0440, 0x07C0, 0x0440, 0x0000,
    /* [252] '善' U+5584 */
    0x1100, 0xFFE0, 0x0400, 0x7FC0, 0x0400, 0xFFE0, 0x1100, 0xFFE0,
    0x2080, 0x2080, 0x3F80, 0x0000,     /* [253] '嗨' U+55E8 */
0x1200, 0x0BE0, 0xE400, 0xB3E0,
    0xAAA0, 0xA2A0, 0xA7E0, 0xFAA0, 0x0BE0, 0x0820, 0x08C0, 0x0000,
    /* [254] '嘉' U+5609 */
    0x0400, 0xFFE0, 0x0400, 0x7FC0, 0x2080, 0x3F80, 0x1100, 0xFFE0,
    0x2A40, 0x4A40, 0x9BC0, 0x0000,     /* [255] '嘴' U+5634 */
0x02A0, 0xEBC0, 0xAAA0, 0xBFE0,
    0xA480, 0xAFE0, 0xF920, 0x0FE0, 0x0920, 0x0FE0, 0x1120, 0x0000,
    /* [256] '器' U+5668 */
    0x7BC0, 0x4A40, 0x4A40, 0x7BC0, 0x0480, 0xFFE0, 0x1100, 0xFBE0,
    0x4A40, 0x4A40, 0x7BC0, 0x0000,     /* [257] '噪' U+566A */
0x0780, 0xE480, 0xA780, 0xBDE0,
    0xA520, 0xBDE0, 0xE200, 0x1FE0, 0x0A80, 0x1240, 0x2220, 0x0000,
    /* [258] '四' U+56DB */
    0x0000, 0x7FC0, 0x4A40, 0x4A40, 0x4A40, 0x4A40, 0x53C0, 0x6040,
    0x4040, 0x7FC0, 0x4040, 0x0000,     /* [259] '回' U+56DE */
0x7FE0, 0x4020, 0x4020, 0x4F20,
    0x4920, 0x4920, 0x4F20, 0x4920, 0x4020, 0x7FE0, 0x4020, 0x0000,
    /* [260] '团' U+56E2 */
    0x7FE0, 0x4220, 0x4220, 0x7FA0, 0x4220, 0x4620, 0x4A20, 0x5220,
    0x4620, 0x4020, 0x7FE0, 0x0000,     /* [261] '园' U+56ED */
0x7FE0, 0x4020, 0x5F20, 0x4020,
    0x7FA0, 0x4A20, 0x4AA0, 0x52A0, 0x61A0, 0x4020, 0x7FE0, 0x0000,
    /* [262] '围' U+56F4 */
    0x7FE0, 0x4420, 0x7FA0, 0x4420, 0x5F20, 0x4420, 0x7FA0, 0x44A0,
    0x4520, 0x7FE0, 0x4020, 0x0000,     /* [263] '固' U+56FA */
0x7FE0, 0x4420, 0x4420, 0x7FA0,
    0x4420, 0x5F20, 0x5120, 0x5120, 0x5F20, 0x4020, 0x7FE0, 0x0000,
    /* [264] '国' U+56FD */
    0x7FE0, 0x4020, 0x5FA0, 0x4420, 0x4420, 0x5FA0, 0x4520, 0x44A0,
    0x7FE0, 0x4020, 0x7FE0, 0x0000,     /* [265] '圆' U+5706 */
0xFFE0, 0x8020, 0x9F20, 0x9120,
    0xBFA0, 0xA0A0, 0xA4A0, 0xA4A0, 0x8A20, 0x9120, 0xFFE0, 0x0000,
    /* [266] '圈' U+5708 */
    0xFFE0, 0x9520, 0xBFA0, 0x8820, 0xBFA0, 0x9120, 0xBEE0, 0xD2A0,
    0x9FA0, 0x8020, 0xFFE0, 0x0000,     /* [267] '土' U+571F */
0x0400, 0x0400, 0x0400, 0x0400,
    0x7FC0, 0x0400, 0x0400, 0x0400, 0x0400, 0x0400, 0xFFE0, 0x0000,
    /* [268] '圣' U+5723 */
    0x7FC0, 0x1080, 0x0900, 0x0600, 0x1980, 0xE460, 0x0400, 0x3F80,
    0x0400, 0x0400, 0xFFE0, 0x0000,     /* [269] '在' U+5728 */
0x0400, 0x0400, 0x7FE0, 0x0800,
    0x1100, 0x3100, 0x57C0, 0x1100, 0x1100, 0x1100, 0x1FE0, 0x0000,
    /* [270] '地' U+5730 */
    0x2100, 0x2500, 0x2540, 0xF5C0, 0x2740, 0x2D40, 0x2540, 0x25C0,
    0x3520, 0xC420, 0x03E0, 0x0000,     /* [271] '圳' U+5733 */
0x2420, 0x2520, 0x2520, 0xFD20,
    0x2520, 0x2520, 0x2520, 0x3D20, 0xC920, 0x1020, 0x2020, 0x0000,
    /* [272] '场' U+573A */
    0x2FC0, 0x2080, 0x2100, 0xF200, 0x2FE0, 0x22A0, 0x24A0, 0x3920,
    0xC220, 0x0C20, 0x00C0, 0x0000,     /* [273] '址' U+5740 */
0x2100, 0x2100, 0x2100, 0xFD00,
    0x25E0, 0x2500, 0x2500, 0x2500, 0x3D00, 0xC500, 0x1FE0, 0x0000,
    /* [274] '坊' U+574A */
    0x2200, 0x2100, 0x27E0, 0xFA00, 0x23C0, 0x2240, 0x2240, 0x3A40,
    0xC240, 0x0440, 0x1980, 0x0000,     /* [275] '坏' U+574F */
0x2000, 0x2FE0, 0x2080, 0xF880,
    0x2100, 0x2180, 0x2340, 0x3520, 0xC920, 0x0100, 0x0100, 0x0000,
    /* [276] '坐' U+5750 */
    0x0400, 0x2480, 0x2480, 0x2480, 0x5540, 0x8E20, 0x0400, 0x7FC0,
    0x0400, 0x0400, 0xFFE0, 0x0000,     /* [277] '坛' U+575B */
0x2000, 0x27C0, 0x2000, 0xF000,
    0x2FE0, 0x2100, 0x2200, 0x3200, 0xC440, 0x1FE0, 0x0820, 0x0000,
    /* [278] '坝' U+575D */
    0x27E0, 0x2420, 0x2520, 0xFD20, 0x2520, 0x2520, 0x2520, 0x3D20,
    0xE280, 0x0440, 0x0820, 0x0000,     /* [279] '坡' U+5761 */
0x2080, 0x2080, 0x27E0, 0xFCA0,
    0x2480, 0x27C0, 0x2D40, 0x3540, 0xE480, 0x0940, 0x1620, 0x0000,
    /* [280] '坦' U+5766 */
    0x2000, 0x27C0, 0x2440, 0x2440, 0xFFC0, 0x2440, 0x2440, 0x27C0,
    0x3800, 0xC000, 0x0FE0, 0x0000,     /* [281] '坪' U+576A */
0x2FE0, 0x2100, 0x2920, 0xF520,
    0x2540, 0x2100, 0x2FE0, 0x3100, 0xC100, 0x0100, 0x0100, 0x0000,
    /* [282] '坻' U+577B */
    0x2060, 0x2780, 0x2480, 0xFC80, 0x27E0, 0x2480, 0x2480, 0x3C80,
    0xE540, 0x06A0, 0x00A0, 0x0000,     /* [283] '型' U+578B */
0x7E40, 0x2940, 0x2940, 0xFF40,
    0x2940, 0x2840, 0x4CC0, 0x0400, 0x3F80, 0x0400, 0xFFE0, 0x0000,
    /* [284] '垣' U+57A3 */
    0x2FE0, 0x2000, 0x27C0, 0xF440, 0x2440, 0x27C0, 0x2440, 0x37C0,
    0xC440, 0x0000, 0x0FE0, 0x0000,     /* [285] '垦' U+57A6 */
0x7F80, 0x4080, 0x7F80, 0x4080,
    0x7FA0, 0x4940, 0xF080, 0x0460, 0x7FC0, 0x0400, 0xFFE0, 0x0000,
    /* [286] '垫' U+57AB */
    0x2200, 0xFF80, 0x2280, 0x36A0, 0xE3A0, 0x2CE0, 0x6400, 0x0400,
    0x3FC0, 0x0400, 0xFFE0, 0x0000,     /* [287] '垭' U+57AD */
0x2FE0, 0x2280, 0x2280, 0xF2A0,
    0x2AA0, 0x26C0, 0x2280, 0x3280, 0xC280, 0x0280, 0x0FE0, 0x0000,
    /* [288] '城' U+57CE */
    0x40C0, 0x40A0, 0x4FE0, 0xF880, 0x4EA0, 0x4AA0, 0x5AC0, 0x6A80,
    0xD6A0, 0x1160, 0x2220, 0x0000,     /* [289] '埗' U+57D7 */
0x2100, 0x2500, 0x25C0, 0xF500,
    0x2FE0, 0x2100, 0x2520, 0x3540, 0xC980, 0x0100, 0x0E00, 0x0000,
    /* [290] '埠' U+57E0 */
    0x2200, 0x27C0, 0x2440, 0xF7C0, 0x2400, 0x27C0, 0x2440, 0x37C0,
    0xC100, 0x0FE0, 0x0100, 0x0000,     /* [291] '基' U+57FA */
0x1100, 0x7FC0, 0x1100, 0x1D00,
    0x1700, 0x1100, 0xFFE0, 0x2480, 0xDF60, 0x0400, 0xFFE0, 0x0000,
    /* [292] '堂' U+5802 */
    0x2480, 0x1500, 0xFFE0, 0x8020, 0xBFA0, 0x2080, 0x3F80, 0x0400,
    0x3FC0, 0x0400, 0xFFE0, 0x0000,     /* [293] '堡' U+5821 */
0x2FC0, 0x2840, 0x2FC0, 0x6200,
    0xBFE0, 0x2A80, 0x3260, 0x0400, 0x7FC0, 0x0400, 0xFFE0, 0x0000,
    /* [294] '堰' U+5830 */
    0x4FE0, 0x4A40, 0x4BC0, 0xFA40, 0x4BC0, 0x4900, 0x4FE0, 0x7A40,
    0xC980, 0x0A40, 0x0FE0, 0x0000,     /* [295] '塔' U+5854 */
0x2440, 0x2FE0, 0x2540, 0xFA80,
    0x2440, 0x2BA0, 0x2000, 0x3FC0, 0xE440, 0x07C0, 0x0440, 0x0000,
    /* [296] '塘' U+5858 */
    0x4100, 0x4FE0, 0x4900, 0xFFC0, 0x4940, 0x4FE0, 0x7940, 0xCFC0,
    0x0C40, 0x17C0, 0x2440, 0x0000,     /* [297] '塞' U+585E */
0x0400, 0xFFE0, 0x9120, 0x7FC0,
    0x1100, 0xFFE0, 0x1100, 0x2480, 0x5F40, 0x0400, 0xFFE0, 0x0000,
    /* [298] '墙' U+5899 */
    0x4100, 0x4FE0, 0x4920, 0xF540, 0x4FE0, 0x4000, 0x4FE0, 0x7820,
    0xCBA0, 0x0AA0, 0x0FE0, 0x0000,     /* [299] '增' U+589E */
0x2440, 0x2280, 0x2FE0, 0xF920,
    0x2BA0, 0x2920, 0x2FE0, 0x2440, 0x37C0, 0xC440, 0x07C0, 0x0000,
    /* [300] '墨' U+58A8 */
    0x7FC0, 0x5540, 0x7FC0, 0x0400, 0x3F80, 0x0400, 0xFFE0, 0x5540,
    0xBFA0, 0x0400, 0xFFE0, 0x0000,     /* [301] '墩' U+58A9 */
0x4480, 0x5F80, 0x4AE0, 0xEFA0,
    0x40A0, 0x5FA0, 0x42A0, 0x64A0, 0xDE40, 0x04A0, 0x0D20, 0x0000,
    /* [302] '壁' U+58C1 */
    0x7C80, 0x47E0, 0x7D40, 0x43E0, 0x7C80, 0x67E0, 0xBC80, 0x0400,
    0x7FC0, 0x0400, 0xFFE0, 0x0000,     /* [303] '士' U+58EB */
0x0400, 0x0400, 0x0400, 0x0400,
    0xFFE0, 0x0400, 0x0400, 0x0400, 0x0400, 0x0400, 0x7FC0, 0x0000,
    /* [304] '声' U+58F0 */
    0x0400, 0xFFE0, 0x0400, 0x3FC0, 0x0000, 0x3FC0, 0x2440, 0x3FC0,
    0x2000, 0x4000, 0x8000, 0x0000,     /* [305] '壶' U+58F6 */
0x0400, 0xFFE0, 0x0400, 0x7FC0,
    0x0000, 0xFFE0, 0x8920, 0x2940, 0x1980, 0x0900, 0xFFE0, 0x0000,
    /* [306] '备' U+5907 */
    0x1000, 0x1F80, 0x3100, 0x4E00, 0x0B00, 0x30E0, 0xFF80, 0x2480,
    0x3F80, 0x2480, 0x3F80, 0x0000,     /* [307] '复' U+590D */
0x2000, 0x3FE0, 0x6080, 0xBF80,
    0x2080, 0x3F80, 0x1000, 0x3F80, 0xC900, 0x0600, 0xF9E0, 0x0000,
    /* [308] '夏' U+590F */
    0xFFE0, 0x0400, 0x1F80, 0x1080, 0x1C80, 0x1780, 0x1080, 0x3F80,
    0x4900, 0x8600, 0x39E0, 0x0000,     /* [309] '夕' U+5915 */
0x0800, 0x0840, 0x0FE0, 0x1040,
    0x2880, 0x4480, 0x0500, 0x0100, 0x0200, 0x0C00, 0xF000, 0x0000,
    /* [310] '外' U+5916 */
    0x2100, 0x2100, 0x3D00, 0x2500, 0x4580, 0xA540, 0x1920, 0x0900,
    0x1100, 0x2100, 0x4100, 0x0000,     /* [311] '多' U+591A */
0x0400, 0x0F80, 0x1080, 0x2900,
    0x0600, 0x1A00, 0x67C0, 0x0840, 0x3480, 0x0300, 0x7C00, 0x0000,
    /* [312] '夜' U+591C */
    0x0400, 0xFFE0, 0x1200, 0x13C0, 0x2640, 0x6940, 0xB480, 0x2280,
    0x2100, 0x2280, 0x2C60, 0x0000,     /* [313] '大' U+5927 */
0x0400, 0x0400, 0x0400, 0xFFE0,
    0x0400, 0x0400, 0x0A00, 0x0A00, 0x1100, 0x2080, 0xC060, 0x0000,
    /* [314] '天' U+5929 */
    0x7FC0, 0x0400, 0x0400, 0x0400, 0xFFE0, 0x0400, 0x0A00, 0x0A00,
    0x1100, 0x2080, 0xC060, 0x0000,     /* [315] '太' U+592A */
0x0400, 0x0400, 0x0400, 0xFFE0,
    0x0400, 0x0A00, 0x0A00, 0x1100, 0x1900, 0x2480, 0xC460, 0x0000,
    /* [316] '夫' U+592B */
    0x0400, 0x0400, 0x7FC0, 0x0400, 0x0400, 0xFFE0, 0x0400, 0x0A00,
    0x1100, 0x2080, 0xC060, 0x0000,     /* [317] '头' U+5934 */
0x1200, 0x0A00, 0x2200, 0x1200,
    0x0200, 0xFFE0, 0x0200, 0x0500, 0x0880, 0x1040, 0x6020, 0x0000,
    /* [318] '夷' U+5937 */
    0x0400, 0xFFE0, 0x0400, 0x7FC0, 0x0440, 0x7FC0, 0x4400, 0x7FE0,
    0x0A20, 0x3180, 0xC060, 0x0000,     /* [319] '奇' U+5947 */
0x0400, 0x7FC0, 0x0A00, 0x1100,
    0xFFE0, 0x0080, 0x3E80, 0x2280, 0x3E80, 0x0080, 0x0180, 0x0000,
    /* [320] '奉' U+5949 */
    0x0400, 0x7FC0, 0x0800, 0x3F80, 0x1000, 0xFFE0, 0x2480, 0x5F40,
    0x8420, 0x7FC0, 0x0400, 0x0000,     /* [321] '奎' U+594E */
0x0800, 0x7FC0, 0x1100, 0x2480,
    0xDF60, 0x0400, 0x7FC0, 0x0400, 0x3F80, 0x0400, 0x7FC0, 0x0000,
    /* [322] '套' U+5957 */
    0x0800, 0xFFE0, 0x1080, 0x3F40, 0xD020, 0x1F00, 0x1000, 0xFFE0,
    0x0800, 0x1080, 0x3FC0, 0x0000,     /* [323] '好' U+597D */
0x2000, 0x23E0, 0xF840, 0x2880,
    0x2880, 0x4FE0, 0x5080, 0x3080, 0x2880, 0x4880, 0x8380, 0x0000,
    /* [324] '如' U+5982 */
    0x2000, 0x2000, 0xFBE0, 0x2A20, 0x2A20, 0x4A20, 0x4A20, 0x3220,
    0x33E0, 0x4A20, 0x8000, 0x0000,     /* [325] '始' U+59CB */
0x2100, 0x2100, 0xFA40, 0x2A20,
    0x2FE0, 0x4800, 0x53E0, 0x3220, 0x2A20, 0x4BE0, 0x8220, 0x0000,
    /* [326] '姑' U+59D1 */
    0x2080, 0x2080, 0xFFE0, 0x2880, 0x2880, 0x4BE0, 0x5220, 0x3220,
    0x2A20, 0x4BE0, 0x8220, 0x0000,     /* [327] '姚' U+59DA */
0x2280, 0x2280, 0xFAA0, 0x56C0,
    0x5280, 0x52C0, 0x96A0, 0x6A80, 0x22A0, 0x54A0, 0x8860, 0x0000,
    /* [328] '姜' U+59DC */
    0x1100, 0xFFE0, 0x0400, 0x7FC0, 0x0400, 0xFFE0, 0x0800, 0xFFE0,
    0x1100, 0x0E00, 0xF1E0, 0x0000,     /* [329] '威' U+5A01 */
0x0140, 0x0120, 0x7FE0, 0x4100,
    0x5D20, 0x4920, 0x7F40, 0x5540, 0x4CA0, 0x9360, 0xA420, 0x0000,
    /* [330] '娄' U+5A04 */
    0x2480, 0x1500, 0xFFE0, 0x1500, 0x2480, 0xC460, 0x0800, 0xFFE0,
    0x1100, 0x0F00, 0xF8E0, 0x0000,     /* [331] '娱' U+5A31 */
0x27C0, 0x2440, 0xFC40, 0x57C0,
    0x5000, 0x97C0, 0x5100, 0x2FE0, 0x2280, 0x5440, 0x8820, 0x0000,
    /* [332] '嫂' U+5AC2 */
    0x4100, 0x4DE0, 0xF920, 0xAF60, 0xA920, 0xAFE0, 0xA100, 0x6FC0,
    0x3480, 0x4300, 0x9CE0, 0x0000,     /* [333] '子' U+5B50 */
0x3F80, 0x0100, 0x0200, 0x0400,
    0x0400, 0xFFE0, 0x0400, 0x0400, 0x0400, 0x1400, 0x0800, 0x0000,
    /* [334] '孔' U+5B54 */
    0x7D00, 0x0500, 0x0900, 0x1100, 0x1100, 0x1D00, 0xF100, 0x1120,
    0x1120, 0x1120, 0x70E0, 0x0000,     /* [335] '字' U+5B57 */
0x0400, 0x7FE0, 0x4020, 0x9F40,
    0x0200, 0x0400, 0xFFE0, 0x0400, 0x0400, 0x0400, 0x1C00, 0x0000,
    /* [336] '存' U+5B58 */
    0x0800, 0xFFE0, 0x1000, 0x2FC0, 0x2080, 0x6100, 0xBFE0, 0x2100,
    0x2100, 0x2100, 0x2700, 0x0000,     /* [337] '孙' U+5B59 */
0xF100, 0x1100, 0x2100, 0x2540,
    0x3540, 0xE520, 0x2920, 0x2920, 0x2100, 0x2100, 0xE700, 0x0000,
    /* [338] '孝' U+5B5D */
    0x0420, 0x3FC0, 0x0500, 0xFFE0, 0x0400, 0x1F80, 0x6100, 0x8200,
    0x7FE0, 0x0200, 0x0600, 0x0000,     /* [339] '孟' U+5B5F */
0x3FC0, 0x0100, 0x0200, 0x7FE0,
    0x0200, 0x0A00, 0x0400, 0x3FC0, 0x2940, 0x2940, 0x7FE0, 0x0000,
    /* [340] '学' U+5B66 */
    0x2440, 0x1280, 0x7FE0, 0x4020, 0x1F80, 0x0100, 0x0200, 0x7FE0,
    0x0200, 0x0200, 0x0E00, 0x0000,     /* [341] '宁' U+5B81 */
0x0200, 0x7FE0, 0x4020, 0x0000,
    0x7FE0, 0x0200, 0x0200, 0x0200, 0x0200, 0x0200, 0x0E00, 0x0000,
    /* [342] '它' U+5B83 */
    0x0400, 0x7FE0, 0x4020, 0x9040, 0x1000, 0x1380, 0x1C00, 0x1000,
    0x1020, 0x1020, 0x0FE0, 0x0000,     /* [343] '守' U+5B88 */
0x0400, 0x0200, 0x7FE0, 0x4040,
    0x8200, 0x7FC0, 0x0200, 0x2200, 0x1200, 0x0200, 0x0E00, 0x0000,
    /* [344] '安' U+5B89 */
    0x0400, 0x7FE0, 0x4020, 0x8840, 0x0800, 0xFFE0, 0x1100, 0x3100,
    0x0E00, 0x0980, 0x7060, 0x0000,     /* [345] '宋' U+5B8B */
0x0400, 0x7FE0, 0x4020, 0x8440,
    0x0400, 0xFFE0, 0x0E00, 0x1500, 0x2480, 0xC460, 0x0400, 0x0000,
    /* [346] '完' U+5B8C */
    0x0400, 0x7FE0, 0x4020, 0x9F40, 0x0000, 0x7FE0, 0x0A00, 0x1200,
    0x1220, 0x2220, 0x41E0, 0x0000,     /* [347] '宏' U+5B8F */
0x0400, 0x7FE0, 0x4420, 0x8440,
    0x7FE0, 0x0800, 0x0A00, 0x1200, 0x2480, 0x4860, 0x1FA0, 0x0000,
    /* [348] '官' U+5B98 */
    0x0400, 0x7FE0, 0x4020, 0x9FC0, 0x1080, 0x1F80, 0x1000, 0x1FC0,
    0x1040, 0x1FC0, 0x1040, 0x0000,     /* [349] '定' U+5B9A */
0x0400, 0x7FE0, 0x4020, 0x8040,
    0x3FC0, 0x0400, 0x2400, 0x2780, 0x2400, 0x5400, 0x8FE0, 0x0000,
    /* [350] '宜' U+5B9C */
    0x0400, 0x7FE0, 0x4020, 0x9FC0, 0x1080, 0x1F80, 0x1080, 0x1F80,
    0x1080, 0x1080, 0x7FE0, 0x0000,     /* [351] '宝' U+5B9D */
0x0800, 0x0400, 0xFFE0, 0x8020,
    0x3F80, 0x0400, 0x0400, 0x3F80, 0x0500, 0x0480, 0xFFE0, 0x0000,
    /* [352] '实' U+5B9E */
    0x0200, 0x7FE0, 0x5020, 0x8A40, 0x2200, 0x1200, 0x7FE0, 0x0200,
    0x0500, 0x0880, 0x7060, 0x0000,     /* [353] '审' U+5BA1 */
0x0400, 0xFFE0, 0x8420, 0x7FC0,
    0x4440, 0x7FC0, 0x4440, 0x7FC0, 0x4440, 0x0400, 0x0400, 0x0000,
    /* [354] '客' U+5BA2 */
    0x0400, 0x7FE0, 0x4820, 0x1F80, 0x2900, 0x4600, 0x1980, 0x7FE0,
    0x1080, 0x1080, 0x1F80, 0x0000,     /* [355] '宣' U+5BA3 */
0x0400, 0xFFE0, 0x8020, 0x3F80,
    0x0000, 0x3F80, 0x2080, 0x3F80, 0x2080, 0x3F80, 0xFFE0, 0x0000,
    /* [356] '室' U+5BA4 */
    0x0400, 0xFFE0, 0x8020, 0xBFA0, 0x0800, 0x1100, 0x3E80, 0x0400,
    0x3F80, 0x0400, 0xFFE0, 0x0000,     /* [357] '宫' U+5BAB */
0x0400, 0x7FE0, 0x4020, 0x1F80,
    0x1080, 0x1F80, 0x0000, 0x3FC0, 0x2040, 0x3FC0, 0x2040, 0x0000,
    /* [358] '家' U+5BB6 */
    0x0400, 0xFFE0, 0x8020, 0xBFA0, 0x1440, 0x2A80, 0x1300, 0x6E80,
    0x1240, 0x6220, 0x0C00, 0x0000,     /* [359] '容' U+5BB9 */
0x0400, 0xFFE0, 0x9120, 0x2480,
    0x4A40, 0x1100, 0x2080, 0xDF60, 0x1100, 0x1100, 0x1F00, 0x0000,
    /* [360] '宽' U+5BBD */
    0x0400, 0xFFE0, 0x9120, 0x7FC0, 0x1100, 0x3F80, 0x2480, 0x2480,
    0x2AA0, 0x1220, 0xE1E0, 0x0000,     /* [361] '宾' U+5BBE */
0x0400, 0xFFE0, 0x80A0, 0x9F20,
    0x1000, 0x1FC0, 0x1100, 0x1100, 0xFFE0, 0x1100, 0xE0E0, 0x0000,
    /* [362] '宿' U+5BBF */
    0x0400, 0xFFE0, 0x9020, 0x1FC0, 0x2100, 0x67C0, 0xA440, 0x27C0,
    0x2440, 0x27C0, 0x2440, 0x0000,     /* [363] '密' U+5BC6 */
0x0400, 0xFFE0, 0x88A0, 0x5500,
    0x9240, 0x14A0, 0xEFA0, 0x0400, 0x2480, 0x2480, 0x3F80, 0x0000,
    /* [364] '富' U+5BCC */
    0x0400, 0xFFE0, 0x8020, 0x3F80, 0x1F00, 0x1100, 0x7FC0, 0x4440,
    0x7FC0, 0x4440, 0x7FC0, 0x0000,     /* [365] '寒' U+5BD2 */
0x0400, 0xFFE0, 0x8920, 0xBFA0,
    0x0900, 0xFFE0, 0x0900, 0x1480, 0xE360, 0x0C00, 0x0300, 0x0000,
    /* [366] '寨' U+5BE8 */
    0x0400, 0xFFE0, 0x9120, 0x3F80, 0x1100, 0xFFE0, 0x2480, 0x5F40,
    0x8420, 0x2480, 0x4C40, 0x0000,     /* [367] '寮' U+5BEE */
0x0400, 0xFFE0, 0x8420, 0xFFE0,
    0x5240, 0x3F80, 0xE0E0, 0x3F80, 0x1500, 0x2480, 0xCC60, 0x0000,
    /* [368] '对' U+5BF9 */
    0x0080, 0xF080, 0x1FE0, 0x9080, 0x5080, 0x2480, 0x2280, 0x5080,
    0x5080, 0x8280, 0x0100, 0x0000,     /* [369] '寺' U+5BFA */
0x0400, 0x7FC0, 0x0400, 0x0400,
    0xFFE0, 0x0100, 0xFFE0, 0x2100, 0x1100, 0x0500, 0x0200, 0x0000,
    /* [370] '导' U+5BFC */
    0x3F80, 0x2080, 0x3FA0, 0x2020, 0x1FE0, 0x0100, 0xFFE0, 0x1100,
    0x0900, 0x0900, 0x0300, 0x0000,     /* [371] '寿' U+5BFF */
0x0400, 0x7FE0, 0x0400, 0x3FC0,
    0x0800, 0xFFE0, 0x1080, 0x3FE0, 0x4880, 0x0480, 0x0180, 0x0000,
    /* [372] '封' U+5C01 */
    0x1040, 0x7C40, 0x1040, 0x13E0, 0xFC40, 0x1240, 0x7D40, 0x1040,
    0x1040, 0x1C40, 0xE1C0, 0x0000,     /* [373] '射' U+5C04 */
0x2040, 0x7C40, 0x4440, 0x7FE0,
    0x4440, 0x7E40, 0x4540, 0xFC40, 0x2440, 0x4440, 0x8CC0, 0x0000,
    /* [374] '尉' U+5C09 */
    0x7E40, 0x4240, 0x7E40, 0x41E0, 0x5C40, 0x4140, 0x7EC0, 0x4840,
    0x5C40, 0xEA40, 0x99C0, 0x0000,     /* [375] '小' U+5C0F */
0x0400, 0x0400, 0x0400, 0x2480,
    0x2440, 0x4440, 0x4420, 0x8420, 0x0400, 0x1400, 0x0800, 0x0000,
    /* [376] '少' U+5C11 */
    0x0400, 0x0400, 0x1480, 0x1440, 0x2420, 0x4480, 0x0500, 0x0200,
    0x0400, 0x1800, 0xE000, 0x0000,     /* [377] '尔' U+5C14 */
0x1000, 0x1FE0, 0x2020, 0x4240,
    0x0200, 0x1280, 0x1240, 0x2240, 0x2220, 0x4220, 0x0E00, 0x0000,
    /* [378] '尖' U+5C16 */
    0x0400, 0x1500, 0x2480, 0x4440, 0x8020, 0x0400, 0xFFE0, 0x0400,
    0x0A00, 0x3180, 0xC060, 0x0000,     /* [379] '尚' U+5C1A */
0x4440, 0x2480, 0x1500, 0xFFE0,
    0x8020, 0x9F20, 0x9120, 0x9120, 0x9F20, 0x8020, 0x80E0, 0x0000,
    /* [380] '尤' U+5C24 */
    0x0900, 0x0880, 0x0800, 0xFFE0, 0x0A00, 0x0A00, 0x1200, 0x1200,
    0x2220, 0x4220, 0x81E0, 0x0000,     /* [381] '尧' U+5C27 */
0x13C0, 0xFD00, 0x0A40, 0x0C40,
    0x73C0, 0x0000, 0xFFE0, 0x1200, 0x1220, 0x2220, 0xC1E0, 0x0000,
    /* [382] '就' U+5C31 */
    0x1100, 0xFD40, 0x0120, 0x7FE0, 0x4A80, 0x7A80, 0x1280, 0x5AA0,
    0x56A0, 0x92A0, 0x3460, 0x0000,     /* [383] '尾' U+5C3E */
0x3FC0, 0x2040, 0x3FC0, 0x2180,
    0x3E00, 0x23C0, 0x3E00, 0x23C0, 0x3E20, 0x4220, 0x83E0, 0x0000,
    /* [384] '局' U+5C40 */
    0x3FC0, 0x2040, 0x3FC0, 0x2000, 0x3FE0, 0x2020, 0x2F20, 0x2920,
    0x4F20, 0x4920, 0x80C0, 0x0000,     /* [385] '层' U+5C42 */
0x3FC0, 0x2040, 0x3FC0, 0x2000,
    0x2FC0, 0x2000, 0x3FE0, 0x2200, 0x2480, 0x4840, 0x8FE0, 0x0000,
    /* [386] '居' U+5C45 */
    0x3FC0, 0x2040, 0x3FC0, 0x2200, 0x3FE0, 0x2200, 0x2FC0, 0x2840,
    0x2840, 0x4FC0, 0x8840, 0x0000,     /* [387] '屋' U+5C4B */
0x3FC0, 0x2040, 0x3FC0, 0x2000,
    0x3FE0, 0x2480, 0x2FC0, 0x2100, 0x2FC0, 0x4100, 0x9FE0, 0x0000,
    /* [388] '屏' U+5C4F */
    0x3FE0, 0x2020, 0x3FE0, 0x2840, 0x2480, 0x3FE0, 0x2480, 0x3FE0,
    0x2480, 0x4880, 0x9080, 0x0000,     /* [389] '展' U+5C55 */
0x7FC0, 0x4040, 0x7FC0, 0x4900,
    0x7FC0, 0x4900, 0x7FE0, 0x5240, 0x5180, 0x9480, 0x9860, 0x0000,
    /* [390] '屯' U+5C6F */
    0x0400, 0x0400, 0xFFE0, 0x0400, 0x2480, 0x2480, 0x2480, 0x3F80,
    0x0420, 0x0420, 0x03E0, 0x0000,     /* [391] '山' U+5C71 */
0x0400, 0x0400, 0x4440, 0x4440,
    0x4440, 0x4440, 0x4440, 0x4440, 0x4440, 0x7FC0, 0x4040, 0x0000,
    /* [392] '屿' U+5C7F */
    0x0200, 0x2200, 0x23E0, 0xAA00, 0xAA00, 0xABE0, 0xA820, 0xAFA0,
    0xB820, 0xC020, 0x00C0, 0x0000,     /* [393] '岑' U+5C91 */
0x4440, 0x4440, 0x7FC0, 0x0400,
    0x0A00, 0x3580, 0xC260, 0x1F80, 0x0100, 0x0200, 0x0400, 0x0000,
    /* [394] '岗' U+5C97 */
    0x4440, 0x4440, 0x7FC0, 0x0000, 0x7FC0, 0x5140, 0x4A40, 0x4640,
    0x4940, 0x5040, 0x40C0, 0x0000,     /* [395] '岛' U+5C9B */
0x0800, 0x7F00, 0x5100, 0x4900,
    0x4200, 0x7FC0, 0x1040, 0x9240, 0x9240, 0xFE40, 0x0180, 0x0000,
    /* [396] '岩' U+5CA9 */
    0x4420, 0x4420, 0x7FE0, 0x0000, 0x7FE0, 0x0800, 0x1FC0, 0x3040,
    0x5040, 0x1FC0, 0x1040, 0x0000,     /* [397] '岭' U+5CAD */
0x2100, 0x2180, 0xAA40, 0xAD20,
    0xA880, 0xA800, 0xAFE0, 0xB840, 0xEB80, 0x0080, 0x0040, 0x0000,
    /* [398] '岳' U+5CB3 */
    0x0180, 0x3E00, 0x2000, 0x3FC0, 0x2200, 0x2200, 0xFFE0, 0x0400,
    0x4440, 0x4440, 0x7FC0, 0x0000,     /* [399] '岸' U+5CB8 */
0x4440, 0x4440, 0x7FC0, 0x0000,
    0x7FE0, 0x4000, 0x5FC0, 0x4200, 0x7FE0, 0x4200, 0x8200, 0x0000,
    /* [400] '峙' U+5CD9 */
    0x2100, 0x27C0, 0x2100, 0xA900, 0xAFE0, 0xA840, 0xAFE0, 0xAA40,
    0xF940, 0x8840, 0x01C0, 0x0000,     /* [401] '峡' U+5CE1 */
0x2100, 0x2100, 0xAFE0, 0xAD20,
    0xAB40, 0xA900, 0xAFE0, 0xF900, 0x8A80, 0x0440, 0x0820, 0x0000,
    /* [402] '峨' U+5CE8 */
    0x21C0, 0x26A0, 0xAA80, 0xAFE0, 0xAA80, 0xAB80, 0xAEA0, 0xFAC0,
    0x8AA0, 0x0360, 0x0620, 0x0000,     /* [403] '峪' U+5CEA */
0x2240, 0x2420, 0xA980, 0xAA40,
    0xAC20, 0xA800, 0xABC0, 0xFA40, 0x8A40, 0x03C0, 0x0240, 0x0000,
    /* [404] '峰' U+5CF0 */
    0x2200, 0x23E0, 0xAE40, 0xA980, 0xAA40, 0xAFE0, 0xA900, 0xBFC0,
    0xC100, 0x0FE0, 0x0100, 0x0000,     /* [405] '崂' U+5D02 */
0x2240, 0x27E0, 0x2240, 0xAFE0,
    0xAD20, 0xA900, 0xAFE0, 0xA920, 0xF920, 0x8A20, 0x04C0, 0x0000,
    /* [406] '崇' U+5D07 */
    0x4440, 0x7FC0, 0x0400, 0xFFE0, 0x8020, 0x3F80, 0x0000, 0xFFE0,
    0x2480, 0x5440, 0x8820, 0x0000,     /* [407] '崎' U+5D0E */
0x2100, 0x27E0, 0xAA80, 0xAC40,
    0xAFE0, 0xA840, 0xAF40, 0xFD40, 0x8F40, 0x0040, 0x00C0, 0x0000,
    /* [408] '崖' U+5D16 */
    0x2220, 0x2220, 0x3FE0, 0x2200, 0x2F80, 0x2200, 0x3FE0, 0x2200,
    0x2FC0, 0x4200, 0xBFE0, 0x0000,     /* [409] '嵊' U+5D4A */
0x20C0, 0x2700, 0xA900, 0xAFE0,
    0xA940, 0xAF60, 0xA940, 0xFF60, 0x8B80, 0x0540, 0x0920, 0x0000,
    /* [410] '嵩' U+5D69 */
    0x4220, 0x7FE0, 0x0200, 0x7FE0, 0x1080, 0x1F80, 0x0000, 0x7FE0,
    0x4920, 0x4F20, 0x4060, 0x0000,     /* [411] '巅' U+5DC5 */
0x8420, 0xFFE0, 0x2000, 0xFFE0,
    0x4900, 0x6BE0, 0x5A20, 0x4AA0, 0xFEA0, 0x4940, 0x8620, 0x0000,
    /* [412] '川' U+5DDD */
    0x2020, 0x2220, 0x2220, 0x2220, 0x2220, 0x2220, 0x2220, 0x2220,
    0x2220, 0x4020, 0x8020, 0x0000,     /* [413] '州' U+5DDE */
0x1020, 0x1220, 0x1220, 0x5B20,
    0x56A0, 0x92A0, 0x1220, 0x1220, 0x1220, 0x2220, 0x4020, 0x0000,
    /* [414] '巢' U+5DE2 */
    0x1240, 0x2480, 0x1240, 0x3FC0, 0x2440, 0x3FC0, 0x2440, 0x7FE0,
    0x0400, 0x3580, 0xC460, 0x0000,     /* [415] '工' U+5DE5 */
0x0000, 0x7FC0, 0x0400, 0x0400,
    0x0400, 0x0400, 0x0400, 0x0400, 0x0400, 0xFFE0, 0x0000, 0x0000,
    /* [416] '左' U+5DE6 */
    0x0800, 0x0800, 0xFFE0, 0x0800, 0x1000, 0x1FC0, 0x2200, 0x2200,
    0x4200, 0x8200, 0x3FE0, 0x0000,     /* [417] '巨' U+5DE8 */
0x7FC0, 0x4000, 0x4000, 0x7F80,
    0x4080, 0x4080, 0x7F80, 0x4000, 0x4000, 0x4000, 0x7FE0, 0x0000,
    /* [418] '巩' U+5DE9 */
    0x0780, 0xFC80, 0x2480, 0x2480, 0x2680, 0x2580, 0x2480, 0x3480,
    0xC4A0, 0x08A0, 0x3060, 0x0000,     /* [419] '差' U+5DEE */
0x1080, 0x0900, 0xFFE0, 0x0400,
    0x7FC0, 0x0800, 0xFFE0, 0x1000, 0x2F80, 0x4200, 0xBFE0, 0x0000,
    /* [420] '巴' U+5DF4 */
    0x0000, 0x7FC0, 0x4440, 0x4440, 0x4440, 0x7FC0, 0x4000, 0x4000,
    0x4020, 0x4020, 0x3FE0, 0x0000,     /* [421] '巷' U+5DF7 */
0x1100, 0x7FC0, 0x1100, 0xFFE0,
    0x1100, 0x3F80, 0xD160, 0x1F00, 0x1040, 0x1040, 0x1FC0, 0x0000,
    /* [422] '市' U+5E02 */
    0x0400, 0x0400, 0xFFE0, 0x0400, 0x3FC0, 0x2440, 0x2440, 0x2440,
    0x2540, 0x2480, 0x0400, 0x0000,     /* [423] '布' U+5E03 */
0x0800, 0x0800, 0xFFE0, 0x1200,
    0x1200, 0x3FC0, 0x5240, 0x9240, 0x1240, 0x12C0, 0x0200, 0x0000,
    /* [424] '师' U+5E08 */
    0x2FE0, 0xA100, 0xA100, 0xAFE0, 0xA920, 0xA920, 0xA920, 0x2920,
    0x2960, 0x4100, 0x8100, 0x0000,     /* [425] '帕' U+5E15 */
0x2080, 0x2100, 0xFBE0, 0xAA20,
    0xAA20, 0xABE0, 0xAA20, 0xBA20, 0x2220, 0x23E0, 0x2220, 0x0000,
    /* [426] '带' U+5E26 */
    0x2480, 0xFFE0, 0x2480, 0x2480, 0xFFE0, 0x8420, 0xBFA0, 0x2480,
    0x2480, 0x2580, 0x0400, 0x0000,     /* [427] '帮' U+5E2E */
0x1000, 0x7DE0, 0x1120, 0x7D40,
    0x1120, 0xFDE0, 0x2500, 0x7FC0, 0x2440, 0x24C0, 0x0400, 0x0000,
    /* [428] '常' U+5E38 */
    0x2480, 0x7FE0, 0x4020, 0x9FA0, 0x1080, 0x1F80, 0x0400, 0x3FC0,
    0x2440, 0x24C0, 0x0400, 0x0000,     /* [429] '帽' U+5E3D */
0x27E0, 0x2420, 0xFDA0, 0xAC20,
    0xABC0, 0xAA40, 0xABC0, 0xBA40, 0x23C0, 0x2240, 0x23C0, 0x0000,
    /* [430] '干' U+5E72 */
    0x7FC0, 0x0400, 0x0400, 0x0400, 0xFFE0, 0x0400, 0x0400, 0x0400,
    0x0400, 0x0400, 0x0400, 0x0000,     /* [431] '平' U+5E73 */
0x7FC0, 0x0400, 0x2480, 0x1500,
    0x0400, 0xFFE0, 0x0400, 0x0400, 0x0400, 0x0400, 0x0400, 0x0000,
    /* [432] '年' U+5E74 */
    0x2000, 0x3FE0, 0x4200, 0x8200, 0x3FC0, 0x2200, 0x2200, 0xFFE0,
    0x0200, 0x0200, 0x0200, 0x0000,     /* [433] '幸' U+5E78 */
0x0400, 0x7FC0, 0x0400, 0xFFE0,
    0x1100, 0x0A00, 0x7FC0, 0x0400, 0xFFE0, 0x0400, 0x0400, 0x0000,
    /* [434] '广' U+5E7F */
    0x0400, 0x0200, 0x7FE0, 0x4000, 0x4000, 0x4000, 0x4000, 0x4000,
    0x4000, 0x8000, 0x8000, 0x0000,     /* [435] '庄' U+5E84 */
0x0200, 0x3FE0, 0x2000, 0x2200,
    0x2200, 0x2FC0, 0x2200, 0x2200, 0x2200, 0x4200, 0x9FE0, 0x0000,
    /* [436] '庆' U+5E86 */
    0x0400, 0x3FE0, 0x2200, 0x2200, 0x3FE0, 0x2200, 0x2200, 0x2500,
    0x4480, 0x4840, 0x9020, 0x0000,     /* [437] '庐' U+5E90 */
0x0200, 0x3FE0, 0x2100, 0x2FC0,
    0x2840, 0x2840, 0x2FC0, 0x2800, 0x4800, 0x5000, 0xA000, 0x0000,
    /* [438] '库' U+5E93 */
    0x0200, 0x3FE0, 0x2200, 0x3FE0, 0x2400, 0x2900, 0x2FC0, 0x2100,
    0x3FE0, 0x4100, 0x8100, 0x0000,     /* [439] '应' U+5E94 */
0x0400, 0x0200, 0x7FE0, 0x4000,
    0x4440, 0x5240, 0x4A40, 0x4880, 0x4080, 0x8100, 0x9FE0, 0x0000,
    /* [440] '底' U+5E95 */
    0x0200, 0x3FE0, 0x2000, 0x2FC0, 0x2900, 0x2FE0, 0x2900, 0x2880,
    0x2AA0, 0x4D60, 0x8920, 0x0000,     /* [441] '店' U+5E97 */
0x0200, 0x3FE0, 0x2000, 0x2200,
    0x23C0, 0x2200, 0x2FC0, 0x2840, 0x2840, 0x4FC0, 0x8840, 0x0000,
    /* [442] '庙' U+5E99 */
    0x0200, 0x7FE0, 0x4000, 0x4200, 0x5FC0, 0x5240, 0x5FC0, 0x5240,
    0x5240, 0x9FC0, 0x9040, 0x0000,     /* [443] '府' U+5E9C */
0x0200, 0x7FE0, 0x4440, 0x4840,
    0x4BE0, 0x5840, 0x6A40, 0x4940, 0x4840, 0x8940, 0x8880, 0x0000,
    /* [444] '度' U+5EA6 */
    0x0400, 0x7FE0, 0x4900, 0x7FC0, 0x4900, 0x4F00, 0x4000, 0x5F80,
    0x4900, 0x8600, 0xB9C0, 0x0000,     /* [445] '座' U+5EA7 */
0x0200, 0x7FE0, 0x4000, 0x4A80,
    0x4A80, 0x5740, 0x6220, 0x5FC0, 0x4200, 0x8200, 0xBFE0, 0x0000,
    /* [446] '庭' U+5EAD */
    0x0200, 0x7FE0, 0x4000, 0x7BE0, 0x5080, 0x7BE0, 0x4880, 0x6880,
    0x53E0, 0x9000, 0xAFE0, 0x0000,     /* [447] '康' U+5EB7 */
0x0200, 0x7FE0, 0x4200, 0x5FC0,
    0x4240, 0x7FE0, 0x4240, 0x5FC0, 0x5240, 0x8A80, 0xB660, 0x0000,
    /* [448] '廊' U+5ECA */
    0x0200, 0x7FE0, 0x4800, 0x5EE0, 0x52A0, 0x5EA0, 0x52C0, 0x5EA0,
    0x54A0, 0x96E0, 0x9A80, 0x0000,     /* [449] '延' U+5EF6 */
0xF060, 0x1780, 0x2080, 0x4080,
    0xF4E0, 0x1480, 0x9480, 0x5480, 0x27E0, 0x5000, 0x8FE0, 0x0000,
    /* [450] '建' U+5EFA */
    0x0200, 0xEFC0, 0x2240, 0x5FE0, 0xE240, 0x2FC0, 0xA200, 0x6FE0,
    0x2200, 0x5200, 0x8FE0, 0x0000,     /* [451] '开' U+5F00 */
0x7FC0, 0x1100, 0x1100, 0x1100,
    0x1100, 0xFFE0, 0x1100, 0x2100, 0x2100, 0x4100, 0x8100, 0x0000,
    /* [452] '异' U+5F02 */
    0x3F80, 0x2080, 0x3F80, 0x2020, 0x3FE0, 0x1100, 0x1100, 0xFFE0,
    0x1100, 0x2100, 0x4100, 0x0000,     /* [453] '式' U+5F0F */
0x0280, 0x0240, 0x0200, 0xFFE0,
    0x0200, 0x7A00, 0x1200, 0x1100, 0x1120, 0x18A0, 0xE060, 0x0000,
    /* [454] '弓' U+5F13 */
    0x7FC0, 0x0040, 0x1FC0, 0x1000, 0x2000, 0x3FC0, 0x0040, 0x0040,
    0x0040, 0x0280, 0x0100, 0x0000,     /* [455] '引' U+5F15 */
0x7E20, 0x0220, 0x0220, 0x3E20,
    0x2020, 0x7E20, 0x0220, 0x0220, 0x0220, 0x1420, 0x0820, 0x0000,
    /* [456] '弟' U+5F1F */
    0x1100, 0x0A00, 0x7FC0, 0x0440, 0x3FC0, 0x4400, 0x7FE0, 0x1420,
    0x24A0, 0xC440, 0x0400, 0x0000,     /* [457] '张' U+5F20 */
0xE440, 0x2440, 0x2480, 0xE700,
    0x8400, 0x9FE0, 0xE500, 0x2500, 0x2480, 0xA640, 0x4420, 0x0000,
    /* [458] '弱' U+5F31 */
    0xFBE0, 0x0820, 0xFBE0, 0x8200, 0xFBE0, 0x8A20, 0x4920, 0x38E0,
    0xCB20, 0x0820, 0x71C0, 0x0000,     /* [459] '弹' U+5F39 */
0xE440, 0x2280, 0x2FE0, 0xE920,
    0x8FE0, 0x8920, 0xEFE0, 0x2100, 0x2FE0, 0xA100, 0x4100, 0x0000,
    /* [460] '强' U+5F3A */
    0xE7C0, 0x2440, 0x27C0, 0xE100, 0x8FE0, 0x8920, 0xE920, 0x2FC0,
    0x2120, 0x21E0, 0xCF20, 0x0000,     /* [461] '当' U+5F53 */
0x0400, 0x4440, 0x2480, 0x1500,
    0x7FC0, 0x0040, 0x0040, 0x3FC0, 0x0040, 0x0040, 0x7FC0, 0x0000,
    /* [462] '形' U+5F62 */
    0x7E20, 0x2440, 0x2480, 0x2420, 0xFE40, 0x2480, 0x2500, 0x2420,
    0x2440, 0x4480, 0x8700, 0x0000,     /* [463] '彩' U+5F69 */
0x0C40, 0xF280, 0x5500, 0x2820,
    0x1040, 0xFE80, 0x3900, 0x5420, 0x9240, 0x1080, 0x1300, 0x0000,
    /* [464] '彭' U+5F6D */
    0x1020, 0xFE40, 0x1080, 0x7D20, 0x0040, 0x7C80, 0x4500, 0x7C20,
    0x2840, 0x2C80, 0xF300, 0x0000,     /* [465] '征' U+5F81 */
0x2000, 0x2FE0, 0x4100, 0x9100,
    0x2100, 0x65E0, 0xA500, 0x2500, 0x2500, 0x2500, 0x3FE0, 0x0000,
    /* [466] '待' U+5F85 */
    0x1100, 0x2100, 0x47C0, 0x9100, 0x1FE0, 0x2080, 0x6FE0, 0xA480,
    0x2280, 0x2080, 0x2180, 0x0000,     /* [467] '徐' U+5F90 */
0x2100, 0x4280, 0x9440, 0x2820,
    0x67C0, 0xA100, 0x2FE0, 0x2100, 0x2540, 0x2920, 0x2300, 0x0000,
    /* [468] '徒' U+5F92 */
    0x1100, 0x2100, 0x47C0, 0x9100, 0x2FE0, 0x6100, 0xA500, 0x25E0,
    0x2500, 0x2B00, 0x30E0, 0x0000,     /* [469] '微' U+5FAE */
0x2A80, 0x6A80, 0xBE80, 0x01E0,
    0x5D40, 0xC340, 0x5D40, 0x5480, 0x5680, 0x5540, 0x6220, 0x0000,
    /* [470] '德' U+5FB7 */
    0x2200, 0x5FE0, 0x8200, 0x3FC0, 0x5540, 0xDFC0, 0x4000, 0x7FE0,
    0x4A40, 0x58A0, 0x6F80, 0x0000,     /* [471] '徽' U+5FBD */
0x2A80, 0x7E80, 0x80E0, 0x3FA0,
    0x48A0, 0xDCA0, 0x4AA0, 0x7F40, 0x5C40, 0x6AA0, 0x5920, 0x0000,
    /* [472] '心' U+5FC3 */
    0x0400, 0x0200, 0x1200, 0x1200, 0x1040, 0x5020, 0x5020, 0x50A0,
    0x9080, 0x1080, 0x0F80, 0x0000,     /* [473] '必' U+5FC5 */
0x0880, 0x0480, 0x0500, 0x1100,
    0x5240, 0x5220, 0x9420, 0x1880, 0x1080, 0x3080, 0xCF80, 0x0000,
    /* [474] '志' U+5FD7 */
    0x0400, 0x0400, 0xFFE0, 0x0400, 0x0400, 0x7FC0, 0x0400, 0x1240,
    0x52A0, 0x50A0, 0x8F80, 0x0000,     /* [475] '忙' U+5FD9 */
0x2200, 0x2100, 0x2000, 0xAFE0,
    0xB400, 0xAC00, 0xA400, 0x2400, 0x2400, 0x2400, 0x27E0, 0x0000,
    /* [476] '忠' U+5FE0 */
    0x0400, 0x7FC0, 0x4440, 0x4440, 0x7FC0, 0x0400, 0x0400, 0x1240,
    0x50A0, 0x50A0, 0x8F80, 0x0000,     /* [477] '快' U+5FEB */
0x2200, 0x2200, 0x37C0, 0xAA40,
    0xA240, 0xBFE0, 0x2200, 0x2300, 0x2480, 0x2840, 0x3020, 0x0000,
    /* [478] '念' U+5FF5 */
    0x0400, 0x0A00, 0x1500, 0x22E0, 0xDF80, 0x0100, 0x0200, 0x1440,
    0x5220, 0x50A0, 0x8F80, 0x0000,     /* [479] '忻' U+5FFB */
0x20C0, 0x2700, 0x2400, 0xB400,
    0xAFE0, 0xA480, 0x2480, 0x2480, 0x2480, 0x2880, 0x3080, 0x0000,
    /* [480] '怀' U+6000 */
    0x2FE0, 0x2080, 0xA100, 0xB180, 0xAB40, 0xA520, 0x2920, 0x2100,
    0x2100, 0x2100, 0x2100, 0x0000,     /* [481] '思' U+601D */
0x3F80, 0x2480, 0x2480, 0x3F80,
    0x2480, 0x2480, 0x3F80, 0x0440, 0x5220, 0x50A0, 0x8F80, 0x0000,
    /* [482] '急' U+6025 */
    0x0F00, 0x1100, 0x3FC0, 0x4040, 0x1FC0, 0x0040, 0x3FC0, 0x1440,
    0x5220, 0x50A0, 0x8F80, 0x0000,     /* [483] '恢' U+6062 */
0x2200, 0x2FE0, 0xB200, 0xAA80,
    0xA480, 0xA5A0, 0x2AC0, 0x3080, 0x2140, 0x2240, 0x2420, 0x0000,
    /* [484] '恩' U+6069 */
    0x7FC0, 0x4440, 0x7FC0, 0x4440, 0x4A40, 0x5140, 0x7FC0, 0x0400,
    0x6240, 0xA0A0, 0x9FA0, 0x0000,     /* [485] '息' U+606F */
0x0800, 0x3F80, 0x2080, 0x3F80,
    0x2080, 0x3F80, 0x2080, 0x3F80, 0x5440, 0x52A0, 0x8F80, 0x0000,
    /* [486] '悟' U+609F */
    0x2FE0, 0x2100, 0xB7C0, 0xA240, 0xA240, 0xAFE0, 0x2000, 0x27C0,
    0x2440, 0x27C0, 0x2440, 0x0000,     /* [487] '悦' U+60A6 */
0x2440, 0x2280, 0x2000, 0xB7C0,
    0xAC40, 0xA440, 0x27C0, 0x2280, 0x22A0, 0x24A0, 0x28E0, 0x0000,
    /* [488] '情' U+60C5 */
    0x2100, 0x27C0, 0xA100, 0xB7C0, 0xA100, 0xAFE0, 0x2440, 0x2740,
    0x25C0, 0x2440, 0x24C0, 0x0000,     /* [489] '惠' U+60E0 */
0x0400, 0xFFE0, 0x2440, 0x3FC0,
    0x2440, 0x3FC0, 0x0440, 0x7FA0, 0x5240, 0x50A0, 0x8FA0, 0x0000,
    /* [490] '想' U+60F3 */
    0x27C0, 0x2440, 0xFFC0, 0x2440, 0x77C0, 0xAC40, 0x27C0, 0x1440,
    0x52A0, 0x50A0, 0x8F80, 0x0000,     /* [491] '意' U+610F */
0x0400, 0x7FC0, 0x1100, 0xFFE0,
    0x2080, 0x3F80, 0x2080, 0x3F80, 0x5440, 0x52A0, 0x9FA0, 0x0000,
    /* [492] '感' U+611F */
    0x0140, 0x7FE0, 0x4100, 0x7F40, 0x5D40, 0x5280, 0x9DA0, 0x8260,
    0x2440, 0xA2A0, 0x9F80, 0x0000,     /* [493] '愿' U+613F */
0x7FE0, 0x4400, 0x5FC0, 0x5240,
    0x5FC0, 0x4A80, 0x5640, 0x4400, 0x4A40, 0xA8A0, 0xAF80, 0x0000,
    /* [494] '慈' U+6148 */
    0x1100, 0xFFE0, 0x2940, 0x7B80, 0x1080, 0x2940, 0x7FE0, 0x0400,
    0x5240, 0x50A0, 0x8F80, 0x0000,     /* [495] '慢' U+6162 */
0x27C0, 0x2440, 0x27C0, 0xB440,
    0xAFE0, 0xAAA0, 0x2FE0, 0x2000, 0x27C0, 0x2380, 0x2C60, 0x0000,
    /* [496] '成' U+6210 */
    0x0280, 0x0240, 0x7FE0, 0x4200, 0x4200, 0x7A40, 0x4A40, 0x4A80,
    0x4920, 0x52A0, 0x8460, 0x0000,     /* [497] '我' U+6211 */
0x0A80, 0x7240, 0x1200, 0xFFE0,
    0x1200, 0x1A40, 0x3280, 0xD100, 0x1320, 0x54A0, 0x2060, 0x0000,
    /* [498] '战' U+6218 */
    0x2180, 0x2140, 0x3D00, 0x2160, 0x2780, 0xF920, 0x8940, 0x8980,
    0x8920, 0xFEA0, 0x8860, 0x0000,     /* [499] '户' U+6237 */
0x0400, 0x0200, 0x3FC0, 0x2040,
    0x2040, 0x3FC0, 0x2000, 0x2000, 0x2000, 0x4000, 0x8000, 0x0000,
    /* [500] '房' U+623F */
    0x0400, 0x3FC0, 0x2040, 0x3FC0, 0x2200, 0x3FE0, 0x2400, 0x27C0,
    0x4440, 0x4840, 0x9180, 0x0000,     /* [501] '所' U+6240 */
0x1860, 0x6380, 0x4200, 0x7A00,
    0x4BE0, 0x4A40, 0x7A40, 0x4240, 0x4240, 0x4440, 0x8840, 0x0000,
    /* [502] '手' U+624B */
    0x03C0, 0x7C00, 0x0400, 0x7FC0, 0x0400, 0x0400, 0xFFE0, 0x0400,
    0x0400, 0x0400, 0x0C00, 0x0000,     /* [503] '才' U+624D */
0x0100, 0x0100, 0x7FE0, 0x0300,
    0x0500, 0x0900, 0x1100, 0x2100, 0xC100, 0x0500, 0x0200, 0x0000,
    /* [504] '扎' U+624E */
    0x2200, 0x2200, 0xFA00, 0x2200, 0x2A00, 0x3200, 0x6200, 0xA200,
    0x2220, 0x2220, 0xE1E0, 0x0000,     /* [505] '打' U+6253 */
0x2000, 0x27E0, 0xF880, 0x2080,
    0x2880, 0x3080, 0x6080, 0xA080, 0x2080, 0x2080, 0xE380, 0x0000,
    /* [506] '托' U+6258 */
    0x20C0, 0x2700, 0xF900, 0x2100, 0x29E0, 0x3700, 0x6100, 0xA100,
    0x2120, 0x2120, 0xE0E0, 0x0000,     /* [507] '执' U+6267 */
0x2200, 0x2200, 0xFF80, 0x2280,
    0x2A80, 0x3680, 0x6280, 0xA7A0, 0x24A0, 0xA8A0, 0x5060, 0x0000,
    /* [508] '扩' U+6269 */
    0x2100, 0x2080, 0xFFE0, 0x2400, 0x2C00, 0x3400, 0x6400, 0xA400,
    0x2400, 0x2400, 0x6800, 0x0000,     /* [509] '扫' U+626B */
0x2000, 0x27E0, 0xF820, 0x2020,
    0x2820, 0x33E0, 0x6020, 0xA020, 0x2020, 0x27E0, 0xE000, 0x0000,
    /* [510] '扬' U+626C */
    0x27C0, 0x2080, 0xF900, 0x2200, 0x2FE0, 0x32A0, 0x62A0, 0xA520,
    0x2920, 0x2220, 0xE4C0, 0x0000,     /* [511] '扶' U+6276 */
0x2100, 0x2100, 0xF7C0, 0x2100,
    0x2100, 0x3FE0, 0x6100, 0xA280, 0x2280, 0x2440, 0xF820, 0x0000,
    /* [512] '承' U+627F */
    0x3F00, 0x0200, 0x0420, 0xFFC0, 0x2480, 0x3F80, 0x2440, 0x7FC0,
    0x4420, 0x8420, 0x1C00, 0x0000,     /* [513] '技' U+6280 */
0x2100, 0x2100, 0xFFE0, 0x2100,
    0x2FC0, 0x3440, 0x6440, 0xA280, 0x2100, 0x2280, 0xEC60, 0x0000,
    /* [514] '把' U+628A */
    0x2000, 0x27C0, 0xFD40, 0x2540, 0x2D40, 0x37C0, 0x6400, 0xA400,
    0x2420, 0x2420, 0xE7E0, 0x0000,     /* [515] '抚' U+629A */
0x27C0, 0x2100, 0xF900, 0x2100,
    0x2FE0, 0x3280, 0x6280, 0xA280, 0x24A0, 0x28A0, 0xF060, 0x0000,
    /* [516] '抢' U+62A2 */
    0x2100, 0x2280, 0xF440, 0x2820, 0x2780, 0x3480, 0x6480, 0xA580,
    0x2420, 0x2420, 0xE3E0, 0x0000,     /* [517] '护' U+62A4 */
0x2100, 0x2080, 0xF7E0, 0x2420,
    0x2420, 0x37E0, 0x6400, 0xA400, 0x2400, 0x2800, 0xF000, 0x0000,
    /* [518] '报' U+62A5 */
    0x27C0, 0x2440, 0xFC40, 0x2580, 0x2C00, 0x37E0, 0x6540, 0xA540,
    0x2480, 0x2540, 0xE620, 0x0000,     /* [519] '拉' U+62C9 */
0x2200, 0x2100, 0xFFE0, 0x2000,
    0x2040, 0x3440, 0x6240, 0xA280, 0x2080, 0x2100, 0xEFE0, 0x0000,
    /* [520] '拍' U+62CD */
    0x2080, 0x2100, 0xFBE0, 0x2220, 0x2A20, 0x33E0, 0x6220, 0xA220,
    0x2220, 0x23E0, 0xE220, 0x0000,     /* [521] '拔' U+62D4 */
0x2280, 0x2240, 0xFFE0, 0x2200,
    0x2BC0, 0x3240, 0x6540, 0xA480, 0x2880, 0x2940, 0xE620, 0x0000,
    /* [522] '招' U+62DB */
    0x27E0, 0x2120, 0xF920, 0x2120, 0x2A60, 0x3400, 0x63E0, 0xA220,
    0x2220, 0x23E0, 0xE220, 0x0000,     /* [523] '拟' U+62DF */
0x2240, 0x2140, 0xFD40, 0x2440,
    0x2C40, 0x3440, 0x6540, 0xA640, 0x24C0, 0x2120, 0xE620, 0x0000,
    /* [524] '择' U+62E9 */
    0x2FE0, 0x2240, 0xF980, 0x2240, 0x2C20, 0x3100, 0x67C0, 0xA100,
    0x2FE0, 0x2100, 0xE100, 0x0000,     /* [525] '括' U+62EC */
0x20C0, 0x2700, 0xF900, 0x2100,
    0x2FE0, 0x3100, 0x67E0, 0xA420, 0x2420, 0x27E0, 0xE420, 0x0000,
    /* [526] '拿' U+62FF */
    0x0E00, 0x1100, 0xEEE0, 0x1100, 0x3F80, 0x0400, 0x3F80, 0x0400,
    0xFFE0, 0x0400, 0x0C00, 0x0000,     /* [527] '持' U+6301 */
0x2100, 0x27C0, 0xF900, 0x2100,
    0x2FE0, 0x3080, 0x6FE0, 0xA480, 0x2280, 0x2080, 0xE180, 0x0000,
    /* [528] '按' U+6309 */
    0x2100, 0x2080, 0xFFE0, 0x2520, 0x2900, 0x37E0, 0x6240, 0xA640,
    0x2180, 0x2280, 0xEC60, 0x0000,     /* [529] '挑' U+6311 */
0x2280, 0x2280, 0xFAA0, 0x26C0,
    0x2A80, 0x36C0, 0x6AA0, 0xA280, 0x22A0, 0x24A0, 0xE8E0, 0x0000,
    /* [530] '振' U+632F */
    0x27E0, 0x2400, 0xFDC0, 0x2400, 0x2FE0, 0x3500, 0x65A0, 0xA540,
    0x2540, 0x29A0, 0xE920, 0x0000,     /* [531] '换' U+6362 */
0x2200, 0x23C0, 0xFC80, 0x27C0,
    0x2D40, 0x3540, 0x6FE0, 0xA100, 0x2280, 0x2440, 0xE820, 0x0000,
    /* [532] '授' U+6388 */
    0x27C0, 0x2A20, 0xF540, 0x2800, 0x2FE0, 0x3820, 0x67C0, 0xA480,
    0x2300, 0x2480, 0xF860, 0x0000,     /* [533] '排' U+6392 */
0x2280, 0x2280, 0xFEE0, 0x2280,
    0x2280, 0x3EE0, 0x6280, 0xA280, 0x2EE0, 0x2280, 0xE280, 0x0000,
    /* [534] '掖' U+6396 */
    0x2100, 0x2FE0, 0xF480, 0x24E0, 0x2D20, 0x36A0, 0x6540, 0xA540,
    0x2480, 0x2540, 0xE620, 0x0000,     /* [535] '接' U+63A5 */
0x2100, 0x2FE0, 0xF440, 0x2280,
    0x2FE0, 0x3100, 0x6FE0, 0xA240, 0x2680, 0x2140, 0xEE20, 0x0000,
    /* [536] '控' U+63A7 */
    0x2100, 0x2FE0, 0xF820, 0x2280, 0x2440, 0x3820, 0x67C0, 0xA100,
    0x2100, 0x2100, 0xEFE0, 0x0000,     /* [537] '描' U+63CF */
0x2280, 0x2FE0, 0xF280, 0x2000,
    0x27E0, 0x3520, 0x6520, 0xA7E0, 0x2520, 0x27E0, 0xE420, 0x0000,
    /* [538] '提' U+63D0 */
    0x27C0, 0x2440, 0xFFC0, 0x2440, 0x27C0, 0x3000, 0x6FE0, 0xA500,
    0x25E0, 0x2B00, 0xF1E0, 0x0000,     /* [539] '援' U+63F4 */
0x2FE0, 0x2520, 0xF2C0, 0x2FE0,
    0x2100, 0x3FE0, 0x6200, 0xA3E0, 0x2540, 0x2880, 0xD360, 0x0000,
    /* [540] '搜' U+641C */
    0x2500, 0x2D60, 0xF920, 0x2D60, 0x2920, 0x3FE0, 0x6100, 0xAFC0,
    0x2480, 0x2300, 0xECE0, 0x0000,     /* [541] '摩' U+6469 */
0x0200, 0x7FE0, 0x4880, 0x7FE0,
    0x5DC0, 0x6AA0, 0x5FC0, 0x4200, 0x7FE0, 0x4200, 0x8E00, 0x0000,
    /* [542] '播' U+64AD */
    0x20E0, 0x2F00, 0xF540, 0x2FE0, 0x2540, 0x3920, 0xEFE0, 0x2920,
    0x2FE0, 0x2920, 0x6FE0, 0x0000,     /* [543] '攀' U+6500 */
0x4A80, 0xF5E0, 0x4A80, 0xF5C0,
    0x4AA0, 0xFFE0, 0x1500, 0x3F80, 0xC460, 0x3F80, 0x0C00, 0x0000,
    /* [544] '支' U+652F */
    0x0400, 0x0400, 0xFFE0, 0x0400, 0x3F80, 0x1100, 0x1100, 0x0A00,
    0x0400, 0x1B00, 0xE0E0, 0x0000,     /* [545] '收' U+6536 */
0x1200, 0x1200, 0x93E0, 0x9440,
    0x9A40, 0x9240, 0xB280, 0xD100, 0x9180, 0x1240, 0x1420, 0x0000,
    /* [546] '放' U+653E */
    0x2100, 0x1100, 0xFDE0, 0x2240, 0x2540, 0x3940, 0x2940, 0x2880,
    0x4980, 0x4A40, 0x9420, 0x0000,     /* [547] '故' U+6545 */
0x1100, 0x1100, 0xFDE0, 0x1140,
    0x1240, 0x7D40, 0x4940, 0x4880, 0x4880, 0x7940, 0x4E20, 0x0000,
    /* [548] '效' U+6548 */
    0x2100, 0x1100, 0xFDE0, 0x2B40, 0x4540, 0x8940, 0x2940, 0x1080,
    0x2880, 0x4140, 0x8620, 0x0000,     /* [549] '救' U+6551 */
0x1900, 0x1500, 0xFDE0, 0x1240,
    0x5540, 0x3940, 0x5540, 0x9480, 0x1080, 0x1140, 0x3220, 0x0000,
    /* [550] '敦' U+6566 */
    0x1100, 0xFD00, 0x49E0, 0x7B40, 0x0140, 0xFD40, 0x1140, 0xFD40,
    0x1080, 0x5140, 0x2220, 0x0000,     /* [551] '数' U+6570 */
0x9500, 0x5900, 0xFDE0, 0x3340,
    0x5940, 0x9540, 0xFD40, 0x2940, 0x6880, 0x1140, 0xEE20, 0x0000,
    /* [552] '整' U+6574 */
    0x1100, 0xFFE0, 0x5540, 0x7C80, 0x3940, 0x5620, 0x7FC0, 0x0400,
    0x2780, 0x2400, 0xFFE0, 0x0000,     /* [553] '文' U+6587 */
0x0800, 0x0400, 0xFFE0, 0x1100,
    0x1100, 0x1100, 0x0A00, 0x0A00, 0x0400, 0x1B00, 0xE0E0, 0x0000,
    /* [554] '斗' U+6597 */
    0x1100, 0x0900, 0x0900, 0x2100, 0x1100, 0x1100, 0x01E0, 0xFF00,
    0x0100, 0x0100, 0x0100, 0x0000,     /* [555] '断' U+65AD */
0x1060, 0xD580, 0xB900, 0x9100,
    0xFDE0, 0xB140, 0xD940, 0xD540, 0x9140, 0xFA40, 0x0440, 0x0000,
    /* [556] '斯' U+65AF */
    0x4860, 0xFD80, 0x4900, 0x7900, 0x49E0, 0x7940, 0x4940, 0xFD40,
    0x2940, 0x4640, 0x8440, 0x0000,     /* [557] '新' U+65B0 */
0x1060, 0xFD80, 0x4500, 0x2900,
    0xFDE0, 0x1140, 0xFD40, 0x1140, 0x5540, 0x9240, 0x3440, 0x0000,
    /* [558] '方' U+65B9 */
    0x0800, 0x0400, 0xFFE0, 0x0800, 0x0800, 0x0F80, 0x1080, 0x1080,
    0x2080, 0x4080, 0x8700, 0x0000,     /* [559] '施' U+65BD */
0x2200, 0x13E0, 0xFC00, 0x2080,
    0x3AE0, 0x2BA0, 0x2EA0, 0x2AE0, 0x2A80, 0x4A20, 0x91E0, 0x0000,
    /* [560] '旅' U+65C5 */
    0x2200, 0x13E0, 0xFE00, 0x24C0, 0x3B00, 0x2AA0, 0x2AC0, 0x2A80,
    0x4A40, 0x4A40, 0x9B20, 0x0000,     /* [561] '族' U+65CF */
0x2200, 0x13E0, 0xFC00, 0x2200,
    0x3BE0, 0x2C80, 0x2880, 0x4FE0, 0x4880, 0xA940, 0x9620, 0x0000,
    /* [562] '旗' U+65D7 */
    0x4200, 0x23E0, 0xFA40, 0x47E0, 0x7240, 0x5340, 0x52C0, 0x5240,
    0x5FE0, 0x9240, 0xAC20, 0x0000,     /* [563] '无' U+65E0 */
0x7FC0, 0x0400, 0x0400, 0x0400,
    0xFFE0, 0x0A00, 0x0A00, 0x1200, 0x1220, 0x2220, 0xC1E0, 0x0000,
    /* [564] '日' U+65E5 */
    0x0000, 0x3F80, 0x2080, 0x2080, 0x2080, 0x3F80, 0x2080, 0x2080,
    0x2080, 0x3F80, 0x2080, 0x0000,     /* [565] '旧' U+65E7 */
0x0000, 0x4FC0, 0x4840, 0x4840,
    0x4840, 0x4FC0, 0x4840, 0x4840, 0x4840, 0x4840, 0x4FC0, 0x0000,
    /* [566] '早' U+65E9 */
    0x3F80, 0x2080, 0x3F80, 0x2080, 0x3F80, 0x0400, 0x0400, 0xFFE0,
    0x0400, 0x0400, 0x0400, 0x0000,     /* [567] '时' U+65F6 */
0x0080, 0xF080, 0x9FE0, 0x9080,
    0x9480, 0xF280, 0x9280, 0x9080, 0x9080, 0xF080, 0x0380, 0x0000,
    /* [568] '旺' U+65FA */
    0x0FE0, 0xF100, 0x9100, 0x9100, 0xF100, 0x97C0, 0x9100, 0x9100,
    0xF100, 0x9100, 0x0FE0, 0x0000,     /* [569] '昆' U+6606 */
0x3F80, 0x2080, 0x3F80, 0x2080,
    0x3F80, 0x0000, 0x4240, 0x7A80, 0x4320, 0x5A20, 0x61E0, 0x0000,
    /* [570] '昌' U+660C */
    0x1F80, 0x1080, 0x1F80, 0x1080, 0x1F80, 0x0000, 0x3FC0, 0x2040,
    0x3FC0, 0x2040, 0x3FC0, 0x0000,     /* [571] '明' U+660E */
0x03E0, 0xF220, 0x9220, 0x93E0,
    0xF220, 0x9220, 0x93E0, 0xF220, 0x0420, 0x08A0, 0x3040, 0x0000,
    /* [572] '昏' U+660F */
    0x3F80, 0x4400, 0x7FE0, 0x4200, 0x5920, 0x60E0, 0x3F80, 0x2080,
    0x3F80, 0x2080, 0x3F80, 0x0000,     /* [573] '易' U+6613 */
0x3F80, 0x2080, 0x3F80, 0x2080,
    0x3F80, 0x2000, 0x3FC0, 0x4A40, 0x9240, 0x2440, 0x4980, 0x0000,
    /* [574] '昔' U+6614 */
    0x1100, 0x1100, 0x7FC0, 0x1100, 0xFFE0, 0x0000, 0x3F80, 0x2080,
    0x3F80, 0x2080, 0x3F80, 0x0000,     /* [575] '昝' U+661D */
0x2100, 0x3D00, 0x45C0, 0xA920,
    0x1900, 0x3FE0, 0xD080, 0x1080, 0x1F80, 0x1080, 0x1F80, 0x0000,
    /* [576] '星' U+661F */
    0x3F80, 0x2080, 0x3F80, 0x2080, 0x3F80, 0x2400, 0x7FC0, 0x8400,
    0x3F80, 0x0400, 0xFFE0, 0x0000,     /* [577] '春' U+6625 */
0x0400, 0x7FE0, 0x0400, 0x3FC0,
    0x0800, 0xFFE0, 0x30C0, 0xDCA0, 0x1780, 0x1080, 0x1F80, 0x0000,
    /* [578] '昭' U+662D */
    0x07E0, 0xF120, 0x9120, 0x9220, 0xF4C0, 0x9800, 0x93E0, 0x9220,
    0xF220, 0x03E0, 0x0220, 0x0000,     /* [579] '是' U+662F */
0x1F80, 0x1080, 0x1F80, 0x1080,
    0x1F80, 0x0000, 0xFFE0, 0x2400, 0x2780, 0x5400, 0x8FE0, 0x0000,
    /* [580] '显' U+663E */
    0x3F80, 0x2080, 0x3F80, 0x2080, 0x3F80, 0x0A00, 0x4A40, 0x2A40,
    0x2A80, 0x0A00, 0xFFE0, 0x0000,     /* [581] '晋' U+664B */
0x7FC0, 0x0A00, 0x4A40, 0x2A80,
    0xFFE0, 0x0000, 0x3F80, 0x2080, 0x3F80, 0x2080, 0x3F80, 0x0000,
    /* [582] '晚' U+665A */
    0x0400, 0xE780, 0xA900, 0xBFC0, 0xEA40, 0xAA40, 0xAFC0, 0xA300,
    0xE520, 0x0920, 0x11E0, 0x0000,     /* [583] '晨' U+6668 */
0x3F80, 0x2080, 0x3F80, 0x2080,
    0x7FE0, 0x4000, 0x5FC0, 0x4000, 0x7FE0, 0x5280, 0x99C0, 0x0000,
    /* [584] '普' U+666E */
    0x1100, 0x7FC0, 0x4A40, 0x2A80, 0xFFE0, 0x0000, 0x3F80, 0x2080,
    0x3F80, 0x2080, 0x3F80, 0x0000,     /* [585] '景' U+666F */
0x3F80, 0x2080, 0x3F80, 0x2080,
    0x3F80, 0x0400, 0xFFE0, 0x2080, 0x3F80, 0x2480, 0x4C40, 0x0000,
    /* [586] '晴' U+6674 */
    0x0100, 0xFFE0, 0x9100, 0x97C0, 0xF100, 0x9FE0, 0x9440, 0xF740,
    0x95C0, 0x0440, 0x04C0, 0x0000,     /* [587] '暂' U+6682 */
0x2040, 0xFB80, 0x5200, 0xFBE0,
    0x1280, 0xF480, 0x3F80, 0x2080, 0x3F80, 0x2080, 0x3F80, 0x0000,
    /* [588] '暗' U+6697 */
    0x0100, 0xFFE0, 0x9440, 0x9280, 0xFFE0, 0x9000, 0x97C0, 0xF440,
    0x97C0, 0x0440, 0x07C0, 0x0000,     /* [589] '暨' U+66A8 */
0x7BE0, 0x4A80, 0x7FE0, 0x4980,
    0x7AA0, 0x4CE0, 0x7F80, 0x1080, 0x1F80, 0x1080, 0x7FE0, 0x0000,
    /* [590] '曙' U+66D9 */
    0x0FE0, 0xEAA0, 0xAFE0, 0xA100, 0xE7A0, 0xA140, 0xAFE0, 0xE440,
    0x0FC0, 0x1440, 0x07C0, 0x0000,     /* [591] '曲' U+66F2 */
0x0900, 0x0900, 0x7FE0, 0x4920,
    0x4920, 0x4920, 0x7FE0, 0x4920, 0x4920, 0x7FE0, 0x4020, 0x0000,
    /* [592] '更' U+66F4 */
    0x7FE0, 0x0200, 0x3FC0, 0x2240, 0x3FC0, 0x2240, 0x3FC0, 0x0A00,
    0x0400, 0x1B00, 0xE0E0, 0x0000,     /* [593] '曹' U+66F9 */
0x0900, 0xFFE0, 0x4940, 0x7FC0,
    0x4940, 0x7FC0, 0x2080, 0x3F80, 0x2080, 0x3F80, 0x2080, 0x0000,
    /* [594] '曾' U+66FE */
    0x1200, 0x7FC0, 0x64C0, 0x5540, 0x7FC0, 0x0000, 0x3F80, 0x2080,
    0x3F80, 0x2080, 0x3F80, 0x0000,     /* [595] '最' U+6700 */
0x3F80, 0x2080, 0x3F80, 0x2080,
    0xFFE0, 0x4800, 0x7FC0, 0x4A40, 0x7980, 0xC980, 0x0E60, 0x0000,
    /* [596] '月' U+6708 */
    0x1FC0, 0x1040, 0x1040, 0x1FC0, 0x1040, 0x1040, 0x1FC0, 0x1040,
    0x1040, 0x2140, 0x4080, 0x0000,     /* [597] '有' U+6709 */
0x0800, 0xFFE0, 0x1000, 0x1F80,
    0x3080, 0x5F80, 0x9080, 0x1F80, 0x1080, 0x1080, 0x1180, 0x0000,
    /* [598] '朋' U+670B */
    0x79E0, 0x4920, 0x4920, 0x79E0, 0x4920, 0x4920, 0x79E0, 0x4920,
    0x4920, 0x4920, 0x9A60, 0x0000,     /* [599] '服' U+670D */
0x7BE0, 0x4A20, 0x4A20, 0x7AE0,
    0x4A00, 0x4BE0, 0x7A20, 0x4AC0, 0x4A40, 0x8AA0, 0x9B20, 0x0000,
    /* [600] '朐' U+6710 */
    0x7200, 0x5200, 0x53E0, 0x7420, 0x5BA0, 0x52A0, 0x72A0, 0x53A0,
    0x52A0, 0x9020, 0xB0C0, 0x0000,     /* [601] '朔' U+6714 */
0x45E0, 0x2920, 0x7F20, 0x11E0,
    0x5520, 0x5520, 0x7DE0, 0x1120, 0x1120, 0x2220, 0xC460, 0x0000,
    /* [602] '朗' U+6717 */
    0x4000, 0x23E0, 0xFA20, 0x8A20, 0xFBE0, 0x8A20, 0xFA20, 0xA3E0,
    0x9220, 0xAA20, 0xCC60, 0x0000,     /* [603] '望' U+671B */
0x23C0, 0x1240, 0xFBC0, 0x2240,
    0x3BC0, 0x2440, 0x7FC0, 0x0400, 0x3F80, 0x0400, 0xFFE0, 0x0000,
    /* [604] '朝' U+671D */
    0x11E0, 0xFF20, 0x1120, 0x7DE0, 0x4520, 0x7D20, 0x45E0, 0x7D20,
    0x1120, 0xFD20, 0x1260, 0x0000,     /* [605] '木' U+6728 */
0x0400, 0x0400, 0x0400, 0xFFE0,
    0x0400, 0x0E00, 0x1500, 0x2480, 0xC460, 0x0440, 0x0400, 0x0000,
    /* [606] '未' U+672A */
    0x0400, 0x0400, 0x7FC0, 0x0400, 0xFFE0, 0x0400, 0x0E00, 0x1500,
    0x2480, 0xC460, 0x0400, 0x0000,     /* [607] '本' U+672C */
0x0400, 0x0400, 0xFFE0, 0x0E00,
    0x1500, 0x1500, 0x2480, 0x4440, 0x9F20, 0x0400, 0x0400, 0x0000,
    /* [608] '术' U+672F */
    0x0500, 0x0480, 0x0400, 0xFFE0, 0x0400, 0x0E00, 0x1500, 0x2480,
    0x4440, 0x8420, 0x0400, 0x0000,     /* [609] '朱' U+6731 */
0x2400, 0x2400, 0x3FC0, 0x4400,
    0x0400, 0xFFE0, 0x0E00, 0x1500, 0x2480, 0xC460, 0x0400, 0x0000,
    /* [610] '朵' U+6735 */
    0x1F00, 0x1100, 0x1100, 0x20E0, 0x4400, 0x0400, 0xFFE0, 0x1500,
    0x2480, 0xC460, 0x0400, 0x0000,     /* [611] '机' U+673A */
0x2000, 0x2780, 0x2480, 0xFC80,
    0x2480, 0x7480, 0x6C80, 0xA480, 0xA480, 0x28A0, 0x30E0, 0x0000,
    /* [612] '权' U+6743 */
    0x2000, 0x2FC0, 0xF440, 0x2440, 0x2440, 0x7280, 0x6A80, 0xA100,
    0x2280, 0x2440, 0x2820, 0x0000,     /* [613] '杉' U+6749 */
0x1040, 0x1080, 0xFD00, 0x1220,
    0x1840, 0x3480, 0x5300, 0x9020, 0x1040, 0x1080, 0x1300, 0x0000,
    /* [614] '李' U+674E */
    0x0400, 0xFFE0, 0x1500, 0x2480, 0xC460, 0x1F00, 0x0200, 0x0400,
    0xFFE0, 0x0400, 0x0C00, 0x0000,     /* [615] '村' U+6751 */
0x2040, 0x2040, 0xFBE0, 0x2040,
    0x7240, 0x6940, 0xA140, 0x2040, 0x2040, 0x2040, 0x21C0, 0x0000,
    /* [616] '杜' U+675C */
    0x2100, 0x2100, 0x2100, 0xF900, 0x27C0, 0x7100, 0x6900, 0xA100,
    0x2100, 0x2FE0, 0x2000, 0x0000,     /* [617] '杞' U+675E */
0x27E0, 0x2020, 0xF820, 0x2020,
    0x23E0, 0x3220, 0x6A00, 0xA200, 0x2220, 0x2220, 0x21E0, 0x0000,
    /* [618] '条' U+6761 */
    0x1000, 0x1F80, 0x2900, 0x4600, 0x0A00, 0x3580, 0xC460, 0x3F80,
    0x1500, 0x2480, 0xDC40, 0x0000,     /* [619] '来' U+6765 */
0x0400, 0x7FC0, 0x2480, 0x1500,
    0xFFE0, 0x0400, 0x0E00, 0x1500, 0x2480, 0xC460, 0x0400, 0x0000,
    /* [620] '杨' U+6768 */
    0x27C0, 0x2080, 0xF900, 0x2200, 0x77E0, 0x6AA0, 0xA2A0, 0xA4A0,
    0x2920, 0x2220, 0x24C0, 0x0000,     /* [621] '杭' U+676D */
0x2100, 0x2080, 0xFFE0, 0x2000,
    0x2380, 0x3280, 0x6A80, 0xA280, 0x22A0, 0x24A0, 0x2860, 0x0000,
    /* [622] '杰' U+6770 */
    0x0400, 0x0400, 0xFFE0, 0x1500, 0x2480, 0x4440, 0x8420, 0x0000,
    0x5240, 0x4920, 0x8920, 0x0000,     /* [623] '松' U+677E */
0x2080, 0x2280, 0xFA40, 0x2440,
    0x2420, 0x3120, 0x6900, 0xA200, 0x2240, 0x2440, 0x27A0, 0x0000,
    /* [624] '板' U+677F */
    0x20C0, 0x2700, 0xFC00, 0x2400, 0x27C0, 0x7440, 0x6E40, 0xA580,
    0x2880, 0x2940, 0x3620, 0x0000,     /* [625] '极' U+6781 */
0x27E0, 0x2240, 0xFA80, 0x22E0,
    0x2220, 0x7220, 0x6D40, 0xA540, 0x2480, 0x2940, 0x3220, 0x0000,
    /* [626] '林' U+6797 */
    0x2100, 0x2100, 0xFFE0, 0x2100, 0x7100, 0x6B80, 0xA540, 0xA920,
    0x2100, 0x2100, 0x2100, 0x0000,     /* [627] '果' U+679C */
0x3F80, 0x2480, 0x3F80, 0x2480,
    0x3F80, 0x0400, 0xFFE0, 0x0E00, 0x1500, 0x2480, 0xC460, 0x0000,
    /* [628] '枝' U+679D */
    0x2100, 0x2100, 0x2FE0, 0xF100, 0x27C0, 0x7240, 0x6A40, 0xA280,
    0x2100, 0x2280, 0x2C60, 0x0000,     /* [629] '枣' U+67A3 */
0x0400, 0xFFE0, 0x0400, 0x3F80,
    0x2480, 0x2E80, 0x1500, 0x6E80, 0x0160, 0x1C00, 0x0300, 0x0000,
    /* [630] '架' U+67B6 */
    0x2000, 0xFBE0, 0x2A20, 0x2A20, 0x4BE0, 0x9220, 0x0400, 0xFFE0,
    0x1500, 0x2480, 0xC460, 0x0000,     /* [631] '柏' U+67CF */
0x2080, 0x2100, 0xFBE0, 0x2220,
    0x2220, 0x33E0, 0x6A20, 0xA220, 0x2220, 0x23E0, 0x2220, 0x0000,
    /* [632] '查' U+67E5 */
    0x0400, 0xFFE0, 0x1500, 0x2480, 0xFFE0, 0x2080, 0x3F80, 0x2080,
    0x3F80, 0x0000, 0xFFE0, 0x0000,     /* [633] '柱' U+67F1 */
0x2200, 0x2100, 0xFFE0, 0x2100,
    0x7100, 0x6900, 0xA7C0, 0xA100, 0x2100, 0x2100, 0x2FE0, 0x0000,
    /* [634] '柳' U+67F3 */
    0x2200, 0x2CE0, 0xFAA0, 0x2AA0, 0x2AA0, 0x3AA0, 0x6EA0, 0xAAA0,
    0x22E0, 0x2480, 0x2880, 0x0000,     /* [635] '柴' U+67F4 */
0x1200, 0x1240, 0x5E80, 0x5320,
    0x5220, 0xF9E0, 0x0400, 0xFFE0, 0x1500, 0x2480, 0xC460, 0x0000,
    /* [636] '标' U+6807 */
    0x27C0, 0x2000, 0xF800, 0x2FE0, 0x2100, 0x7100, 0x6540, 0xA520,
    0x2920, 0x2100, 0x2300, 0x0000,     /* [637] '栋' U+680B */
0x2100, 0x27E0, 0xF900, 0x2280,
    0x7480, 0x6FE0, 0xA080, 0xA4C0, 0x24A0, 0x28A0, 0x2180, 0x0000,
    /* [638] '栎' U+680E */
    0x2040, 0x2380, 0xFC00, 0x2480, 0x2480, 0x37E0, 0x6880, 0xA2C0,
    0x24A0, 0x28A0, 0x2180, 0x0000,     /* [639] '栏' U+680F */
0x2420, 0x2240, 0xF000, 0x2FE0,
    0x6000, 0x7000, 0xA7C0, 0xA000, 0x2000, 0x2000, 0x2FE0, 0x0000,
    /* [640] '树' U+6811 */
    0x2040, 0x2E40, 0xF3E0, 0x2A40, 0x2A40, 0x7540, 0xA4C0, 0x2A40,
    0x3140, 0x2040, 0x20C0, 0x0000,     /* [641] '校' U+6821 */
0x2200, 0x2100, 0x2FE0, 0xF000,
    0x2280, 0x7440, 0x6AA0, 0xA280, 0x2100, 0x2280, 0x2C60, 0x0000,
    /* [642] '株' U+682A */
    0x2100, 0x2500, 0xF7C0, 0x2900, 0x7100, 0x6FE0, 0xA100, 0xA380,
    0x2540, 0x2920, 0x2100, 0x0000,     /* [643] '样' U+6837 */
0x2440, 0x2280, 0xFFE0, 0x2100,
    0x77C0, 0x6100, 0xA100, 0x2FE0, 0x2100, 0x2100, 0x2100, 0x0000,
    /* [644] '格' U+683C */
    0x2200, 0x23C0, 0xF440, 0x2A80, 0x2100, 0x7280, 0x6C60, 0xA7C0,
    0x2440, 0x2440, 0x27C0, 0x0000,     /* [645] '栾' U+683E */
0x0400, 0xFFE0, 0x0900, 0x2940,
    0xC920, 0x0400, 0xFFE0, 0x1500, 0x2480, 0x4440, 0x8420, 0x0000,
    /* [646] '桂' U+6842 */
    0x2100, 0x27C0, 0xF900, 0x2100, 0x2FE0, 0x3000, 0x6900, 0xA7C0,
    0x2100, 0x2100, 0x2FE0, 0x0000,     /* [647] '桃' U+6843 */
0x2280, 0x2280, 0xFAA0, 0x26C0,
    0x2280, 0x36C0, 0x6AA0, 0xA280, 0x22A0, 0x24A0, 0x2860, 0x0000,
    /* [648] '桐' U+6850 */
    0x2FE0, 0x2820, 0xFBA0, 0x2820, 0x6BA0, 0x7AA0, 0xAAA0, 0xABA0,
    0x2AA0, 0x2820, 0x2860, 0x0000,     /* [649] '桑' U+6851 */
0x3F80, 0x1100, 0x0E00, 0x1100,
    0xFBE0, 0x4A40, 0x3180, 0x4A40, 0xFFE0, 0x1500, 0xE4E0, 0x0000,
    /* [650] '桓' U+6853 */
    0x2FE0, 0x2000, 0xF800, 0x27C0, 0x6440, 0x77C0, 0xAC40, 0xA7C0,
    0x2440, 0x2000, 0x2FE0, 0x0000,     /* [651] '桔' U+6854 */
0x2100, 0x2100, 0xFFE0, 0x2100,
    0x27C0, 0x3000, 0x6FC0, 0xA440, 0x2440, 0x2440, 0x27C0, 0x0000,
    /* [652] '桥' U+6865 */
    0x20C0, 0x2700, 0xF100, 0x2FE0, 0x6280, 0x7440, 0xAAA0, 0xA280,
    0x2280, 0x2480, 0x2880, 0x0000,     /* [653] '桦' U+6866 */
0x2280, 0x22A0, 0xFCC0, 0x25A0,
    0x74A0, 0x6C60, 0xA100, 0xAFE0, 0x2100, 0x2100, 0x2100, 0x0000,
    /* [654] '梁' U+6881 */
    0x5F80, 0xA280, 0x4AC0, 0x2AA0, 0xD4A0, 0x4980, 0x5400, 0xFFE0,
    0x1500, 0x2480, 0xC460, 0x0000,     /* [655] '梅' U+6885 */
0x2400, 0x27E0, 0xF800, 0x27C0,
    0x7540, 0x6FE0, 0xA540, 0xA540, 0x27E0, 0x2040, 0x2180, 0x0000,
    /* [656] '梓' U+6893 */
    0x2200, 0x2100, 0xFFE0, 0x2440, 0x7280, 0x6FE0, 0xA100, 0xA100,
    0x27C0, 0x2100, 0x2100, 0x0000,     /* [657] '梧' U+68A7 */
0x27E0, 0x2100, 0xFFC0, 0x2240,
    0x6240, 0x77E0, 0xA800, 0xA7C0, 0x2440, 0x27C0, 0x2440, 0x0000,
    /* [658] '梨' U+68A8 */
    0x0440, 0xF940, 0x1140, 0xFF40, 0x5540, 0x92C0, 0x0400, 0xFFE0,
    0x1500, 0x2480, 0xC460, 0x0000,     /* [659] '梯' U+68AF */
0x2440, 0x2280, 0x27C0, 0xF940,
    0x27C0, 0x7500, 0x6FE0, 0xA320, 0x2520, 0x29C0, 0x2100, 0x0000,
    /* [660] '检' U+68C0 */
    0x2100, 0x2280, 0xFC40, 0x2820, 0x27C0, 0x7000, 0x6920, 0xA4A0,
    0x2240, 0x2280, 0x2FE0, 0x0000,     /* [661] '棉' U+68C9 */
0x2100, 0x27C0, 0xFC40, 0x27C0,
    0x7440, 0x6FC0, 0xA100, 0xAFE0, 0x2920, 0x2960, 0x2100, 0x0000,
    /* [662] '棱' U+68F1 */
    0x2100, 0x27C0, 0xF100, 0x2FE0, 0x2440, 0x3A20, 0x6BC0, 0xA680,
    0x2900, 0x2280, 0x2C60, 0x0000,     /* [663] '椒' U+6912 */
0x25E0, 0x24A0, 0xF7A0, 0x24A0,
    0x2FA0, 0x34A0, 0x66A0, 0xADA0, 0x3440, 0x24A0, 0x2D20, 0x0000,
    /* [664] '楚' U+695A */
    0x1080, 0xFFE0, 0x1080, 0x39C0, 0x56A0, 0x9080, 0x7FE0, 0x1220,
    0x13C0, 0x2A00, 0xC7E0, 0x0000,     /* [665] '楼' U+697C */
0x2920, 0x2540, 0xF100, 0x2FE0,
    0x7540, 0x6920, 0xA100, 0x2FE0, 0x2240, 0x2180, 0x2E60, 0x0000,
    /* [666] '榄' U+6984 */
    0x2280, 0x2AE0, 0xFB40, 0x2A20, 0x27C0, 0x3440, 0x6D40, 0xA540,
    0x25C0, 0x22A0, 0x2CE0, 0x0000,     /* [667] '榆' U+6986 */
0x2300, 0x2480, 0xFB60, 0x2000,
    0x6E20, 0x7AA0, 0xAEA0, 0xAAA0, 0x2EA0, 0x2A20, 0x2A60, 0x0000,
    /* [668] '榕' U+6995 */
    0x2100, 0x2FE0, 0xFAA0, 0x2440, 0x3380, 0x2C40, 0x6FE0, 0xA440,
    0x2440, 0x27C0, 0x2440, 0x0000,     /* [669] '榜' U+699C */
0x2100, 0x2FE0, 0xF280, 0x2FE0,
    0x2920, 0x3080, 0x6FE0, 0xA200, 0x23C0, 0x2440, 0x39C0, 0x0000,
    /* [670] '樟' U+6A1F */
    0x2100, 0x27E0, 0xF280, 0x2FE0, 0x3440, 0x6FC0, 0xA440, 0x27C0,
    0x2100, 0x2FE0, 0x2100, 0x0000,     /* [671] '模' U+6A21 */
0x2280, 0x2FE0, 0xF280, 0x27C0,
    0x3440, 0x6FC0, 0x6440, 0xAFE0, 0x2100, 0x2280, 0x2C60, 0x0000,
    /* [672] '横' U+6A2A */
    0x2280, 0x2FE0, 0xF280, 0x2FE0, 0x2100, 0x77C0, 0x6540, 0xA7C0,
    0x2540, 0x27C0, 0x2C60, 0x0000,     /* [673] '樵' U+6A35 */
0x2280, 0x27E0, 0xFC80, 0x27E0,
    0x7480, 0x6FE0, 0xA480, 0xA7E0, 0x2540, 0x2AA0, 0x2AA0, 0x0000,
    /* [674] '橘' U+6A58 */
    0x2FE0, 0x2280, 0xFFE0, 0x2520, 0x2940, 0x3FE0, 0x6AA0, 0xAC60,
    0x2BA0, 0x2AA0, 0x2BE0, 0x0000,     /* [675] '橙' U+6A59 */
0x2F40, 0x2AA0, 0xF440, 0x27C0,
    0x3820, 0x27C0, 0x6440, 0xA7C0, 0x2440, 0x2280, 0x2FE0, 0x0000,
    /* [676] '欲' U+6B32 */
    0x2900, 0x4500, 0x91E0, 0x3220, 0x4880, 0x8480, 0x7880, 0x4880,
    0x4940, 0x7A20, 0x0420, 0x0000,     /* [677] '歌' U+6B4C */
0xFD00, 0x0900, 0xE9E0, 0xAA20,
    0xFE80, 0x0880, 0xE880, 0xA940, 0xE940, 0x0A20, 0x1C20, 0x0000,
    /* [678] '止' U+6B62 */
    0x0200, 0x0200, 0x0200, 0x1200, 0x13C0, 0x1200, 0x1200, 0x1200,
    0x1200, 0x1200, 0x7FE0, 0x0000,     /* [679] '正' U+6B63 */
0x0000, 0xFFE0, 0x0400, 0x0400,
    0x2400, 0x27C0, 0x2400, 0x2400, 0x2400, 0x2400, 0xFFE0, 0x0000,
    /* [680] '步' U+6B65 */
    0x0400, 0x27C0, 0x2400, 0x2400, 0xFFE0, 0x0400, 0x1440, 0x2480,
    0x4100, 0x0600, 0xF800, 0x0000,     /* [681] '武' U+6B66 */
0x0180, 0x3D40, 0x0100, 0xFFE0,
    0x0900, 0x2900, 0x2D00, 0x2900, 0x28A0, 0x2EA0, 0xF060, 0x0000,
    /* [682] '段' U+6BB5 */
    0x1B80, 0x6280, 0x4280, 0x74E0, 0x4000, 0x77C0, 0x4440, 0x4280,
    0xF100, 0x4280, 0x4C60, 0x0000,     /* [683] '每' U+6BCF */
0x2000, 0x3FE0, 0x4000, 0x9F80,
    0x1480, 0xFFE0, 0x2480, 0x2280, 0x7FE0, 0x0080, 0x0300, 0x0000,
    /* [684] '比' U+6BD4 */
    0x4200, 0x4200, 0x4240, 0x4280, 0x7B00, 0x4200, 0x4200, 0x4200,
    0x5A20, 0x6220, 0x41E0, 0x0000,     /* [685] '毕' U+6BD5 */
0x4200, 0x4240, 0x7B80, 0x4220,
    0x4A20, 0x71E0, 0x0400, 0xFFE0, 0x0400, 0x0400, 0x0400, 0x0000,
    /* [686] '毛' U+6BDB */
    0x0380, 0x7C00, 0x0400, 0x0780, 0x7C00, 0x0400, 0x07E0, 0xFC00,
    0x0420, 0x0420, 0x03E0, 0x0000,     /* [687] '氏' U+6C0F */
0x0180, 0x7E00, 0x4400, 0x4400,
    0x7FE0, 0x4400, 0x4400, 0x4200, 0x5220, 0x6120, 0x40E0, 0x0000,
    /* [688] '民' U+6C11 */
    0x7FC0, 0x4040, 0x4040, 0x7FC0, 0x4400, 0x4400, 0x7FE0, 0x4200,
    0x4A20, 0x5120, 0x60E0, 0x0000,     /* [689] '水' U+6C34 */
0x0400, 0x0400, 0x0440, 0xF680,
    0x1500, 0x1500, 0x2480, 0x2480, 0x4440, 0x9420, 0x0800, 0x0000,
    /* [690] '永' U+6C38 */
    0x0400, 0x0200, 0x3C40, 0x0480, 0xF500, 0x1600, 0x2500, 0x2480,
    0x4460, 0x9400, 0x0800, 0x0000,     /* [691] '汇' U+6C47 */
0x4000, 0x27E0, 0x8400, 0x5400,
    0x1400, 0x2400, 0x2400, 0xC400, 0x4400, 0x4400, 0x47E0, 0x0000,
    /* [692] '汉' U+6C49 */
    0x4040, 0x2FE0, 0x8440, 0x5440, 0x1440, 0x2280, 0x2280, 0xC100,
    0x4280, 0x4440, 0x5820, 0x0000,     /* [693] '汕' U+6C55 */
0x4100, 0x2100, 0x8100, 0x4920,
    0x1920, 0x2920, 0x2920, 0xC920, 0x4920, 0x4FE0, 0x4820, 0x0000,
    /* [694] '汝' U+6C5D */
    0x4200, 0x2200, 0x0200, 0x9FE0, 0x5480, 0x2480, 0x2880, 0xCD00,
    0x4300, 0x44C0, 0x5820, 0x0000,     /* [695] '江' U+6C5F */
0x4000, 0x27C0, 0x8100, 0x5100,
    0x1100, 0x2100, 0x2100, 0xC100, 0x4100, 0x5FE0, 0x4000, 0x0000,
    /* [696] '池' U+6C60 */
    0x4100, 0x2500, 0x8500, 0x55C0, 0x1740, 0x2D40, 0x2540, 0xC5C0,
    0x4520, 0x4420, 0x43E0, 0x0000,     /* [697] '汤' U+6C64 */
0x4FC0, 0x2080, 0x8100, 0x5200,
    0x17E0, 0x22A0, 0x24A0, 0xC920, 0x4220, 0x44A0, 0x4840, 0x0000,
    /* [698] '汨' U+6C68 */
    0x47E0, 0x2420, 0x8420, 0x5420, 0x17E0, 0x2420, 0x2420, 0xC420,
    0x4420, 0x47E0, 0x4420, 0x0000,     /* [699] '汽' U+6C7D */
0x4400, 0x27E0, 0x8800, 0x57C0,
    0x1000, 0x2F80, 0x2080, 0xC080, 0x40A0, 0x4060, 0x4020, 0x0000,
    /* [700] '汾' U+6C7E */
    0x4280, 0x2280, 0x8440, 0x4820, 0x17E0, 0x2240, 0x2240, 0xC240,
    0x4440, 0x4540, 0x4880, 0x0000,     /* [701] '沁' U+6C81 */
0x4100, 0x2080, 0x8280, 0x5200,
    0x1240, 0x2A20, 0x2A20, 0xD200, 0x4220, 0x4220, 0x41E0, 0x0000,
    /* [702] '沂' U+6C82 */
    0x40C0, 0x2700, 0x8400, 0x5400, 0x17E0, 0x2480, 0x2480, 0xC480,
    0x4480, 0x4880, 0x5080, 0x0000,     /* [703] '沅' U+6C85 */
0x47C0, 0x2000, 0x8000, 0x5FE0,
    0x1280, 0x2280, 0x2280, 0xC280, 0x44A0, 0x44A0, 0x4860, 0x0000,
    /* [704] '沈' U+6C88 */
    0x4200, 0x2200, 0x8FE0, 0x4A40, 0x1200, 0x2300, 0x2500, 0xC500,
    0x4520, 0x4920, 0x50E0, 0x0000,     /* [705] '沙' U+6C99 */
0x4100, 0x2100, 0x8540, 0x4520,
    0x1520, 0x2900, 0x2120, 0xC040, 0x4080, 0x4300, 0x5C00, 0x0000,
    /* [706] '沛' U+6C9B */
    0x4100, 0x2FE0, 0x8100, 0x5FE0, 0x1920, 0x2920, 0x2920, 0xC920,
    0x4960, 0x4100, 0x4100, 0x0000,     /* [707] '沟' U+6C9F */
0x4400, 0x2400, 0x07E0, 0x9820,
    0x5220, 0x2220, 0x2520, 0xCFA0, 0x4020, 0x40A0, 0x4040, 0x0000,
    /* [708] '没' U+6CA1 */
    0x4780, 0x2480, 0x8480, 0x48E0, 0x1000, 0x2FC0, 0x2480, 0x4280,
    0xC300, 0x4480, 0x5860, 0x0000,     /* [709] '沧' U+6CA7 */
0x4100, 0x2280, 0x8440, 0x5820,
    0x17C0, 0x2440, 0x2440, 0xC580, 0x4420, 0x4420, 0x43E0, 0x0000,
    /* [710] '沪' U+6CAA */
    0x4100, 0x2080, 0x87E0, 0x5420, 0x1420, 0x27E0, 0x2400, 0xC400,
    0x4400, 0x4800, 0x5000, 0x0000,     /* [711] '沭' U+6CAD */
0x4280, 0x2240, 0x9FE0, 0x4200,
    0x1700, 0x2700, 0x2A80, 0xD240, 0x6220, 0x4200, 0x4200, 0x0000,
    /* [712] '河' U+6CB3 */
    0x5FE0, 0x2040, 0x8040, 0x4F40, 0x0940, 0x2940, 0x2F40, 0xC040,
    0x4040, 0x4140, 0x4080, 0x0000,     /* [713] '油' U+6CB9 */
0x4100, 0x2100, 0x8FE0, 0x4920,
    0x1920, 0x2920, 0x2FE0, 0xC920, 0x4920, 0x4FE0, 0x4820, 0x0000,
    /* [714] '治' U+6CBB */
    0x4100, 0x2100, 0x8200, 0x5440, 0x3FE0, 0x2020, 0xC7C0, 0x4440,
    0x4440, 0x47C0, 0x4440, 0x0000,     /* [715] '沽' U+6CBD */
0x4200, 0x2200, 0x9FE0, 0x4200,
    0x1200, 0x2FC0, 0x2840, 0xC840, 0x4840, 0x4FC0, 0x4840, 0x0000,
    /* [716] '沾' U+6CBE */
    0x4200, 0x2200, 0x83E0, 0x5200, 0x1200, 0x2FC0, 0x2840, 0xC840,
    0x4840, 0x4FC0, 0x4840, 0x0000,     /* [717] '泉' U+6CC9 */
0x0400, 0x3F80, 0x2080, 0x3F80,
    0x2080, 0x3F80, 0x04C0, 0x7700, 0x1500, 0x2480, 0xCC60, 0x0000,
    /* [718] '泊' U+6CCA */
    0x4100, 0x2200, 0x87E0, 0x5420, 0x1420, 0x27E0, 0x2420, 0xC420,
    0x4420, 0x47E0, 0x4420, 0x0000,     /* [719] '法' U+6CD5 */
0x4100, 0x2100, 0x07C0, 0x8100,
    0x4100, 0x0FE0, 0x2100, 0xC200, 0x4440, 0x4FA0, 0x4420, 0x0000,
    /* [720] '泗' U+6CD7 */
    0x4FE0, 0x2AA0, 0x8AA0, 0x5AA0, 0x1AA0, 0x2AA0, 0x2AE0, 0xCC20,
    0x4820, 0x4FE0, 0x4820, 0x0000,     /* [721] '波' U+6CE2 */
0x4100, 0x2100, 0x8FE0, 0x4920,
    0x1900, 0x2FC0, 0x2840, 0xCA80, 0x4900, 0x5280, 0x6C60, 0x0000,
    /* [722] '泮' U+6CEE */
    0x4100, 0x2920, 0x8540, 0x5100, 0x17C0, 0x2100, 0x2100, 0xCFE0,
    0x4100, 0x4100, 0x4100, 0x0000,     /* [723] '泰' U+6CF0 */
0x0400, 0xFFE0, 0x0400, 0x7FC0,
    0x0800, 0xFFE0, 0x2480, 0x5540, 0x8E20, 0x1500, 0x6CC0, 0x0000,
    /* [724] '泸' U+6CF8 */
    0x4100, 0x21E0, 0x8100, 0x5FE0, 0x1820, 0x2FE0, 0x2800, 0xC800,
    0x4800, 0x5000, 0x6000, 0x0000,     /* [725] '泽' U+6CFD */
0x4FC0, 0x2480, 0x0300, 0x8480,
    0x5A60, 0x2200, 0x4FC0, 0xC200, 0x5FE0, 0x4200, 0x4200, 0x0000,
    /* [726] '泾' U+6CFE */
    0x4FC0, 0x2080, 0x8100, 0x5280, 0x1440, 0x2820, 0x27C0, 0xC100,
    0x4100, 0x4100, 0x5FE0, 0x0000,     /* [727] '洁' U+6D01 */
0x4100, 0x2FE0, 0x8100, 0x5100,
    0x17C0, 0x2000, 0x27C0, 0xC440, 0x4440, 0x4440, 0x47C0, 0x0000,
    /* [728] '洈' U+6D08 */
    0x4400, 0x2780, 0x8900, 0x4FE0, 0x1800, 0x2BC0, 0x2A40, 0xCA40,
    0x4AC0, 0x5220, 0x63E0, 0x0000,     /* [729] '洋' U+6D0B */
0x4440, 0x2280, 0x8FE0, 0x4100,
    0x1100, 0x27C0, 0x2100, 0xC100, 0x4FE0, 0x4100, 0x4100, 0x0000,
    /* [730] '洛' U+6D1B */
    0x4400, 0x27C0, 0x8440, 0x5A80, 0x1100, 0x2280, 0x2FE0, 0xC440,
    0x4440, 0x47C0, 0x4440, 0x0000,     /* [731] '洞' U+6D1E */
0x4FE0, 0x2820, 0x8820, 0x5BA0,
    0x1820, 0x2BA0, 0x2AA0, 0xCBA0, 0x4820, 0x4820, 0x4860, 0x0000,
    /* [732] '津' U+6D25 */
    0x4200, 0x2FC0, 0x8240, 0x5FE0, 0x1240, 0x2FC0, 0x2200, 0xCFC0,
    0x4200, 0x5FE0, 0x4200, 0x0000,     /* [733] '洪' U+6D2A */
0x4480, 0x2480, 0x8480, 0x5FE0,
    0x0480, 0x2480, 0x3FE0, 0xC000, 0x4480, 0x4860, 0x5020, 0x0000,
    /* [734] '洱' U+6D31 */
    0x4FE0, 0x2440, 0x8440, 0x57C0, 0x1440, 0x27C0, 0x2440, 0xC5E0,
    0x5E40, 0x4040, 0x4040, 0x0000,     /* [735] '洲' U+6D32 */
0x4920, 0x2920, 0x8920, 0x5920,
    0x0DA0, 0x2B60, 0x2920, 0xC920, 0x4920, 0x4920, 0x5020, 0x0000,
    /* [736] '流' U+6D41 */
    0x8200, 0x5FE0, 0x0400, 0x8880, 0x5FC0, 0x2040, 0x2A80, 0xCA80,
    0x4AA0, 0x4AA0, 0x5260, 0x0000,     /* [737] '浅' U+6D45 */
0x4280, 0x2240, 0x8FC0, 0x5200,
    0x1FE0, 0x2200, 0x2240, 0xC280, 0x4120, 0x46A0, 0x5860, 0x0000,
    /* [738] '测' U+6D4B */
    0xBE20, 0x62A0, 0x2AA0, 0xAAA0, 0x6AA0, 0x2AA0, 0x2AA0, 0xC8A0,
    0x5420, 0x6220, 0x40E0, 0x0000,     /* [739] '济' U+6D4E */
0x4100, 0x2FE0, 0x8480, 0x5300,
    0x1480, 0x2860, 0x2480, 0xC480, 0x4480, 0x4880, 0x5080, 0x0000,
    /* [740] '浏' U+6D4F */
    0x4820, 0x2420, 0x9EA0, 0x42A0, 0x0AA0, 0x24A0, 0x24A0, 0xCAA0,
    0x5220, 0x6020, 0x4060, 0x0000,     /* [741] '浓' U+6D53 */
0x4100, 0x2100, 0x8FE0, 0x4A20,
    0x1200, 0x2520, 0x2540, 0xCC80, 0x5440, 0x4520, 0x4600, 0x0000,
    /* [742] '浙' U+6D59 */
    0x4420, 0x25C0, 0x9F00, 0x5500, 0x17E0, 0x2D40, 0x3540, 0xC540,
    0x4540, 0x5640, 0x4A40, 0x0000,     /* [743] '浦' U+6D66 */
0x4140, 0x2120, 0x8FE0, 0x5100,
    0x1FE0, 0x2920, 0x2FE0, 0xC920, 0x4FE0, 0x4920, 0x4960, 0x0000,
    /* [744] '浩' U+6D69 */
    0x4500, 0x2500, 0x87C0, 0x5900, 0x1100, 0x2FE0, 0x2000, 0xC7C0,
    0x4440, 0x4440, 0x47C0, 0x0000,     /* [745] '浪' U+6D6A */
0x4200, 0x2FC0, 0x8840, 0x4FC0,
    0x1840, 0x2FC0, 0x2A20, 0xC940, 0x4980, 0x4A80, 0x4C60, 0x0000,
    /* [746] '浮' U+6D6E */
    0x40C0, 0x2F20, 0x8A20, 0x5540, 0x17E0, 0x2080, 0x2100, 0xDFE0,
    0x4100, 0x4500, 0x4200, 0x0000,     /* [747] '浴' U+6D74 */
0x4280, 0x2440, 0x8920, 0x5280,
    0x1440, 0x2820, 0x37C0, 0xC440, 0x4440, 0x47C0, 0x4440, 0x0000,
    /* [748] '海' U+6D77 */
    0x4400, 0x27E0, 0x8800, 0x57C0, 0x1540, 0x2FE0, 0x2940, 0xC940,
    0x4FE0, 0x4040, 0x4180, 0x0000,     /* [749] '消' U+6D88 */
0x4920, 0x2540, 0x8100, 0x57E0,
    0x1420, 0x27E0, 0x2420, 0xC7E0, 0x4420, 0x4420, 0x4460, 0x0000,
    /* [750] '涉' U+6D89 */
    0x4100, 0x2100, 0x85E0, 0x5500, 0x1FE0, 0x2100, 0x2520, 0xC940,
    0x5080, 0x4100, 0x4E00, 0x0000,     /* [751] '涞' U+6D9E */
0x4100, 0x2FE0, 0x8920, 0x5540,
    0x1380, 0x2FE0, 0x2100, 0xC380, 0x4540, 0x4920, 0x5120, 0x0000,
    /* [752] '涟' U+6D9F */
    0x5100, 0x2BE0, 0x8900, 0x5280, 0x17E0, 0x3880, 0x2BE0, 0xC880,
    0x4880, 0x5400, 0x63E0, 0x0000,     /* [753] '涡' U+6DA1 */
0x47C0, 0x2440, 0x8440, 0x57C0,
    0x1100, 0x2FE0, 0x2920, 0xCAA0, 0x4C60, 0x4820, 0x48E0, 0x0000,
    /* [754] '润' U+6DA6 */
    0x45E0, 0x2220, 0x8820, 0x5BA0, 0x1920, 0x2BA0, 0x2920, 0xC920,
    0x4FE0, 0x4820, 0x48E0, 0x0000,     /* [755] '涿' U+6DBF */
0x5FE0, 0x2200, 0x8620, 0x5940,
    0x1680, 0x24C0, 0x2BA0, 0xD2A0, 0x44A0, 0x5C80, 0x4300, 0x0000,
    /* [756] '淄' U+6DC4 */
    0x4540, 0x2540, 0x8A80, 0x5A80, 0x1540, 0x2540, 0x2FE0, 0xC920,
    0x4FE0, 0x4920, 0x4FE0, 0x0000,     /* [757] '淡' U+6DE1 */
0x4100, 0x2540, 0x0980, 0x8280,
    0x5440, 0x2920, 0x2540, 0xC580, 0x4900, 0x4280, 0x5C60, 0x0000,
    /* [758] '淮' U+6DEE */
    0x4500, 0x2480, 0x07E0, 0x9C80, 0x57E0, 0x2480, 0x2480, 0xC7E0,
    0x4480, 0x4480, 0x47E0, 0x0000,     /* [759] '深' U+6DF1 */
0x4FE0, 0x2820, 0x0480, 0x8940,
    0x4100, 0x2FE0, 0x2100, 0xC380, 0x4540, 0x5920, 0x4100, 0x0000,
    /* [760] '添' U+6DFB */
    0x4FC0, 0x2200, 0x0200, 0x9FE0, 0x4880, 0x3260, 0x2200, 0xCB40,
    0x4AA0, 0x52A0, 0x4600, 0x0000,     /* [761] '淼' U+6DFC */
0x04C0, 0x7500, 0x1600, 0x2580,
    0xCC60, 0x10A0, 0xF7A0, 0x59C0, 0x56A0, 0x94A0, 0x31A0, 0x0000,
    /* [762] '清' U+6E05 */
    0x4100, 0x2FE0, 0x0100, 0x97C0, 0x5100, 0x2FE0, 0x2440, 0xC740,
    0x45C0, 0x4440, 0x44C0, 0x0000,     /* [763] '渑' U+6E11 */
0x47C0, 0x2440, 0x07C0, 0x9100,
    0x5FE0, 0x2920, 0x2FE0, 0xC920, 0x4FE0, 0x4120, 0x40E0, 0x0000,
    /* [764] '渔' U+6E14 */
    0x4200, 0x23C0, 0x0480, 0x8FE0, 0x5920, 0x2FE0, 0x2920, 0xCFE0,
    0x4820, 0x4000, 0x5FE0, 0x0000,     /* [765] '渝' U+6E1D */
0x4300, 0x2480, 0x0B60, 0x9000,
    0x5E20, 0x2AA0, 0x2EA0, 0xCAA0, 0x4EA0, 0x4A20, 0x4AE0, 0x0000,
    /* [766] '渠' U+6E20 */
    0x4FE0, 0x2800, 0x8FC0, 0x5840, 0xAFC0, 0x4800, 0x4FE0, 0x4400,
    0xFFE0, 0x1500, 0xE4E0, 0x0000,     /* [767] '温' U+6E29 */
0x47C0, 0x2440, 0x07C0, 0x9440,
    0x57C0, 0x2000, 0x2FE0, 0xCAA0, 0x4AA0, 0x4AA0, 0x5FE0, 0x0000,
    /* [768] '渭' U+6E2D */
    0x4FE0, 0x2920, 0x0FE0, 0x9920, 0x5FE0, 0x2440, 0x27C0, 0xC440,
    0x47C0, 0x4440, 0x44C0, 0x0000,     /* [769] '港' U+6E2F */
0x4480, 0x2FE0, 0x0480, 0x9FE0,
    0x5480, 0x27C0, 0x2CA0, 0xD780, 0x4420, 0x4420, 0x43E0, 0x0000,
    /* [770] '湄' U+6E44 */
    0x4FE0, 0x2920, 0x0FE0, 0x8800, 0x4BE0, 0x2A20, 0x2BE0, 0xCA20,
    0x4BE0, 0x5220, 0x63E0, 0x0000,     /* [771] '湖' U+6E56 */
0x44E0, 0x24A0, 0x1FA0, 0x94E0,
    0x54A0, 0x2EA0, 0x2AE0, 0xCAA0, 0x4EA0, 0x4120, 0x4260, 0x0000,
    /* [772] '湘' U+6E58 */
    0x45E0, 0x2520, 0x0520, 0x9FE0, 0x4520, 0x2720, 0x2DE0, 0xD520,
    0x4520, 0x45E0, 0x4520, 0x0000,     /* [773] '湛' U+6E5B */
0x4440, 0x2FE0, 0x0440, 0x97C0,
    0x5440, 0x27C0, 0x2440, 0xDFE0, 0x4A80, 0x4C40, 0x4FE0, 0x0000,
    /* [774] '湾' U+6E7E */
    0x4100, 0x2FE0, 0x06C0, 0x8AA0, 0x47C0, 0x2040, 0x27C0, 0xC400,
    0x47E0, 0x4020, 0x40C0, 0x0000,     /* [775] '湿' U+6E7F */
0x47C0, 0x2440, 0x07C0, 0x9440,
    0x57C0, 0x2440, 0x2280, 0xCAA0, 0x46C0, 0x4280, 0x4FE0, 0x0000,
    /* [776] '溆' U+6E86 */
    0x4600, 0x29E0, 0x10A0, 0x8FA0, 0x44A0, 0x3FA0, 0x24A0, 0xCEA0,
    0x5540, 0x44A0, 0x4D20, 0x0000,     /* [777] '源' U+6E90 */
0x4FE0, 0x2880, 0x8BE0, 0x4A20,
    0x1BE0, 0x2A20, 0x2BE0, 0xC880, 0x4AC0, 0x54A0, 0x69A0, 0x0000,
    /* [778] '溧' U+6EA7 */
    0x4FE0, 0x2280, 0x0FE0, 0x8AA0, 0x4FE0, 0x2100, 0x2FE0, 0xC100,
    0x4380, 0x4540, 0x4920, 0x0000,     /* [779] '溪' U+6EAA */
0x4FE0, 0x2920, 0x04C0, 0x8240,
    0x4780, 0x2240, 0x2FA0, 0xC100, 0x5FE0, 0x4280, 0x5C60, 0x0000,
    /* [780] '滁' U+6EC1 */
    0x5C80, 0x3540, 0x1620, 0x99E0, 0x5480, 0x35E0, 0x3480, 0xDDC0,
    0x52A0, 0x54A0, 0x5180, 0x0000,     /* [781] '滇' U+6EC7 */
0x4100, 0x2FE0, 0x0440, 0x87C0,
    0x4440, 0x2740, 0x25C0, 0xC440, 0x5FE0, 0x4280, 0x4C60, 0x0000,
    /* [782] '滋' U+6ECB */
    0x4840, 0x2480, 0x1FE0, 0x8440, 0x4880, 0x2AA0, 0x3DC0, 0xC440,
    0x48A0, 0x52A0, 0x5DE0, 0x0000,     /* [783] '滑' U+6ED1 */
0x47C0, 0x2440, 0x0740, 0x8540,
    0x5FE0, 0x3460, 0x27C0, 0xC440, 0x47C0, 0x4440, 0x44C0, 0x0000,
    /* [784] '滔' U+6ED4 */
    0x4040, 0x27A0, 0x0A20, 0x8540, 0x4260, 0x2C20, 0x2820, 0xCEE0,
    0x4820, 0x4FE0, 0x4820, 0x0000,     /* [785] '滕' U+6ED5 */
0xE920, 0xA540, 0xAFE0, 0xE200,
    0xAFE0, 0xA540, 0xED60, 0xA380, 0xA540, 0xA920, 0xB320, 0x0000,
    /* [786] '满' U+6EE1 */
    0x4280, 0x2FE0, 0x1280, 0x9FE0, 0x4280, 0x2FE0, 0x2AA0, 0xCAA0,
    0x4D60, 0x4920, 0x4860, 0x0000,     /* [787] '滤' U+6EE4 */
0x41E0, 0x2100, 0x0FE0, 0x8920,
    0x4FC0, 0x2920, 0x29E0, 0xCB40, 0x4AA0, 0x5640, 0x69C0, 0x0000,
    /* [788] '滦' U+6EE6 */
    0x4100, 0x3FE0, 0x0480, 0x8CC0, 0x54A0, 0x2100, 0x3FE0, 0xC300,
    0x4580, 0x4960, 0x5120, 0x0000,     /* [789] '滨' U+6EE8 */
0x4100, 0x2FE0, 0x08A0, 0x9700,
    0x5400, 0x27E0, 0x2480, 0xC480, 0x5FE0, 0x4480, 0x5860, 0x0000,
    /* [790] '滩' U+6EE9 */
    0x4180, 0x3D40, 0x05E0, 0x9740, 0x5540, 0x29E0, 0x2940, 0xCD40,
    0x55E0, 0x6340, 0x41E0, 0x0000,     /* [791] '漆' U+6F06 */
0x4100, 0x2FE0, 0x0380, 0x8560,
    0x4B80, 0x2560, 0x2D40, 0xC380, 0x4540, 0x5920, 0x4300, 0x0000,
    /* [792] '演' U+6F14 */
    0x4100, 0x2FE0, 0x0820, 0x9FE0, 0x5100, 0x27C0, 0x2540, 0xC7C0,
    0x4540, 0x47C0, 0x4C60, 0x0000,     /* [793] '漠' U+6F20 */
0x4480, 0x3FE0, 0x0480, 0x8FC0,
    0x4840, 0x2FC0, 0x2840, 0xDFE0, 0x4300, 0x4480, 0x5860, 0x0000,
    /* [794] '漯' U+6F2F */
    0x4FC0, 0x2940, 0x0FC0, 0x8940, 0x5FC0, 0x2200, 0x2F80, 0xC240,
    0x5FE0, 0x4940, 0x5320, 0x0000,     /* [795] '漳' U+6F33 */
0x4100, 0x2FE0, 0x0280, 0x9FE0,
    0x5440, 0x27C0, 0x2440, 0xC7C0, 0x4100, 0x5FE0, 0x4100, 0x0000,
    /* [796] '潍' U+6F4D */
    0x4940, 0x29E0, 0x1740, 0x9D40, 0x49E0, 0x2B40, 0x2DE0, 0xC140,
    0x4D40, 0x71E0, 0x4100, 0x0000,     /* [797] '潘' U+6F58 */
0x41C0, 0x3E40, 0x0A80, 0x9FE0,
    0x4A80, 0x3240, 0x3FE0, 0xCA40, 0x4FC0, 0x4A40, 0x4FC0, 0x0000,
    /* [798] '潜' U+6F5C */
    0x8880, 0x5DC0, 0x0880, 0xBDE0, 0x4880, 0x1540, 0x2FA0, 0xC880,
    0x4F80, 0x4880, 0x4F80, 0x0000,     /* [799] '潢' U+6F62 */
0x4280, 0x2FE0, 0x0280, 0x8FE0,
    0x5100, 0x27C0, 0x2540, 0xC7C0, 0x4540, 0x47C0, 0x4C60, 0x0000,
    /* [800] '潭' U+6F6D */
    0x5FE0, 0x2280, 0x0FE0, 0x8AA0, 0x4FE0, 0x2440, 0x27C0, 0xC440,
    0x5FE0, 0x4100, 0x4100, 0x0000,     /* [801] '潮' U+6F6E */
0x44E0, 0x3EA0, 0x04A0, 0x9EE0,
    0x52A0, 0x1EA0, 0x32E0, 0xDEA0, 0x44A0, 0x5EA0, 0x4560, 0x0000,
    /* [802] '潼' U+6F7C */
    0x4100, 0x2FE0, 0x0280, 0x8100, 0x5FE0, 0x2540, 0x27C0, 0xC540,
    0x47C0, 0x4100, 0x5FE0, 0x0000,     /* [803] '澜' U+6F9C */
0x49E0, 0x2520, 0x1FE0, 0x9120,
    0x5FE0, 0x3560, 0x3FE0, 0xD120, 0x53A0, 0x5560, 0x5160, 0x0000,
    /* [804] '澧' U+6FA7 */
    0x4280, 0x2FE0, 0x0AA0, 0x8FE0, 0x4AA0, 0x3FE0, 0x2840, 0xCFC0,
    0x4480, 0x4300, 0x5FE0, 0x0000,     /* [805] '澳' U+6FB3 */
0x4200, 0x2FE0, 0x0D60, 0x8BA0,
    0x4FE0, 0x2920, 0x2BA0, 0xCD60, 0x5FE0, 0x4480, 0x5860, 0x0000,
    /* [806] '濮' U+6FEE */
    0x4540, 0x2B60, 0x0FE0, 0x8940, 0x5FE0, 0x2880, 0x2BE0, 0xC880,
    0x4FE0, 0x4940, 0x4A20, 0x0000,     /* [807] '瀣' U+7023 */
0x4EE0, 0x28A0, 0x8FA0, 0x5240,
    0x0CA0, 0x2A80, 0x3EE0, 0xC280, 0x4EE0, 0x4280, 0x5FE0, 0x0000,
    /* [808] '灌' U+704C */
    0x4FE0, 0x2440, 0x8EE0, 0x4AA0, 0x2EE0, 0x2500, 0x4FE0, 0xD900,
    0x4FE0, 0x4900, 0x4FE0, 0x0000,     /* [809] '火' U+706B */
0x0400, 0x0400, 0x2440, 0x2480,
    0x2500, 0x4400, 0x0A00, 0x0A00, 0x1100, 0x2080, 0xC060, 0x0000,
    /* [810] '灯' U+706F */
    0x1000, 0x17E0, 0x5480, 0x5880, 0x5080, 0x9080, 0x1080, 0x1080,
    0x2880, 0x4480, 0x8180, 0x0000,     /* [811] '灰' U+7070 */
0x0800, 0xFFE0, 0x0A00, 0x1200,
    0x1240, 0x2A80, 0x4B00, 0x9200, 0x0500, 0x1880, 0x6060, 0x0000,
    /* [812] '灵' U+7075 */
    0x3F80, 0x0080, 0x3F80, 0x0080, 0x3F80, 0x0400, 0x1440, 0x2480,
    0x0A00, 0x1100, 0xE0E0, 0x0000,     /* [813] '炉' U+7089 */
0x2100, 0x2080, 0x2FE0, 0xB420,
    0xA420, 0xA7E0, 0x2400, 0x5400, 0x5400, 0x4800, 0x9000, 0x0000,
    /* [814] '炜' U+709C */
    0x2100, 0x27E0, 0x2900, 0xB7E0, 0xA100, 0xAFE0, 0x2120, 0x3120,
    0x4960, 0x4900, 0x8100, 0x0000,     /* [815] '炬' U+70AC */
0x27E0, 0x2400, 0x2C00, 0xB7C0,
    0xA440, 0xA440, 0x27C0, 0x3440, 0x4C00, 0x4400, 0x87E0, 0x0000,
    /* [816] '点' U+70B9 */
    0x0400, 0x0400, 0x07C0, 0x0400, 0x3F80, 0x2080, 0x2080, 0x3F80,
    0x0000, 0x5240, 0x8920, 0x0000,     /* [817] '烟' U+70DF */
0x27E0, 0x2520, 0x2D20, 0xB7E0,
    0xA520, 0xA520, 0x25A0, 0x3660, 0x4C20, 0x47E0, 0x8420, 0x0000,
    /* [818] '烤' U+70E4 */
    0x2240, 0x27C0, 0x2A80, 0xB7E0, 0xA200, 0xA7E0, 0x2A00, 0x33C0,
    0x4840, 0x4840, 0x8180, 0x0000,     /* [819] '烧' U+70E7 */
0x2200, 0x22E0, 0x2F40, 0xB2A0,
    0xA1A0, 0xAE60, 0x2000, 0x37E0, 0x4A80, 0x44A0, 0x8860, 0x0000,
    /* [820] '热' U+70ED */
    0x2200, 0xF780, 0x2280, 0x3280, 0x6680, 0xA380, 0x24A0, 0x6860,
    0x0000, 0x5240, 0x8920, 0x0000,     /* [821] '烽' U+70FD */
0x2200, 0x23E0, 0x2440, 0xAB80,
    0xB560, 0xAB80, 0x2100, 0x27C0, 0x5100, 0x4FE0, 0x8100, 0x0000,
    /* [822] '焕' U+7115 */
    0x2400, 0x2780, 0x2900, 0xB7C0, 0xA540, 0xA540, 0x2FE0, 0x3100,
    0x4A80, 0x4440, 0x9820, 0x0000,     /* [823] '焦' U+7126 */
0x1400, 0x2200, 0x7FE0, 0xA200,
    0x3FC0, 0x2200, 0x3FC0, 0x2200, 0x3FE0, 0x5240, 0x8920, 0x0000,
    /* [824] '煌' U+714C */
    0x2200, 0x27C0, 0xAC40, 0xB7C0, 0xA440, 0xAFE0, 0x2100, 0x27C0,
    0x5100, 0x4900, 0x8FE0, 0x0000,     /* [825] '煤' U+7164 */
0x2440, 0x2FE0, 0x2440, 0xB7C0,
    0xA440, 0x27C0, 0x2100, 0x3FE0, 0x5380, 0x4540, 0x8920, 0x0000,
    /* [826] '照' U+7167 */
    0x7FE0, 0x4920, 0x4A20, 0x7C40, 0x4BE0, 0x4A20, 0x7A20, 0x4BE0,
    0x0000, 0x5240, 0x8920, 0x0000,     /* [827] '熊' U+718A */
0x4A40, 0xFB80, 0x0220, 0x7BE0,
    0x4800, 0x7A40, 0x4B80, 0x7A20, 0x4BE0, 0x5240, 0x8920, 0x0000,
    /* [828] '熙' U+7199 */
    0x7DE0, 0x4920, 0x5D20, 0x55E0, 0x5D00, 0x4920, 0x4920, 0x7EE0,
    0x5240, 0x4920, 0x8920, 0x0000,     /* [829] '熟' U+719F */
0x2100, 0xFD00, 0x4BC0, 0x7940,
    0x0340, 0x7D40, 0x1140, 0xFAA0, 0x3420, 0x4940, 0x8920, 0x0000,
    /* [830] '燃' U+71C3 */
    0x2880, 0x2EC0, 0xAAA0, 0xB7E0, 0xAA80, 0xA540, 0x2A20, 0x2000,
    0x5540, 0x4AA0, 0x8AA0, 0x0000,     /* [831] '燕' U+71D5 */
0x0A00, 0xFFE0, 0x0A00, 0x2E80,
    0x20A0, 0xEEC0, 0x2AA0, 0xEEE0, 0x0000, 0x5240, 0x8920, 0x0000,
    /* [832] '爬' U+722C */
    0x1BE0, 0xEAA0, 0xAAA0, 0xABE0, 0xAA00, 0xAA20, 0xAA20, 0xA5E0,
    0xA400, 0xA300, 0xA0E0, 0x0000,     /* [833] '爱' U+7231 */
0x00C0, 0x7F40, 0x2480, 0xFFE0,
    0x8420, 0x7FC0, 0x0800, 0x1F80, 0x2900, 0xCE00, 0x31E0, 0x0000,
    /* [834] '版' U+7248 */
    0x10C0, 0x5700, 0x5400, 0x7FE0, 0x4640, 0x4540, 0x7540, 0x5480,
    0x5480, 0x9540, 0x9A20, 0x0000,     /* [835] '牛' U+725B */
0x0200, 0x1200, 0x1200, 0x3FC0,
    0x4200, 0x0200, 0x7FE0, 0x0200, 0x0200, 0x0200, 0x0200, 0x0000,
    /* [836] '牟' U+725F */
    0x0800, 0x1080, 0x3FC0, 0x0200, 0x2200, 0x3FC0, 0x4200, 0x0200,
    0xFFE0, 0x0200, 0x0200, 0x0000,     /* [837] '牡' U+7261 */
0x1080, 0x5080, 0x5080, 0x7880,
    0x93E0, 0x1880, 0x3080, 0xD080, 0x1080, 0x17E0, 0x1000, 0x0000,
    /* [838] '物' U+7269 */
    0x2200, 0xA200, 0xA7E0, 0xFAA0, 0xA2A0, 0x32A0, 0x64A0, 0xA920,
    0x2220, 0x2520, 0x28C0, 0x0000,     /* [839] '特' U+7279 */
0x2100, 0xA7C0, 0xF100, 0xA100,
    0xAFE0, 0x3080, 0x6FE0, 0xA480, 0x2280, 0x2080, 0x2380, 0x0000,
    /* [840] '狐' U+72D0 */
    0x10C0, 0xAF00, 0x4A80, 0xAA80, 0x2A80, 0x2A40, 0x6A40, 0xAA40,
    0x2AA0, 0x2BA0, 0xD020, 0x0000,     /* [841] '狗' U+72D7 */
0x9200, 0x5200, 0x27E0, 0x5420,
    0x9BA0, 0x32A0, 0x52A0, 0x93A0, 0x1020, 0x5140, 0x2080, 0x0000,
    /* [842] '独' U+72EC */
    0x9100, 0x5100, 0x27E0, 0x5520, 0x9520, 0x3520, 0x57E0, 0x9100,
    0x1120, 0x5FE0, 0x2020, 0x0000,     /* [843] '狮' U+72EE */
0xA3E0, 0x4A80, 0xABE0, 0x2AA0,
    0x2AA0, 0x6AA0, 0xAAA0, 0x2AA0, 0x22E0, 0xA480, 0x4880, 0x0000,
    /* [844] '狼' U+72FC */
    0x8900, 0x57C0, 0x2440, 0x57C0, 0x9440, 0x37C0, 0x5520, 0x9540,
    0x1480, 0x5540, 0x2620, 0x0000,     /* [845] '猛' U+731B */
0x97C0, 0x5080, 0x2100, 0x5FE0,
    0x9100, 0x3500, 0x5200, 0x9FE0, 0x2AA0, 0xAAA0, 0x5FE0, 0x0000,
    /* [846] '猪' U+732A */
    0x8920, 0x57A0, 0x2140, 0x57E0, 0x9100, 0x33E0, 0x5620, 0x9BE0,
    0x1220, 0x53E0, 0x2220, 0x0000,     /* [847] '猫' U+732B */
0x8A40, 0x57E0, 0x2240, 0x5240,
    0x97E0, 0x3520, 0x5520, 0x97E0, 0x1520, 0x57E0, 0x2420, 0x0000,
    /* [848] '献' U+732E */
    0x1080, 0xFCC0, 0x10A0, 0xFFE0, 0xAC80, 0x9480, 0xFC80, 0x9480,
    0xFD40, 0x9540, 0x8E20, 0x0000,     /* [849] '率' U+7387 */
0x0400, 0xFFE0, 0x8840, 0x5280,
    0x0C00, 0x2A80, 0xDF40, 0x0400, 0xFFE0, 0x0400, 0x0400, 0x0000,
    /* [850] '玉' U+7389 */
    0x7FC0, 0x0400, 0x0400, 0x0400, 0x3F80, 0x0400, 0x0500, 0x0480,
    0x0480, 0x0400, 0xFFE0, 0x0000,     /* [851] '王' U+738B */
0x7FC0, 0x0400, 0x0400, 0x0400,
    0x0400, 0x3F80, 0x0400, 0x0400, 0x0400, 0x0400, 0xFFE0, 0x0000,
    /* [852] '玛' U+739B */
    0x03C0, 0xF840, 0x2240, 0x2240, 0x7240, 0x23E0, 0x2020, 0x37A0,
    0xC020, 0x0120, 0x00C0, 0x0000,     /* [853] '玩' U+73A9 */
0x03C0, 0xF800, 0x2000, 0x2000,
    0x77E0, 0x2280, 0x2280, 0x3A80, 0xC2A0, 0x04A0, 0x1860, 0x0000,
    /* [854] '环' U+73AF */
    0x07E0, 0xF900, 0x2100, 0x2300, 0x7380, 0x2540, 0x2520, 0x3920,
    0xC100, 0x0100, 0x0100, 0x0000,     /* [855] '现' U+73B0 */
0x07C0, 0xF440, 0x2540, 0x2540,
    0xF540, 0x2540, 0x2540, 0x3280, 0xC2A0, 0x04A0, 0x18E0, 0x0000,
    /* [856] '玲' U+73B2 */
    0x0100, 0xFA80, 0x2440, 0x2A20, 0x7100, 0x2000, 0x27E0, 0x3840,
    0xC280, 0x0100, 0x0080, 0x0000,     /* [857] '玻' U+73BB */
0x0080, 0xF7E0, 0x24A0, 0x2480,
    0x77C0, 0x2640, 0x2540, 0x3540, 0xC480, 0x0940, 0x1620, 0x0000,
    /* [858] '珠' U+73E0 */
    0x0100, 0xF500, 0x27C0, 0x2900, 0xF100, 0x2FE0, 0x2100, 0x3380,
    0xC540, 0x0920, 0x0100, 0x0000,     /* [859] '班' U+73ED */
0x0200, 0xF3E0, 0x2280, 0x2A80,
    0xFA80, 0x2BE0, 0x2A80, 0x2480, 0x3480, 0xC880, 0x13E0, 0x0000,
    /* [860] '球' U+7403 */
    0x0140, 0xF920, 0x2FE0, 0x2100, 0x2520, 0xF340, 0x2180, 0x2340,
    0x3520, 0xC920, 0x0300, 0x0000,     /* [861] '理' U+7406 */
0x0FE0, 0xF920, 0x2FE0, 0x2920,
    0x2920, 0xFFE0, 0x2100, 0x27C0, 0x3100, 0xC100, 0x0FE0, 0x0000,
    /* [862] '琼' U+743C */
    0x0100, 0xF7E0, 0x2000, 0x27C0, 0x2440, 0xF440, 0x27C0, 0x2100,
    0x3540, 0xC920, 0x0300, 0x0000,     /* [863] '瑞' U+745E */
0x0920, 0xF920, 0x2FE0, 0x2000,
    0x7FE0, 0x2200, 0x2FE0, 0x3AA0, 0xCAA0, 0x0AA0, 0x0860, 0x0000,
    /* [864] '璃' U+7483 */
    0x0100, 0xF7E0, 0x2280, 0x2920, 0x7AA0, 0x2FE0, 0x2100, 0x3FE0,
    0xCAA0, 0x0BA0, 0x0860, 0x0000,     /* [865] '瓜' U+74DC */
0x01C0, 0x3F00, 0x2500, 0x2500,
    0x2500, 0x2480, 0x2480, 0x2440, 0x4540, 0x47A0, 0x8CA0, 0x0000,
    /* [866] '瓶' U+74F6 */
    0x8BE0, 0x5100, 0xFD00, 0x51C0, 0x5240, 0xFF40, 0x52C0, 0x5240,
    0x5240, 0x5360, 0x9660, 0x0000,     /* [867] '瓷' U+74F7 */
0x8400, 0x47E0, 0x2940, 0xC280,
    0x4440, 0xFFE0, 0x1000, 0x1F00, 0x2920, 0x2520, 0x70E0, 0x0000,
    /* [868] '甘' U+7518 */
    0x1080, 0x1080, 0x7FE0, 0x1080, 0x1080, 0x1080, 0x1F80, 0x1080,
    0x1080, 0x1F80, 0x1080, 0x0000,     /* [869] '生' U+751F */
0x0200, 0x2200, 0x2200, 0x3FE0,
    0x4200, 0x8200, 0x1FC0, 0x0200, 0x0200, 0x0200, 0x7FE0, 0x0000,
    /* [870] '用' U+7528 */
    0x7FC0, 0x4440, 0x4440, 0x7FC0, 0x4440, 0x4440, 0x7FC0, 0x4440,
    0x4440, 0x8440, 0x84C0, 0x0000,     /* [871] '甪' U+752A */
0x0C00, 0x0800, 0x3FE0, 0x2220,
    0x3FE0, 0x2220, 0x3FE0, 0x2220, 0x2220, 0x4220, 0x80E0, 0x0000,
    /* [872] '田' U+7530 */
    0x0000, 0x7FC0, 0x4440, 0x4440, 0x4440, 0x7FC0, 0x4440, 0x4440,
    0x4440, 0x7FC0, 0x4040, 0x0000,     /* [873] '由' U+7531 */
0x0400, 0x0400, 0x7FC0, 0x4440,
    0x4440, 0x7FC0, 0x4440, 0x4440, 0x4440, 0x7FC0, 0x4040, 0x0000,
    /* [874] '电' U+7535 */
    0x0400, 0x0400, 0x7FC0, 0x4440, 0x7FC0, 0x4440, 0x4440, 0x7FC0,
    0x0420, 0x0420, 0x03E0, 0x0000,     /* [875] '男' U+7537 */
0x3FC0, 0x2440, 0x3FC0, 0x2440,
    0x3FC0, 0x0400, 0x7FE0, 0x0420, 0x0820, 0x1120, 0x60C0, 0x0000,
    /* [876] '甸' U+7538 */
    0x1000, 0x1FE0, 0x2020, 0x7FA0, 0xA4A0, 0x3FA0, 0x24A0, 0x3FA0,
    0x20A0, 0x0020, 0x01C0, 0x0000,     /* [877] '画' U+753B */
0xFFE0, 0x0000, 0x3F80, 0xA4A0,
    0xA4A0, 0xBFA0, 0xA4A0, 0xA4A0, 0xBFA0, 0x8020, 0xFFE0, 0x0000,
    /* [878] '界' U+754C */
    0x7FC0, 0x4440, 0x7FC0, 0x4440, 0x7FC0, 0x0A00, 0x3180, 0xD160,
    0x1100, 0x2100, 0x4100, 0x0000,     /* [879] '留' U+7559 */
0x1800, 0x63E0, 0x4920, 0x5920,
    0x6AA0, 0x4440, 0x3FC0, 0x2440, 0x3FC0, 0x2440, 0x3FC0, 0x0000,
    /* [880] '番' U+756A */
    0x7FC0, 0x2480, 0x1500, 0xFFE0, 0x2480, 0x4440, 0xBFE0, 0x2440,
    0x3FC0, 0x2440, 0x3FC0, 0x0000,     /* [881] '疆' U+7586 */
0xFFE0, 0x1540, 0xF7C0, 0x8540,
    0xF7C0, 0x5000, 0xFFE0, 0x5540, 0xF7C0, 0x9540, 0x6FE0, 0x0000,
    /* [882] '疏' U+758F */
    0x0100, 0xFFE0, 0x1100, 0x2240, 0xA7A0, 0xB820, 0xA540, 0xA540,
    0xB540, 0xE940, 0x1160, 0x0000,     /* [883] '疗' U+7597 */
0x0200, 0x3FE0, 0xA000, 0x6FE0,
    0x2040, 0x6180, 0xA100, 0x2100, 0x2100, 0x4100, 0x8700, 0x0000,
    /* [884] '登' U+767B */
    0x7A40, 0x4A80, 0x2940, 0x1080, 0x3FC0, 0xC020, 0x1F80, 0x1080,
    0x1F80, 0x0900, 0xFFE0, 0x0000,     /* [885] '白' U+767D */
0x0400, 0x0800, 0x3FC0, 0x2040,
    0x2040, 0x3FC0, 0x2040, 0x2040, 0x2040, 0x3FC0, 0x2040, 0x0000,
    /* [886] '百' U+767E */
    0x0000, 0xFFE0, 0x0400, 0x0800, 0x3F80, 0x2080, 0x2080, 0x3F80,
    0x2080, 0x2080, 0x3F80, 0x0000,     /* [887] '的' U+7684 */
0x1100, 0x2100, 0x7BE0, 0x4C20,
    0x4820, 0x7A20, 0x4920, 0x4920, 0x4820, 0x7820, 0x48C0, 0x0000,
    /* [888] '皇' U+7687 */
    0x0400, 0x3F80, 0x2880, 0x2480, 0x3F80, 0x0000, 0x7FC0, 0x0400,
    0x3F80, 0x0400, 0xFFE0, 0x0000,     /* [889] '皋' U+768B */
0x0800, 0x3F80, 0x2080, 0x3F80,
    0x2080, 0xFFE0, 0x1500, 0x2480, 0xDF60, 0x0400, 0x0400, 0x0000,
    /* [890] '皖' U+7696 */
    0x2100, 0x4080, 0xF7E0, 0x9420, 0x93C0, 0xF000, 0x9FE0, 0x9280,
    0xF2A0, 0x94A0, 0x18E0, 0x0000,     /* [891] '皮' U+76AE */
0x0200, 0x0200, 0x3FE0, 0x2240,
    0x2200, 0x3F80, 0x2880, 0x2500, 0x2200, 0x4500, 0x98E0, 0x0000,
    /* [892] '益' U+76CA */
    0x2080, 0x1100, 0xFFE0, 0x1100, 0x2080, 0x4040, 0xBFA0, 0x2A80,
    0x2A80, 0x2A80, 0xFFE0, 0x0000,     /* [893] '盐' U+76D0 */
0x1100, 0x1100, 0x7D80, 0x1160,
    0x1D20, 0x7100, 0x0000, 0x3FC0, 0x2940, 0x2940, 0x7FE0, 0x0000,
    /* [894] '监' U+76D1 */
    0x0A00, 0x4A00, 0x4BE0, 0x4A00, 0x4C80, 0x4840, 0x0800, 0x7FC0,
    0x4A40, 0x4A40, 0xFFE0, 0x0000,     /* [895] '盒' U+76D2 */
0x0400, 0x0A00, 0x1F00, 0x2080,
    0xDF60, 0x1100, 0x1F00, 0x0000, 0x7FC0, 0x4A40, 0xFFE0, 0x0000,
    /* [896] '盖' U+76D6 */
    0x1100, 0x7FC0, 0x0400, 0x3F80, 0x0400, 0xFFE0, 0x0000, 0x3F80,
    0x2A80, 0x2A80, 0xFFE0, 0x0000,     /* [897] '盘' U+76D8 */
0x0400, 0x1F80, 0x1480, 0x1280,
    0x7FE0, 0x1480, 0x2280, 0x3FC0, 0x2940, 0x2940, 0xFFE0, 0x0000,
    /* [898] '盛' U+76DB */
    0x0280, 0x7FE0, 0x4200, 0x7A40, 0x4A80, 0x59A0, 0x8260, 0x7FC0,
    0x4A40, 0x4A40, 0xFFE0, 0x0000,     /* [899] '盟' U+76DF */
0x7BC0, 0x4A40, 0x7BC0, 0x4A40,
    0x4BC0, 0x7A40, 0x04C0, 0x7FC0, 0x4A40, 0x4A40, 0xFFE0, 0x0000,
    /* [900] '盱' U+76F1 */
    0x07C0, 0xF100, 0x9100, 0xF100, 0x9FE0, 0x9100, 0xF100, 0x9100,
    0xF900, 0x9500, 0x0200, 0x0000,     /* [901] '直' U+76F4 */
0x0400, 0xFFE0, 0x0400, 0x3F80,
    0x2080, 0x3F80, 0x2080, 0x3F80, 0x2080, 0x2080, 0xFFE0, 0x0000,
    /* [902] '相' U+76F8 */
    0x13E0, 0x1220, 0x7E20, 0x13E0, 0x1220, 0x3A20, 0x57E0, 0x9220,
    0x1220, 0x13E0, 0x1220, 0x0000,     /* [903] '省' U+7701 */
0x0400, 0x1480, 0x2560, 0x4620,
    0x1F80, 0x3080, 0xDF80, 0x1080, 0x1F80, 0x1080, 0x1F80, 0x0000,
    /* [904] '眉' U+7709 */
    0x3FE0, 0x2220, 0x3FE0, 0x2000, 0x2FC0, 0x2840, 0x2FC0, 0x2840,
    0x4FC0, 0x4840, 0x8FC0, 0x0000,     /* [905] '看' U+770B */
0x7FC0, 0x0400, 0x7F80, 0x0800,
    0xFFE0, 0x1080, 0x3F80, 0x5080, 0x9F80, 0x1080, 0x1F80, 0x0000,
    /* [906] '眙' U+7719 */
    0x0100, 0xF200, 0x9440, 0xFFA0, 0x9020, 0x9000, 0xF7E0, 0x9420,
    0xF420, 0x97E0, 0x0420, 0x0000,     /* [907] '真' U+771F */
0x0400, 0x7FE0, 0x0400, 0x1F80,
    0x1080, 0x1E80, 0x1780, 0x1080, 0x7FE0, 0x0900, 0x30C0, 0x0000,
    /* [908] '眠' U+7720 */
    0x07E0, 0xF420, 0x97E0, 0xF480, 0x9480, 0x97E0, 0xF480, 0x9480,
    0xF4A0, 0x9660, 0x0420, 0x0000,     /* [909] '眼' U+773C */
0xF7C0, 0x9440, 0x97C0, 0xF440,
    0x97C0, 0x9500, 0xF520, 0x9540, 0x9480, 0xF540, 0x0620, 0x0000,
    /* [910] '着' U+7740 */
    0x1100, 0x7FC0, 0x0400, 0x3F80, 0x0800, 0xFFE0, 0x1080, 0x3E80,
    0x5780, 0x9080, 0x1F80, 0x0000,     /* [911] '睢' U+7762 */
0xF500, 0x9480, 0x97E0, 0xFC80,
    0x97E0, 0x9480, 0xF480, 0x97E0, 0x9480, 0xF480, 0x07E0, 0x0000,
    /* [912] '矩' U+77E9 */
    0x4000, 0x43E0, 0x7E00, 0x9200, 0x13E0, 0xFE20, 0x1220, 0x2BE0,
    0x2A00, 0x4A00, 0x83E0, 0x0000,     /* [913] '短' U+77ED */
0x4FE0, 0x4000, 0x77C0, 0xA440,
    0x2440, 0xF7C0, 0x2000, 0x2440, 0x5280, 0x4080, 0x8FE0, 0x0000,
    /* [914] '石' U+77F3 */
    0x0000, 0xFFE0, 0x0400, 0x0800, 0x1000, 0x3FC0, 0x5040, 0x9040,
    0x1040, 0x1FC0, 0x1040, 0x0000,     /* [915] '矿' U+77FF */
0xF880, 0x27E0, 0x2400, 0x7400,
    0x5400, 0xD400, 0x5400, 0x5400, 0x7400, 0x0800, 0x1000, 0x0000,
    /* [916] '砀' U+7800 */
    0x0FC0, 0xF080, 0x2100, 0x2200, 0x77E0, 0xD2A0, 0x52A0, 0x5520,
    0x7920, 0x5220, 0x04C0, 0x0000,     /* [917] '码' U+7801 */
0x07C0, 0xF840, 0x2240, 0x2240,
    0x7A40, 0xCFE0, 0x4820, 0x4FA0, 0x7820, 0x4920, 0x00C0, 0x0000,
    /* [918] '砂' U+7802 */
    0x0080, 0xF880, 0x22C0, 0x22A0, 0x7CA0, 0xCC80, 0x48A0, 0x4840,
    0x7880, 0x4900, 0x0600, 0x0000,     /* [919] '确' U+786E */
0x0200, 0xF3C0, 0x2480, 0x4FE0,
    0xF520, 0x57E0, 0x5520, 0x57E0, 0x7520, 0x4520, 0x0860, 0x0000,
    /* [920] '碑' U+7891 */
    0x0100, 0xF7E0, 0x2520, 0x27E0, 0x7520, 0xD7E0, 0x5280, 0x5FE0,
    0x7080, 0x5080, 0x0080, 0x0000,     /* [921] '碧' U+78A7 */
0xF900, 0x27E0, 0x74A0, 0x2520,
    0xFFE0, 0x0000, 0xFFE0, 0x1000, 0x3FC0, 0xD040, 0x1FC0, 0x0000,
    /* [922] '磐' U+78D0 */
    0x11C0, 0x7D60, 0x57C0, 0xFD40, 0x5480, 0x4540, 0x7FE0, 0x1000,
    0x3FC0, 0xD040, 0x1FC0, 0x0000,     /* [923] '示' U+793A */
0x0000, 0x7FC0, 0x0000, 0x0000,
    0xFFE0, 0x0400, 0x2480, 0x2440, 0x4420, 0x8420, 0x0C00, 0x0000,
    /* [924] '社' U+793E */
    0x4100, 0x2100, 0xF900, 0x1100, 0x27C0, 0x3100, 0x6900, 0xA100,
    0x2100, 0x2100, 0x2FE0, 0x0000,     /* [925] '祁' U+7941 */
0x4000, 0x21E0, 0xF920, 0x0940,
    0x1180, 0x3140, 0x6920, 0xA520, 0x21A0, 0x2140, 0x2100, 0x0000,
    /* [926] '祈' U+7948 */
    0x4060, 0x2380, 0xFA00, 0x0A00, 0x13E0, 0x3240, 0x6A40, 0xAA40,
    0x2440, 0x2440, 0x2840, 0x0000,     /* [927] '神' U+795E */
0x4080, 0x2080, 0xFFE0, 0x14A0,
    0x27E0, 0x34A0, 0x6CA0, 0xA7E0, 0x2080, 0x2080, 0x2080, 0x0000,
    /* [928] '祥' U+7965 */
    0x4440, 0x2280, 0xFFE0, 0x1100, 0x27C0, 0x7100, 0xA900, 0x2FE0,
    0x2100, 0x2100, 0x2100, 0x0000,     /* [929] '禁' U+7981 */
0x2080, 0xFBE0, 0x2080, 0x71C0,
    0xAAA0, 0x2080, 0x7FC0, 0x0000, 0xFFE0, 0x2480, 0xCC60, 0x0000,
    /* [930] '禄' U+7984 */
    0x4FC0, 0x2040, 0xF7C0, 0x1040, 0x2FE0, 0x7140, 0xAD80, 0x2340,
    0x2520, 0x2920, 0x2300, 0x0000,     /* [931] '禅' U+7985 */
0x4440, 0x2280, 0xF7C0, 0x1540,
    0x27C0, 0x7540, 0xAFC0, 0x2100, 0x2FE0, 0x2100, 0x2100, 0x0000,
    /* [932] '福' U+798F */
    0x4FE0, 0x2000, 0x07C0, 0xF440, 0x17C0, 0x2000, 0x3FE0, 0x6920,
    0xAFE0, 0x2920, 0x2FE0, 0x0000,     /* [933] '禹' U+79B9 */
0x00C0, 0x7F00, 0x0400, 0x3FC0,
    0x2440, 0x3FC0, 0x0400, 0x7FE0, 0x4520, 0x5EA0, 0x40E0, 0x0000,
    /* [934] '禺' U+79BA */
    0x3FC0, 0x2440, 0x3FC0, 0x2440, 0x3FC0, 0x0400, 0x7FE0, 0x4520,
    0x7EA0, 0x4020, 0x40E0, 0x0000,     /* [935] '禾' U+79BE */
0x00C0, 0x7F00, 0x0400, 0x0400,
    0xFFE0, 0x0400, 0x0E00, 0x1500, 0x2480, 0x4440, 0x8420, 0x0000,
    /* [936] '秀' U+79C0 */
    0x3F80, 0x0400, 0xFFE0, 0x1500, 0x2480, 0xDF60, 0x0900, 0x0BC0,
    0x1040, 0x2040, 0xC180, 0x0000,     /* [937] '私' U+79C1 */
0x1800, 0xE100, 0x2100, 0xF900,
    0x2200, 0x7200, 0x6A00, 0xA440, 0x2FE0, 0x2420, 0x2000, 0x0000,
    /* [938] '秋' U+79CB */
    0x1900, 0xE100, 0x2140, 0xFD40, 0x2580, 0x7500, 0x6900, 0xA280,
    0x2280, 0x2440, 0x2820, 0x0000,     /* [939] '种' U+79CD */
0x1900, 0xE100, 0x27E0, 0xFD20,
    0x2520, 0x3520, 0x6FE0, 0xA100, 0x2100, 0x2100, 0x2100, 0x0000,
    /* [940] '科' U+79D1 */
    0x1840, 0xE240, 0x2140, 0xF840, 0x2240, 0x3140, 0x6860, 0xA1C0,
    0x2640, 0x2040, 0x2040, 0x0000,     /* [941] '租' U+79DF */
0x1BC0, 0xE240, 0x2240, 0xFA40,
    0x23C0, 0x3240, 0x6A40, 0xABC0, 0x2240, 0x2240, 0x2FE0, 0x0000,
    /* [942] '秦' U+79E6 */
    0x0400, 0x7FC0, 0x0400, 0x3F80, 0x0800, 0xFFE0, 0x2C80, 0xC460,
    0x7FC0, 0x1500, 0x64C0, 0x0000,     /* [943] '称' U+79F0 */
0x1A00, 0xE200, 0x27E0, 0xF920,
    0x2100, 0x7540, 0x6540, 0xA920, 0x3120, 0x2100, 0x2300, 0x0000,
    /* [944] '移' U+79FB */
    0x1100, 0xE3E0, 0x2420, 0xFA40, 0x2180, 0x3680, 0x29E0, 0x6220,
    0xA540, 0x2080, 0x2700, 0x0000,     /* [945] '程' U+7A0B */
0x17C0, 0xE440, 0x2440, 0xF7C0,
    0x2000, 0x37C0, 0x6900, 0x67C0, 0xA100, 0x2100, 0x2FE0, 0x0000,
    /* [946] '稳' U+7A33 */
    0x1200, 0xE3C0, 0x2480, 0xFFC0, 0x2040, 0x37C0, 0x2840, 0x67C0,
    0xAD40, 0x3420, 0x23C0, 0x0000,     /* [947] '稷' U+7A37 */
0x17E0, 0xE520, 0x27E0, 0xFD20,
    0x27E0, 0x3440, 0x2BE0, 0x6240, 0xA580, 0x2240, 0x2420, 0x0000,
    /* [948] '空' U+7A7A */
    0x0400, 0x7FE0, 0x4020, 0x8900, 0x1080, 0x6040, 0x1F80, 0x0400,
    0x0400, 0x0400, 0x7FE0, 0x0000,     /* [949] '窄' U+7A84 */
0x0400, 0x7FE0, 0x4920, 0x1080,
    0x3040, 0x1FE0, 0x2400, 0x47C0, 0x0400, 0x07E0, 0x0400, 0x0000,
    /* [950] '窑' U+7A91 */
    0x0400, 0xFFE0, 0x9120, 0xA0A0, 0x5040, 0x3FC0, 0x0400, 0xFFE0,
    0x0400, 0x4440, 0x7FC0, 0x0000,     /* [951] '窗' U+7A97 */
0x0200, 0x7FE0, 0x50A0, 0x2440,
    0x7FE0, 0x2440, 0x2FC0, 0x3940, 0x2640, 0x2940, 0x3FC0, 0x0000,
    /* [952] '窦' U+7AA6 */
    0x0400, 0xFFE0, 0xA4A0, 0x5F40, 0x0400, 0xFFC0, 0x2A40, 0x1200,
    0xFFE0, 0x0500, 0x78E0, 0x0000,     /* [953] '立' U+7ACB */
0x0400, 0x0200, 0x7FE0, 0x0000,
    0x1080, 0x1080, 0x0900, 0x0900, 0x0A00, 0x0200, 0xFFE0, 0x0000,
    /* [954] '站' U+7AD9 */
    0x4100, 0x2100, 0xF9E0, 0x0100, 0x9100, 0x57C0, 0x5440, 0x2440,
    0x3440, 0xC440, 0x07C0, 0x0000,     /* [955] '章' U+7AE0 */
0x0400, 0x7FC0, 0x1100, 0xFFE0,
    0x2080, 0x3F80, 0x2080, 0x3F80, 0x0400, 0xFFE0, 0x0400, 0x0000,
    /* [956] '端' U+7AEF */
    0x8100, 0x4520, 0xF7E0, 0x0000, 0xAFE0, 0xA100, 0xAFE0, 0x4AA0,
    0x6AA0, 0x8AA0, 0x0860, 0x0000,     /* [957] '竹' U+7AF9 */
0x2100, 0x2100, 0x7BE0, 0x5280,
    0x9480, 0x1080, 0x1080, 0x1080, 0x1080, 0x1080, 0x1380, 0x0000,
    /* [958] '符' U+7B26 */
    0x2100, 0x3DE0, 0x5280, 0x8440, 0x1080, 0x2FE0, 0x6080, 0xA480,
    0x2280, 0x2080, 0x2180, 0x0000,     /* [959] '第' U+7B2C */
0x4200, 0x7BE0, 0x5480, 0xBFC0,
    0x0440, 0x7FC0, 0x4400, 0x7FE0, 0x1420, 0x24C0, 0xC400, 0x0000,
    /* [960] '笼' U+7B3C */
    0x4100, 0x7DE0, 0x9280, 0x0A40, 0x0900, 0xFFE0, 0x0A80, 0x0A80,
    0x1320, 0x2620, 0x49E0, 0x0000,     /* [961] '等' U+7B49 */
0x4200, 0x7BE0, 0x9480, 0x7FC0,
    0x0400, 0xFFE0, 0x0100, 0x7FC0, 0x1100, 0x0900, 0x0300, 0x0000,
    /* [962] '简' U+7B80 */
    0x4200, 0x7BE0, 0x9480, 0x27C0, 0x5040, 0x4F40, 0x4940, 0x4F40,
    0x4940, 0x4F40, 0x40C0, 0x0000,     /* [963] '米' U+7C73 */
0x0400, 0x4440, 0x2480, 0x1500,
    0xFFE0, 0x0400, 0x0E00, 0x1500, 0x2480, 0xC460, 0x0400, 0x0000,
    /* [964] '类' U+7C7B */
    0x2480, 0x1500, 0xFFE0, 0x1500, 0x2480, 0x4040, 0x0400, 0xFFE0,
    0x0A00, 0x1100, 0xE0E0, 0x0000,     /* [965] '粉' U+7C89 */
0x2280, 0xAA80, 0x7240, 0x2420,
    0xF800, 0x27C0, 0x7240, 0x6A40, 0xA240, 0x2440, 0x2980, 0x0000,
    /* [966] '粗' U+7C97 */
    0x23C0, 0xAA40, 0x7240, 0x23C0, 0xFA40, 0x2240, 0x73C0, 0x6A40,
    0xA240, 0x2240, 0x2FE0, 0x0000,     /* [967] '粤' U+7CA4 */
0x0800, 0x7FC0, 0x5540, 0x7FC0,
    0x4E40, 0x5540, 0xFFE0, 0x0800, 0x3FC0, 0x0040, 0x0380, 0x0000,
    /* [968] '精' U+7CBE */
    0x2100, 0xAFE0, 0x7100, 0x27C0, 0xF100, 0x2FE0, 0x7440, 0x6FC0,
    0xA440, 0x27C0, 0x2440, 0x0000,     /* [969] '系' U+7CFB */
0x01C0, 0x7E00, 0x0880, 0x3F00,
    0x0400, 0x0880, 0x7FC0, 0x0440, 0x1500, 0x2480, 0x4C40, 0x0000,
    /* [970] '索' U+7D22 */
    0x0400, 0x7FC0, 0x0400, 0xFFE0, 0x9120, 0x3E00, 0x0880, 0x7FC0,
    0x0440, 0x2480, 0xCC60, 0x0000,     /* [971] '紧' U+7D27 */
0x17E0, 0x5240, 0x5180, 0x5660,
    0x0880, 0x1F00, 0x0880, 0x3F80, 0x1540, 0x2480, 0x4C40, 0x0000,
    /* [972] '紫' U+7D2B */
    0x1100, 0x5140, 0x5D80, 0x5120, 0xFDE0, 0x0880, 0x3F00, 0x0880,
    0x7FC0, 0x2480, 0xCC60, 0x0000,     /* [973] '綦' U+7DA6 */
0x1080, 0x7FE0, 0x1080, 0x1F80,
    0x1080, 0xFFE0, 0x4A40, 0x94A0, 0x7F40, 0x2500, 0xCCE0, 0x0000,
    /* [974] '繁' U+7E41 */
    0x2100, 0x7FE0, 0xD540, 0x7E80, 0x5540, 0x7A20, 0x1F00, 0x0880,
    0x7F40, 0x2480, 0xCC60, 0x0000,     /* [975] '红' U+7EA2 */
0x2000, 0x27C0, 0x4100, 0x5100,
    0xE100, 0x2100, 0x4100, 0xF100, 0x0100, 0x3100, 0xCFE0, 0x0000,
    /* [976] '级' U+7EA7 */
    0x2FC0, 0x2240, 0x4A40, 0x5280, 0xE2E0, 0x2220, 0x4220, 0xF540,
    0x0C80, 0x3540, 0xCA20, 0x0000,     /* [977] '纪' U+7EAA */
0x2000, 0x27C0, 0x4040, 0xF040,
    0x2040, 0x47C0, 0xF400, 0x0400, 0x3420, 0xC420, 0x03E0, 0x0000,
    /* [978] '纵' U+7EB5 */
    0x2480, 0x2480, 0x4480, 0x5480, 0xE480, 0x2680, 0x4580, 0xF880,
    0x0940, 0x3220, 0xC420, 0x0000,     /* [979] '纸' U+7EB8 */
0x2060, 0x2780, 0x4C80, 0x5480,
    0xE7E0, 0x2480, 0x4480, 0xF4A0, 0x0DA0, 0x3660, 0xC420, 0x0000,
    /* [980] '线' U+7EBF */
    0x2280, 0x2240, 0x43C0, 0x4E00, 0xE3E0, 0x2E00, 0x4240, 0xF280,
    0x0920, 0x32A0, 0xCC60, 0x0000,     /* [981] '组' U+7EC4 */
0x2000, 0x27C0, 0x4440, 0x5440,
    0xE7C0, 0x2440, 0x4440, 0xF7C0, 0x0440, 0x3440, 0xCFE0, 0x0000,
    /* [982] '细' U+7EC6 */
    0x2000, 0x27E0, 0x44A0, 0x54A0, 0xE4A0, 0x27E0, 0x44A0, 0xF4A0,
    0x04A0, 0x37E0, 0xC420, 0x0000,     /* [983] '绍' U+7ECD */
0x27E0, 0x2120, 0x4920, 0x5220,
    0xE2A0, 0x2440, 0x4BE0, 0xF220, 0x0A20, 0x33E0, 0xC220, 0x0000,
    /* [984] '经' U+7ECF */
    0x27C0, 0x2080, 0x4900, 0x5280, 0xE440, 0x2820, 0x47C0, 0xF100,
    0x0100, 0x3100, 0xCFE0, 0x0000,     /* [985] '绒' U+7ED2 */
0x2140, 0x2120, 0x4FE0, 0x5500,
    0xE520, 0x2F20, 0x4540, 0xF480, 0x04A0, 0x3560, 0xCA20, 0x0000,
    /* [986] '给' U+7ED9 */
    0x2100, 0x2100, 0x4280, 0x5440, 0xE820, 0x27C0, 0x4000, 0xF7C0,
    0x0C40, 0x3440, 0xC7C0, 0x0000,     /* [987] '绛' U+7EDB */
0x2200, 0x27E0, 0x4C40, 0xF380,
    0x2D60, 0x4100, 0xEFE0, 0x0900, 0x3FE0, 0xC100, 0x0100, 0x0000,
    /* [988] '统' U+7EDF */
    0x2100, 0x2FE0, 0x4200, 0x5440, 0xEFE0, 0x22A0, 0x4280, 0xF280,
    0x02A0, 0x34A0, 0xC8E0, 0x0000,     /* [989] '绥' U+7EE5 */
0x20C0, 0x2F20, 0x4A20, 0x5540,
    0xE100, 0x2200, 0x4FE0, 0xF240, 0x0480, 0x3380, 0xCC60, 0x0000,
    /* [990] '继' U+7EE7 */
    0x2480, 0x26A0, 0x45C0, 0x5480, 0xE7E0, 0x2480, 0x45C0, 0xF6A0,
    0x0480, 0x3480, 0xC7E0, 0x0000,     /* [991] '维' U+7EF4 */
0x2300, 0x2480, 0x4FE0, 0x5480,
    0xE7C0, 0x2480, 0x4480, 0xF7C0, 0x0C80, 0x3480, 0xC7E0, 0x0000,
    /* [992] '绵' U+7EF5 */
    0x2100, 0x27C0, 0x4C40, 0x57C0, 0xE440, 0x27C0, 0x4100, 0xF7E0,
    0x0D20, 0x3560, 0xC100, 0x0000,     /* [993] '绸' U+7EF8 */
0x2FE0, 0x2920, 0x4BA0, 0x5920,
    0xEFE0, 0x2820, 0x4BA0, 0xFAA0, 0x0BA0, 0x2820, 0xD0E0, 0x0000,
    /* [994] '绿' U+7EFF */
    0x27C0, 0x2040, 0x43C0, 0xF040, 0x2FE0, 0x4120, 0xF540, 0x0380,
    0x3540, 0xC920, 0x0300, 0x0000,     /* [995] '缎' U+7F0E */
0x22E0, 0x24A0, 0x4CA0, 0x5700,
    0xE4E0, 0x27A0, 0x44A0, 0xF7A0, 0x0C40, 0x34A0, 0xC520, 0x0000,
    /* [996] '缙' U+7F19 */
    0x2FE0, 0x2AA0, 0x4EC0, 0x5280, 0xEFE0, 0x2000, 0x47C0, 0xF440,
    0x0FC0, 0x3440, 0xC7C0, 0x0000,     /* [997] '缩' U+7F29 */
0x2100, 0x2FE0, 0x4A20, 0x55E0,
    0xE480, 0x2DE0, 0x4520, 0xF5E0, 0x0D20, 0x35E0, 0xC520, 0x0000,
    /* [998] '缺' U+7F3A */
    0x4100, 0x4100, 0x7BC0, 0xA140, 0x2140, 0xFFE0, 0x2100, 0xA900,
    0xAA80, 0xFA40, 0x0420, 0x0000,     /* [999] '网' U+7F51 */
0x7FE0, 0x4020, 0x48A0, 0x6AA0,
    0x5120, 0x4920, 0x56A0, 0x62A0, 0x4420, 0x4020, 0x40E0, 0x0000,
    /* [1000] '罗' U+7F57 */
    0x7FE0, 0x4920, 0x4920, 0x7FE0, 0x0800, 0x0FC0, 0x1080, 0x2900,
    0x0600, 0x0C00, 0x7000, 0x0000,     /* [1001] '置' U+7F6E */
0x7FC0, 0x4A40, 0x7FC0, 0x0400,
    0xFFE0, 0x2080, 0x3F80, 0x2080, 0x3F80, 0x2080, 0xFFE0, 0x0000,
    /* [1002] '美' U+7F8E */
    0x1100, 0x7FC0, 0x0400, 0x3F80, 0x0400, 0xFFE0, 0x0400, 0x7FC0,
    0x0A00, 0x1100, 0xE0E0, 0x0000,     /* [1003] '群' U+7FA4 */
0x7A20, 0x2940, 0xFFE0, 0x2880,
    0x7BE0, 0x2080, 0x7880, 0xAFE0, 0x2880, 0x2880, 0x3880, 0x0000,
    /* [1004] '羽' U+7FBD */
    0xFBE0, 0x0820, 0x4920, 0x28A0, 0x0860, 0x18A0, 0x2920, 0x4A20,
    0x8820, 0x28A0, 0x1040, 0x0000,     /* [1005] '老' U+8001 */
0x0400, 0x0440, 0x3F80, 0x0500,
    0xFFE0, 0x0800, 0x1980, 0x2E00, 0xC840, 0x0840, 0x07C0, 0x0000,
    /* [1006] '考' U+8003 */
    0x0840, 0x7F80, 0x0900, 0xFFE0, 0x0400, 0x0FC0, 0x3400, 0xCF80,
    0x0080, 0x0080, 0x0700, 0x0000,     /* [1007] '者' U+8005 */
0x0400, 0x3F40, 0x0480, 0x0500,
    0xFFE0, 0x0800, 0x3F80, 0xD080, 0x1F80, 0x1080, 0x1F80, 0x0000,
    /* [1008] '耳' U+8033 */
    0x7FE0, 0x1080, 0x1080, 0x1F80, 0x1080, 0x1F80, 0x1080, 0x10E0,
    0x7F80, 0x0080, 0x0080, 0x0000,     /* [1009] '聊' U+804A */
0xF200, 0xACE0, 0xAAA0, 0xEAA0,
    0xAAA0, 0xEAA0, 0xAAA0, 0xAEA0, 0xF2E0, 0x2480, 0x2880, 0x0000,
    /* [1010] '联' U+8054 */
    0xFC40, 0x5280, 0x57E0, 0x7100, 0x5100, 0x7FE0, 0x5100, 0x5100,
    0xFA80, 0x1440, 0x1820, 0x0000,     /* [1011] '聚' U+805A */
0xFFE0, 0x4520, 0x7CC0, 0x44C0,
    0xFF20, 0x05C0, 0x7E40, 0x0A80, 0x7700, 0x0A80, 0x7260, 0x0000,
    /* [1012] '肃' U+8083 */
    0x0400, 0x7FC0, 0x0440, 0xFFE0, 0x0440, 0x7FC0, 0x0400, 0x5640,
    0x5540, 0x6540, 0x8440, 0x0000,     /* [1013] '肇' U+8087 */
0x2200, 0x7BE0, 0x4940, 0x7CC0,
    0x8520, 0x7FE0, 0x0480, 0x3F80, 0x0400, 0xFFE0, 0x0400, 0x0000,
    /* [1014] '肥' U+80A5 */
    0x7BE0, 0x4AA0, 0x4AA0, 0x7AA0, 0x4BE0, 0x4A20, 0x7A00, 0x4A00,
    0x4A20, 0x8A20, 0x99E0, 0x0000,     /* [1015] '背' U+80CC */
0x1240, 0xF380, 0x1220, 0x33E0,
    0xC000, 0x3F80, 0x2080, 0x3F80, 0x2080, 0x3F80, 0x2080, 0x0000,
    /* [1016] '胜' U+80DC */
    0x7100, 0x5500, 0x5500, 0x77E0, 0x5900, 0x5100, 0x77C0, 0x5100,
    0x5100, 0x9100, 0xBFE0, 0x0000,     /* [1017] '胡' U+80E1 */
0x13E0, 0x1220, 0xFE20, 0x13E0,
    0x1220, 0x7A20, 0x4BE0, 0x4A20, 0x7A20, 0x4C20, 0x08E0, 0x0000,
    /* [1018] '胶' U+80F6 */
    0x7100, 0x57E0, 0x5280, 0x7440, 0x5820, 0x7480, 0x5280, 0x5100,
    0x5280, 0xB440, 0x8820, 0x0000,     /* [1019] '能' U+80FD */
0x2100, 0x4940, 0xFD80, 0x0120,
    0x7DE0, 0x4400, 0x7D40, 0x4580, 0x7D20, 0x4520, 0x4DE0, 0x0000,
    /* [1020] '脑' U+8111 */
    0x7100, 0x5080, 0x57E0, 0x7000, 0x54A0, 0x56A0, 0x7520, 0x56A0,
    0x5420, 0x97E0, 0xB420, 0x0000,     /* [1021] '脚' U+811A */
0x74E0, 0x54A0, 0x5FA0, 0x74A0,
    0x54A0, 0x5FA0, 0x74A0, 0x5AA0, 0x5FE0, 0x9080, 0xB080, 0x0000,
    /* [1022] '腊' U+814A */
    0x7280, 0x5280, 0x57C0, 0x7280, 0x5FE0, 0x5000, 0x77C0, 0x5440,
    0x57C0, 0x9440, 0xB7C0, 0x0000,     /* [1023] '腿' U+817F */
0x71E0, 0x5920, 0x55E0, 0x7120,
    0x5DE0, 0x5500, 0x75A0, 0x5540, 0x5520, 0x9580, 0xBBE0, 0x0000,
    /* [1024] '自' U+81EA */
    0x0800, 0x3F80, 0x2080, 0x2080, 0x3F80, 0x2080, 0x3F80, 0x2080,
    0x2080, 0x3F80, 0x2080, 0x0000,     /* [1025] '至' U+81F3 */
0x7FC0, 0x0800, 0x1100, 0x2080,
    0x7FC0, 0x0400, 0x0400, 0x3F80, 0x0400, 0x0400, 0xFFE0, 0x0000,
    /* [1026] '致' U+81F4 */
    0xFD00, 0x2100, 0x29E0, 0x4A40, 0x7540, 0x1140, 0x7D40, 0x1140,
    0x1080, 0x1D40, 0xE220, 0x0000,     /* [1027] '舍' U+820D */
0x0400, 0x0A00, 0x1100, 0x3F80,
    0xC460, 0x3F80, 0x0400, 0x3F80, 0x2080, 0x2080, 0x3F80, 0x0000,
    /* [1028] '舒' U+8212 */
    0x13E0, 0x2840, 0x4580, 0xB880, 0x13E0, 0xFCA0, 0x10C0, 0x7C80,
    0x4480, 0x4480, 0x7D80, 0x0000,     /* [1029] '舞' U+821E */
0x4000, 0x7FE0, 0xAA80, 0xFFE0,
    0x2A80, 0xFFE0, 0x2080, 0x3BE0, 0xCA80, 0x37E0, 0xC080, 0x0000,
    /* [1030] '舟' U+821F */
    0x0400, 0x1F80, 0x1080, 0x1480, 0x1280, 0xFFE0, 0x1480, 0x1280,
    0x2280, 0x4080, 0x8380, 0x0000,     /* [1031] '航' U+822A */
0x2100, 0x7880, 0x4FE0, 0x6800,
    0x5B80, 0xFA80, 0x4A80, 0x6A80, 0x5AA0, 0x4AA0, 0x9CE0, 0x0000,
    /* [1032] '船' U+8239 */
    0x23C0, 0x7A40, 0x4A40, 0x6A40, 0x5A60, 0x4C00, 0xFBE0, 0x6A20,
    0x5A20, 0x4BE0, 0x9A20, 0x0000,     /* [1033] '艇' U+8247 */
0x2000, 0x7EE0, 0x5240, 0x7440,
    0x5E40, 0xF2E0, 0x5A40, 0x7640, 0x52E0, 0x5500, 0xB8E0, 0x0000,
    /* [1034] '良' U+826F */
    0x0400, 0x3F80, 0x2080, 0x3F80, 0x2080, 0x3F80, 0x2440, 0x2280,
    0x2100, 0x2880, 0x3060, 0x0000,     /* [1035] '色' U+8272 */
0x0800, 0x1F80, 0x2200, 0x7FC0,
    0xA440, 0x2440, 0x3FC0, 0x2000, 0x2020, 0x2020, 0x1FE0, 0x0000,
    /* [1036] '艺' U+827A */
    0x0900, 0xFFE0, 0x0900, 0x0900, 0x3F80, 0x0100, 0x0600, 0x1800,
    0x2020, 0x2020, 0x1FE0, 0x0000,     /* [1037] '节' U+8282 */
0x1100, 0xFFE0, 0x1100, 0x0000,
    0x7F80, 0x0880, 0x0880, 0x0880, 0x0B80, 0x0800, 0x0800, 0x0000,
    /* [1038] '芒' U+8292 */
    0x1100, 0xFFE0, 0x1100, 0x0400, 0x0200, 0xFFE0, 0x2000, 0x2000,
    0x2000, 0x2000, 0x3FC0, 0x0000,     /* [1039] '芙' U+8299 */
0x1100, 0xFFE0, 0x1100, 0x0400,
    0x7FC0, 0x0400, 0xFFE0, 0x0400, 0x0A00, 0x1100, 0xE0E0, 0x0000,
    /* [1040] '芜' U+829C */
    0x1100, 0xFFE0, 0x1100, 0x7FC0, 0x0400, 0x0400, 0xFFE0, 0x0A00,
    0x1220, 0x2220, 0xC1E0, 0x0000,     /* [1041] '芦' U+82A6 */
0x0900, 0x7FE0, 0x0D00, 0x0200,
    0x3FC0, 0x2040, 0x3FC0, 0x2040, 0x2000, 0x4000, 0x8000, 0x0000,
    /* [1042] '芬' U+82AC */
    0x1100, 0xFFE0, 0x1100, 0x0A00, 0x1100, 0x2080, 0x5FC0, 0x88A0,
    0x0880, 0x3480, 0xC300, 0x0000,     /* [1043] '花' U+82B1 */
0x1100, 0xFFE0, 0x1100, 0x0000,
    0x1240, 0x2280, 0x6300, 0xA600, 0x3A20, 0x2220, 0x21E0, 0x0000,
    /* [1044] '芳' U+82B3 */
    0x0900, 0x7FE0, 0x0900, 0x0200, 0x7FE0, 0x0800, 0x0FC0, 0x0840,
    0x0840, 0x1040, 0x6180, 0x0000,     /* [1045] '芷' U+82B7 */
0x1100, 0xFFE0, 0x1100, 0x0200,
    0x0200, 0x1200, 0x13C0, 0x1200, 0x1200, 0x1200, 0xFFE0, 0x0000,
    /* [1046] '苍' U+82CD */
    0x1100, 0xFFE0, 0x1100, 0x0E00, 0x3180, 0xC060, 0x1F00, 0x1100,
    0x1240, 0x1040, 0x0FC0, 0x0000,     /* [1047] '苏' U+82CF */
0x1100, 0xFFE0, 0x1100, 0x0800,
    0x7F80, 0x0880, 0x48C0, 0x48A0, 0x90A0, 0x2080, 0xC300, 0x0000,
    /* [1048] '苑' U+82D1 */
    0x1100, 0xFFE0, 0x1100, 0x2000, 0x3FC0, 0x2640, 0x6A40, 0x9A80,
    0x1220, 0x2220, 0xC1E0, 0x0000,     /* [1049] '英' U+82F1 */
0x1100, 0xFFE0, 0x1100, 0x0400,
    0x3F80, 0x2480, 0x2480, 0xFFE0, 0x0A00, 0x3180, 0xC060, 0x0000,
    /* [1050] '苹' U+82F9 */
    0x1100, 0xFFE0, 0x1100, 0x7FC0, 0x2480, 0x1480, 0x1500, 0xFFE0,
    0x0400, 0x0400, 0x0400, 0x0000,     /* [1051] '茂' U+8302 */
0x1100, 0xFFE0, 0x1080, 0x0440,
    0x3FE0, 0x2400, 0x2480, 0x2500, 0x2220, 0x4520, 0x98E0, 0x0000,
    /* [1052] '范' U+8303 */
    0x0900, 0xFFE0, 0x0900, 0x27C0, 0x9440, 0x5440, 0x2440, 0xE580,
    0x4420, 0x4420, 0x43E0, 0x0000,     /* [1053] '茶' U+8336 */
0x1100, 0xFFE0, 0x1100, 0x0400,
    0x0A00, 0x3580, 0xC460, 0x3F80, 0x1500, 0x2480, 0xCC60, 0x0000,
    /* [1054] '荆' U+8346 */
    0x2420, 0xFF20, 0x24A0, 0x00A0, 0x7EA0, 0x24A0, 0xFFA0, 0x24A0,
    0x2420, 0x4420, 0x84E0, 0x0000,     /* [1055] '草' U+8349 */
0x1100, 0xFFE0, 0x1100, 0x3F80,
    0x2080, 0x3F80, 0x2080, 0x3F80, 0x0400, 0xFFE0, 0x0400, 0x0000,
    /* [1056] '荒' U+8352 */
    0x1100, 0xFFE0, 0x1500, 0xFFE0, 0x2000, 0x3FC0, 0x0000, 0x2480,
    0x2480, 0x44A0, 0x8460, 0x0000,     /* [1057] '荔' U+8354 */
0x1100, 0xFFE0, 0x1500, 0x7F80,
    0x0880, 0xF700, 0x2080, 0xFBE0, 0x2920, 0x4A20, 0xB4C0, 0x0000,
    /* [1058] '荣' U+8363 */
    0x1100, 0xFFE0, 0x1100, 0xFFE0, 0x8420, 0x0400, 0xFFE0, 0x1500,
    0x2480, 0xC460, 0x0400, 0x0000,     /* [1059] '药' U+836F */
0x1100, 0xFFE0, 0x1100, 0x2400,
    0x47C0, 0xE440, 0x4A40, 0xA140, 0xC040, 0x3040, 0xC180, 0x0000,
    /* [1060] '荷' U+8377 */
    0x1100, 0xFFE0, 0x1100, 0x2FE0, 0x2040, 0x6F40, 0xA940, 0x2940,
    0x2F40, 0x2040, 0x21C0, 0x0000,     /* [1061] '莆' U+8386 */
0x1100, 0xFFE0, 0x1540, 0xFFE0,
    0x0400, 0x7FC0, 0x4440, 0x7FC0, 0x4440, 0x7FC0, 0x44C0, 0x0000,
    /* [1062] '莎' U+838E */
    0x1100, 0xFFE0, 0x1100, 0x4100, 0xA540, 0x4520, 0x2920, 0xC940,
    0x4080, 0x4300, 0x4C00, 0x0000,     /* [1063] '莒' U+8392 */
0x1100, 0xFFE0, 0x1100, 0x3F80,
    0x2080, 0x3F80, 0x0000, 0x7FC0, 0x4040, 0x7FC0, 0x4040, 0x0000,
    /* [1064] '莘' U+8398 */
    0x1100, 0xFFE0, 0x1500, 0x7FC0, 0x1100, 0x0A00, 0xFFE0, 0x0400,
    0x7FC0, 0x0400, 0x0400, 0x0000,     /* [1065] '莞' U+839E */
0x1100, 0xFFE0, 0x1500, 0xFFE0,
    0x8020, 0x3F80, 0x0000, 0xFFE0, 0x1200, 0x2220, 0xC1E0, 0x0000,
    /* [1066] '莱' U+83B1 */
    0x1100, 0xFFE0, 0x1500, 0x7FC0, 0x2480, 0x1500, 0xFFE0, 0x1500,
    0x2480, 0x4440, 0x8420, 0x0000,     /* [1067] '莲' U+83B2 */
0x1100, 0xFFE0, 0x1200, 0x5FC0,
    0x0500, 0xEFC0, 0x2100, 0x3FE0, 0x2100, 0x5100, 0x8FE0, 0x0000,
    /* [1068] '获' U+83B7 */
    0x1100, 0xFFE0, 0x1100, 0x5180, 0x2140, 0x57E0, 0x9100, 0x3100,
    0x5280, 0x1440, 0x6820, 0x0000,     /* [1069] '菁' U+83C1 */
0x1100, 0xFFE0, 0x1500, 0x7FC0,
    0x0400, 0xFFE0, 0x2080, 0x3F80, 0x2080, 0x3F80, 0x2080, 0x0000,
    /* [1070] '菏' U+83CF */
    0x1100, 0xFFE0, 0x1100, 0x4FE0, 0x2040, 0x8740, 0x6540, 0x2540,
    0xC740, 0x4040, 0x41C0, 0x0000,     /* [1071] '菜' U+83DC */
0x1100, 0xFFE0, 0x1100, 0x01C0,
    0x7E80, 0x2880, 0x1500, 0xFFE0, 0x1500, 0x2480, 0xC460, 0x0000,
    /* [1072] '萝' U+841D */
    0x1100, 0xFFE0, 0x1100, 0x7FC0, 0x4A40, 0x7FC0, 0x1000, 0x3F80,
    0x5100, 0x0E00, 0xF800, 0x0000,     /* [1073] '营' U+8425 */
0x0900, 0x7FE0, 0x0900, 0x7FE0,
    0x4020, 0x5F80, 0x1080, 0x3FC0, 0x2040, 0x2040, 0x3FC0, 0x0000,
    /* [1074] '萧' U+8427 */
    0x1100, 0xFFE0, 0x1500, 0x7F80, 0x0480, 0xFFE0, 0x0480, 0x3F80,
    0x5540, 0x64C0, 0x8440, 0x0000,     /* [1075] '落' U+843D */
0x1100, 0xFFE0, 0x1100, 0x4780,
    0x2C80, 0x8300, 0x5480, 0x2860, 0xC780, 0x4480, 0x4780, 0x0000,
    /* [1076] '葛' U+845B */
    0x1100, 0xFFE0, 0x1100, 0x3F80, 0x2080, 0x3F80, 0x2080, 0x3FE0,
    0x6420, 0xAA20, 0x3F60, 0x0000,     /* [1077] '董' U+8463 */
0xFFE0, 0x1100, 0x3F80, 0x0400,
    0xFFE0, 0x2480, 0x3F80, 0x2480, 0x7FC0, 0x0400, 0xFFE0, 0x0000,
    /* [1078] '葫' U+846B */
    0x1100, 0xFFE0, 0x1100, 0x23C0, 0xFA40, 0x23C0, 0x7A40, 0x4BC0,
    0x7A40, 0x0440, 0x08C0, 0x0000,     /* [1079] '蒋' U+848B */
0x1100, 0xFFE0, 0x1500, 0x27C0,
    0xAC80, 0x6300, 0x2480, 0x7FE0, 0xA480, 0x2280, 0x2180, 0x0000,
    /* [1080] '蒙' U+8499 */
    0x1100, 0xFFE0, 0x1100, 0xFFE0, 0x8020, 0x7FC0, 0xD440, 0x2680,
    0xCB00, 0x1280, 0xEC60, 0x0000,     /* [1081] '蒲' U+84B2 */
0x1100, 0xFFE0, 0x1140, 0x5FE0,
    0x2920, 0x8FE0, 0x6920, 0x2FE0, 0xC920, 0x4920, 0x4960, 0x0000,
    /* [1082] '蓉' U+84C9 */
    0x1100, 0xFFE0, 0x1500, 0xFFE0, 0x9120, 0x6AC0, 0x1100, 0x3F80,
    0xD160, 0x1100, 0x1F00, 0x0000,     /* [1083] '蓝' U+84DD */
0x1100, 0xFFE0, 0x1100, 0x5200,
    0x53C0, 0x5500, 0x1080, 0x7FC0, 0x4A40, 0x4A40, 0xFFE0, 0x0000,
    /* [1084] '蓟' U+84DF */
    0x1100, 0xFFE0, 0x1100, 0x30A0, 0x7CA0, 0xD4A0, 0x7CA0, 0x54A0,
    0x7CA0, 0x0020, 0x7CE0, 0x0000,     /* [1085] '蓥' U+84E5 */
0x1100, 0xFFE0, 0x1100, 0xFFE0,
    0x8A20, 0x1100, 0x3F80, 0xC460, 0x3F80, 0x1500, 0xFFE0, 0x0000,
    /* [1086] '蓬' U+84EC */
    0x1100, 0xFFE0, 0x1380, 0x4480, 0x2380, 0x0D60, 0xE380, 0x2100,
    0x27C0, 0x5100, 0x8FE0, 0x0000,     /* [1087] '蔚' U+851A */
0x1100, 0xFFE0, 0x1100, 0x7C40,
    0x45E0, 0x7C40, 0x4140, 0x7EC0, 0x4840, 0xAC40, 0xDAC0, 0x0000,
    /* [1088] '蔡' U+8521 */
    0x1100, 0xFFE0, 0x1100, 0x3FE0, 0x4940, 0xBE80, 0x2060, 0xDF80,
    0x1500, 0x2480, 0xCC60, 0x0000,     /* [1089] '薄' U+8584 */
0x1100, 0xFFE0, 0x9280, 0x5FC0,
    0x9240, 0x7FC0, 0x3240, 0xD280, 0x7FE0, 0x4880, 0x4180, 0x0000,
    /* [1090] '薛' U+859B */
    0x1100, 0xFFE0, 0x1100, 0x4100, 0xF7C0, 0x9280, 0xFFE0, 0x8100,
    0xF7E0, 0x9100, 0xF100, 0x0000,     /* [1091] '藏' U+85CF */
0x0900, 0xFFE0, 0x0940, 0xBFE0,
    0xAA80, 0xEFA0, 0x28A0, 0xEFC0, 0xAAA0, 0xAFA0, 0x4160, 0x0000,
    /* [1092] '虎' U+864E */
    0x07C0, 0x0400, 0x7FE0, 0x4840, 0x7F80, 0x4820, 0x4FE0, 0x4000,
    0x4F00, 0x4920, 0xB0E0, 0x0000,     /* [1093] '虞' U+865E */
0x07C0, 0x0400, 0x7FE0, 0x4820,
    0x5FE0, 0x6880, 0x7FC0, 0x4240, 0x7FE0, 0x4500, 0xB8E0, 0x0000,
    /* [1094] '虫' U+866B */
    0x0400, 0x0400, 0x7FC0, 0x4440, 0x4440, 0x7FC0, 0x0400, 0x0480,
    0x0440, 0x07E0, 0xF820, 0x0000,     /* [1095] '虹' U+8679 */
0x2000, 0x23E0, 0xF880, 0xA880,
    0xA880, 0xA880, 0xF880, 0x2080, 0x2880, 0x3880, 0xEFE0, 0x0000,
    /* [1096] '蚌' U+868C */
    0x2080, 0x23E0, 0x2080, 0xF880, 0xABE0, 0xA880, 0xF880, 0x27E0,
    0x2080, 0x3880, 0xC880, 0x0000,     /* [1097] '蛟' U+86DF */
0x2100, 0x2080, 0x27E0, 0xFA40,
    0xAC20, 0xAA40, 0xFA40, 0x2140, 0x2880, 0x3940, 0xCE20, 0x0000,
    /* [1098] '蜀' U+8700 */
    0x7FE0, 0x4920, 0x7FE0, 0x1000, 0x3FE0, 0x4420, 0xBFA0, 0x24A0,
    0x3FA0, 0x04A0, 0x3F40, 0x0000,     /* [1099] '蜂' U+8702 */
0x2200, 0x23E0, 0x2480, 0xFB60,
    0xA880, 0xAFE0, 0xF880, 0x23E0, 0x2880, 0x3FE0, 0xC880, 0x0000,
    /* [1100] '蟠' U+87E0 */
    0x2040, 0x27A0, 0xFAA0, 0xAFE0, 0xA9C0, 0xAAA0, 0xFFE0, 0x22A0,
    0x2BE0, 0x3AA0, 0xEBE0, 0x0000,     /* [1101] '行' U+884C */
0x27C0, 0x4000, 0x8000, 0x1000,
    0x2FE0, 0x6080, 0xA080, 0x2080, 0x2080, 0x2080, 0x2380, 0x0000,
    /* [1102] '街' U+8857 */
    0x24E0, 0x5E00, 0x8400, 0x3F00, 0x44E0, 0xC440, 0x5F40, 0x4440,
    0x4740, 0x5C40, 0x40C0, 0x0000,     /* [1103] '衡' U+8861 */
0x2EE0, 0x5400, 0x9F00, 0x35E0,
    0x5F40, 0xD540, 0x5F40, 0x4440, 0x5F40, 0x4A40, 0x51C0, 0x0000,
    /* [1104] '衢' U+8862 */
    0x3FE0, 0x5500, 0x9F00, 0x35E0, 0x5F40, 0x5240, 0xFF40, 0x5240,
    0x5F40, 0x5240, 0x5FC0, 0x0000,     /* [1105] '表' U+8868 */
0x0400, 0x7FC0, 0x0400, 0x3F80,
    0x0400, 0xFFE0, 0x0A40, 0x1280, 0x3100, 0xD480, 0x1860, 0x0000,
    /* [1106] '袁' U+8881 */
    0x0400, 0x7FC0, 0x0400, 0xFFE0, 0x2080, 0x3F80, 0x0C40, 0x1280,
    0x3100, 0xD480, 0x1860, 0x0000,     /* [1107] '被' U+88AB */
0x4080, 0x2080, 0xFFE0, 0x14A0,
    0x2C80, 0x77E0, 0xAD40, 0x2540, 0x2480, 0x2940, 0x3620, 0x0000,
    /* [1108] '裁' U+88C1 */
    0x1100, 0x7D40, 0x1120, 0xFFE0, 0x1100, 0xFF20, 0x2540, 0x7880,
    0xA5A0, 0x3260, 0x2420, 0x0000,     /* [1109] '装' U+88C5 */
0x1100, 0x9FE0, 0x5100, 0x3100,
    0xD7C0, 0x1200, 0xFFE0, 0x0C40, 0x3280, 0xD100, 0x18E0, 0x0000,
    /* [1110] '褐' U+8910 */
    0x47C0, 0x2440, 0xFFC0, 0x1440, 0x2FC0, 0x7200, 0xAFE0, 0x2CA0,
    0x2560, 0x27A0, 0x2040, 0x0000,     /* [1111] '褒' U+8912 */
0x0400, 0xFFE0, 0x1440, 0x27C0,
    0x7100, 0xAFE0, 0x2540, 0x0920, 0x3480, 0xD300, 0x18E0, 0x0000,
    /* [1112] '襄' U+8944 */
    0x0400, 0xFFE0, 0x4A40, 0x7BC0, 0x1100, 0x7FC0, 0x1100, 0xFFE0,
    0x3280, 0xD500, 0x18E0, 0x0000,     /* [1113] '西' U+897F */
0x0000, 0xFFE0, 0x0A00, 0x7FC0,
    0x4A40, 0x4A40, 0x5240, 0x61C0, 0x4040, 0x7FC0, 0x4040, 0x0000,
    /* [1114] '要' U+8981 */
    0xFFE0, 0x0A00, 0x7FC0, 0x4A40, 0x7FC0, 0x0800, 0xFFE0, 0x1100,
    0x3A00, 0x0F00, 0x70C0, 0x0000,     /* [1115] '覆' U+8986 */
0xFFE0, 0x0A00, 0x7FC0, 0x4A40,
    0x7FE0, 0xCD40, 0x3540, 0xE7C0, 0x2A80, 0x3100, 0x2EE0, 0x0000,
    /* [1116] '见' U+89C1 */
    0x3F80, 0x2080, 0x2480, 0x2480, 0x2480, 0x2480, 0x2480, 0x0A00,
    0x1220, 0x2220, 0xC1E0, 0x0000,     /* [1117] '观' U+89C2 */
0x07C0, 0xF440, 0x1540, 0x9540,
    0x5540, 0x2540, 0x2540, 0x5180, 0x52A0, 0x84A0, 0x1860, 0x0000,
    /* [1118] '规' U+89C4 */
    0x27C0, 0x2440, 0xFD40, 0x2540, 0x2540, 0xFD40, 0x2540, 0x3180,
    0x2AA0, 0x44A0, 0x9860, 0x0000,     /* [1119] '视' U+89C6 */
0x47C0, 0x2440, 0xF540, 0x1540,
    0x2540, 0x7540, 0xA540, 0x2100, 0x2320, 0x2520, 0x28E0, 0x0000,
    /* [1120] '览' U+89C8 */
    0x1200, 0x53E0, 0x5480, 0x5040, 0x3F80, 0x2080, 0x2480, 0x2480,
    0x24A0, 0x1A20, 0xE3E0, 0x0000,     /* [1121] '觉' U+89C9 */
0x2440, 0x1280, 0x7FE0, 0x4020,
    0x9F80, 0x1080, 0x1480, 0x1480, 0x14A0, 0x0A20, 0x73E0, 0x0000,
    /* [1122] '角' U+89D2 */
    0x1000, 0x1F00, 0x2200, 0x7FC0, 0xA440, 0x3FC0, 0x2440, 0x3FC0,
    0x2440, 0x4540, 0x8080, 0x0000,     /* [1123] '解' U+89E3 */
0x23E0, 0x7920, 0x5220, 0xFCC0,
    0x5680, 0x7FE0, 0x5480, 0x7FE0, 0x5480, 0x5480, 0x8C80, 0x0000,
    /* [1124] '言' U+8A00 */
    0x0800, 0x0400, 0xFFE0, 0x0000, 0x3F80, 0x0000, 0x3F80, 0x0000,
    0x3F80, 0x2080, 0x3F80, 0x0000,     /* [1125] '誉' U+8A89 */
0x2880, 0x1500, 0xFFE0, 0x2500,
    0x7FC0, 0x8020, 0x3F80, 0x0000, 0x3F80, 0x2080, 0x3F80, 0x0000,
    /* [1126] '警' U+8B66 */
    0xFD00, 0x49E0, 0xFE80, 0x5540, 0xFFE0, 0x0000, 0x7FC0, 0x0000,
    0x3F80, 0x2080, 0x3F80, 0x0000,     /* [1127] '认' U+8BA4 */
0x4100, 0x2100, 0x0100, 0x0100,
    0xE100, 0x2100, 0x2280, 0x2A80, 0x3440, 0x2840, 0x1020, 0x0000,
    /* [1128] '让' U+8BA9 */
    0x4100, 0x2100, 0x2100, 0x0100, 0xE1E0, 0x2100, 0x2100, 0x2100,
    0x2900, 0x3100, 0x2FE0, 0x0000,     /* [1129] '讯' U+8BAF */
0x9F80, 0x4480, 0x4480, 0x0480,
    0xC480, 0x5F80, 0x4480, 0x54A0, 0x64A0, 0x4460, 0x0420, 0x0000,
    /* [1130] '讲' U+8BB2 */
    0x8480, 0x4480, 0x1FE0, 0xC480, 0x4480, 0x5FE0, 0x4480, 0x5480,
    0x6480, 0x4880, 0x1080, 0x0000,     /* [1131] '许' U+8BB8 */
0x4400, 0x2400, 0x07C0, 0x0900,
    0xE100, 0x2FE0, 0x2100, 0x2900, 0x3100, 0x2100, 0x0100, 0x0000,
    /* [1132] '设' U+8BBE */
    0x4780, 0x2480, 0x0480, 0x08E0, 0xE000, 0x2FC0, 0x2440, 0x2280,
    0x3100, 0x2280, 0x1C60, 0x0000,     /* [1133] '试' U+8BD5 */
0x4140, 0x2120, 0x1FE0, 0x0100,
    0xEF00, 0x2500, 0x2500, 0x24A0, 0x26A0, 0x3860, 0x2020, 0x0000,
    /* [1134] '诚' U+8BDA */
    0x4140, 0x2120, 0x1FE0, 0xD100, 0x5100, 0x5D40, 0x5540, 0x5480,
    0x74A0, 0x5960, 0x2220, 0x0000,     /* [1135] '该' U+8BE5 */
0x4200, 0x2100, 0x0FE0, 0xE100,
    0x2240, 0x2780, 0x2120, 0x2A40, 0x3480, 0x2140, 0x0620, 0x0000,
    /* [1136] '语' U+8BED */
    0x4FE0, 0x2100, 0x07C0, 0xE240, 0x2240, 0x2FE0, 0x2000, 0x2FC0,
    0x3440, 0x2440, 0x07C0, 0x0000,     /* [1137] '说' U+8BF4 */
0x4440, 0x2280, 0x07C0, 0x0440,
    0xE440, 0x27C0, 0x2280, 0x2A80, 0x32A0, 0x24A0, 0x08E0, 0x0000,
    /* [1138] '请' U+8BF7 */
    0x4100, 0x2FE0, 0x2100, 0x07C0, 0xE100, 0x2FE0, 0x2440, 0x27C0,
    0x2440, 0x37C0, 0x2440, 0x0000,     /* [1139] '诸' U+8BF8 */
0x4200, 0x27A0, 0x0240, 0xEFE0,
    0x2200, 0x27C0, 0x2440, 0x2FC0, 0x3440, 0x27C0, 0x0440, 0x0000,
    /* [1140] '读' U+8BFB */
    0x4100, 0x27C0, 0x0100, 0xEFE0, 0x22A0, 0x2580, 0x2280, 0x2FE0,
    0x3180, 0x2240, 0x0C20, 0x0000,     /* [1141] '调' U+8C03 */
0x4FE0, 0x2920, 0x0BA0, 0xE920,
    0x2FE0, 0x2820, 0x2BA0, 0x2AA0, 0x3BA0, 0x2820, 0x10E0, 0x0000,
    /* [1142] '谢' U+8C22 */
    0x8840, 0x5E40, 0x1240, 0xDFE0, 0x5240, 0x5F40, 0x52C0, 0x5E40,
    0x6A40, 0x5240, 0x26C0, 0x0000,     /* [1143] '谱' U+8C31 */
0x4440, 0x2FE0, 0x0AA0, 0x06C0,
    0xEFE0, 0x2000, 0x27C0, 0x2C40, 0x37C0, 0x2440, 0x07C0, 0x0000,
    /* [1144] '谷' U+8C37 */
    0x0900, 0x1080, 0x2440, 0x4620, 0x0900, 0x1080, 0x3FC0, 0xD0A0,
    0x1080, 0x1F80, 0x1080, 0x0000,     /* [1145] '豆' U+8C46 */
0x0000, 0x7FC0, 0x0000, 0x3F80,
    0x2080, 0x3F80, 0x2080, 0x1100, 0x0900, 0x0A00, 0xFFE0, 0x0000,
    /* [1146] '象' U+8C61 */
    0x1F00, 0x2200, 0x7FC0, 0xA440, 0x3FC0, 0x1440, 0x6E80, 0x1300,
    0x6680, 0x1A60, 0xE600, 0x0000,     /* [1147] '豫' U+8C6B */
0xF780, 0x1480, 0xAFE0, 0x4920,
    0xFFE0, 0x5220, 0x4540, 0x5B80, 0x4540, 0x5920, 0xC600, 0x0000,
    /* [1148] '贝' U+8D1D */
    0x3F80, 0x2080, 0x2480, 0x2480, 0x2480, 0x2480, 0x2480, 0x2480,
    0x0A00, 0x1180, 0x6080, 0x0000,     /* [1149] '贡' U+8D21 */
0x3F80, 0x0400, 0xFFE0, 0x0000,
    0x3F80, 0x2080, 0x2480, 0x2480, 0x2A80, 0x1100, 0x60C0, 0x0000,
    /* [1150] '贤' U+8D24 */
    0x17C0, 0x9240, 0x9180, 0x9240, 0x3FA0, 0x2080, 0x2480, 0x2480,
    0x2480, 0x1B00, 0xE0E0, 0x0000,     /* [1151] '贵' U+8D35 */
0x0400, 0x3F80, 0x2480, 0x3F80,
    0x0400, 0xFFE0, 0x2080, 0x2480, 0x2480, 0x0B00, 0xF0E0, 0x0000,
    /* [1152] '贺' U+8D3A */
    0x11E0, 0xFD20, 0x25E0, 0x4400, 0x9FC0, 0x1040, 0x1240, 0x1240,
    0x1240, 0x0D80, 0x7060, 0x0000,     /* [1153] '贾' U+8D3E */
0xFFE0, 0x0A00, 0x7FC0, 0x4A40,
    0x7FC0, 0x0000, 0x3F80, 0x2480, 0x2480, 0x0A00, 0x71C0, 0x0000,
    /* [1154] '资' U+8D44 */
    0x4800, 0x2FE0, 0xD240, 0x4500, 0x48C0, 0x3F80, 0x2080, 0x2480,
    0x2480, 0x0A00, 0x71C0, 0x0000,     /* [1155] '赛' U+8D5B */
0x0400, 0xFFE0, 0x9220, 0x7FC0,
    0x1200, 0xFFE0, 0x3180, 0xD560, 0x1500, 0x0B00, 0x70C0, 0x0000,
    /* [1156] '赣' U+8D63 */
    0x21C0, 0xFA80, 0x5140, 0xFFE0, 0x9080, 0xF7E0, 0x9220, 0xF2A0,
    0x22A0, 0xF940, 0x2620, 0x0000,     /* [1157] '赤' U+8D64 */
0x0400, 0x0400, 0x3FC0, 0x0400,
    0xFFE0, 0x0900, 0x2940, 0x2920, 0x4920, 0x1500, 0x6200, 0x0000,
    /* [1158] '赫' U+8D6B */
    0x1080, 0x7FE0, 0x1080, 0xFFE0, 0x2940, 0x6D40, 0xAB60, 0xAD60,
    0x2940, 0x4A40, 0x98C0, 0x0000,     /* [1159] '走' U+8D70 */
0x0400, 0x7FC0, 0x0400, 0x0400,
    0xFFE0, 0x0400, 0x2400, 0x27C0, 0x2400, 0x5400, 0x8FE0, 0x0000,
    /* [1160] '赵' U+8D75 */
    0x1000, 0x1240, 0x7D40, 0x1080, 0xFE80, 0x1080, 0x5D40, 0x5140,
    0x7240, 0x9800, 0x87E0, 0x0000,     /* [1161] '超' U+8D85 */
0x17C0, 0x1140, 0x7D40, 0x12C0,
    0xFC00, 0x13C0, 0x5E40, 0x5240, 0x73C0, 0x9800, 0x87E0, 0x0000,
    /* [1162] '越' U+8D8A */
    0x10C0, 0x10A0, 0x7FE0, 0x1280, 0xFEA0, 0x12A0, 0x5E40, 0x52A0,
    0x7120, 0x9A00, 0x87E0, 0x0000,     /* [1163] '足' U+8DB3 */
0x3F80, 0x2080, 0x2080, 0x3F80,
    0x0400, 0x2400, 0x27C0, 0x2400, 0x5400, 0x4C00, 0x83E0, 0x0000,
    /* [1164] '跑' U+8DD1 */
    0x0400, 0xF7C0, 0x9840, 0x9740, 0xF540, 0x2540, 0xB740, 0xA4A0,
    0xA420, 0xB420, 0xC3E0, 0x0000,     /* [1165] '跨' U+8DE8 */
0xF100, 0x9FE0, 0x9280, 0xF440,
    0x2BA0, 0xB000, 0xAFE0, 0xA200, 0xB7C0, 0xC040, 0x0180, 0x0000,
    /* [1166] '路' U+8DEF */
    0xF400, 0x97C0, 0x9440, 0x9A80, 0xF100, 0x2280, 0xB440, 0xAFE0,
    0xA440, 0xB440, 0xC7C0, 0x0000,     /* [1167] '跳' U+8DF3 */
0xF280, 0x9AA0, 0x96C0, 0xF280,
    0x2280, 0x26C0, 0xBAA0, 0xA280, 0xBAA0, 0xC4A0, 0x0860, 0x0000,
    /* [1168] '踢' U+8E22 */
    0xF7C0, 0x9440, 0x97C0, 0x9440, 0xF7C0, 0x2200, 0xBFE0, 0xA2A0,
    0xA520, 0xBA20, 0xE4C0, 0x0000,     /* [1169] '车' U+8F66 */
0x0800, 0x0800, 0x7FC0, 0x1000,
    0x2400, 0x3F80, 0x0400, 0x0400, 0xFFE0, 0x0400, 0x0400, 0x0000,
    /* [1170] '轨' U+8F68 */
    0x4200, 0x4200, 0xF280, 0x4FC0, 0xA280, 0xF280, 0x2280, 0x34A0,
    0xE4A0, 0x28A0, 0x3060, 0x0000,     /* [1171] '转' U+8F6C */
0x2100, 0xF7C0, 0x4100, 0x6FE0,
    0xA200, 0xF7C0, 0x2040, 0x3A80, 0xE100, 0x2080, 0x2080, 0x0000,
    /* [1172] '软' U+8F6F */
    0x4200, 0x4200, 0xFBE0, 0x4220, 0xA540, 0xF900, 0x2100, 0x3A80,
    0xE280, 0x2440, 0x2820, 0x0000,     /* [1173] '轻' U+8F7B */
0x23C0, 0xF840, 0x4080, 0x6140,
    0xA620, 0xF800, 0x23E0, 0x3880, 0xE080, 0x2080, 0x27E0, 0x0000,
    /* [1174] '载' U+8F7D */
    0x1100, 0x7D40, 0x1120, 0xFFE0, 0x2100, 0xFD20, 0x5140, 0x7C80,
    0x10A0, 0xFD60, 0x1220, 0x0000,     /* [1175] '轿' U+8F7F */
0x20C0, 0xFF00, 0x4100, 0x67E0,
    0xA240, 0xFC20, 0x2240, 0x3A40, 0xE240, 0x2440, 0x2840, 0x0000,
    /* [1176] '辉' U+8F89 */
    0x27E0, 0xAC20, 0x7100, 0x27E0, 0xFA00, 0x5480, 0x57C0, 0x5080,
    0x5FE0, 0x5080, 0x8080, 0x0000,     /* [1177] '输' U+8F93 */
0x4100, 0x4280, 0xF440, 0x4BA0,
    0xA000, 0xFE20, 0x2AA0, 0x3EA0, 0xEAA0, 0x2EA0, 0x2A60, 0x0000,
    /* [1178] '辛' U+8F9B */
    0x0400, 0x7FC0, 0x2080, 0x1900, 0x0A00, 0xFFE0, 0x0400, 0x7FC0,
    0x0400, 0x0400, 0x0400, 0x0000,     /* [1179] '辰' U+8FB0 */
0x3FE0, 0x2000, 0x2FC0, 0x2000,
    0x3FE0, 0x2A00, 0x2A40, 0x2980, 0x4880, 0x4A40, 0x8C20, 0x0000,
    /* [1180] '边' U+8FB9 */
    0x4100, 0x2100, 0x2FE0, 0x0120, 0xE120, 0x2120, 0x2220, 0x2420,
    0x28C0, 0x5000, 0x8FE0, 0x0000,     /* [1181] '辽' U+8FBD */
0x4FC0, 0x2040, 0x2080, 0x0100,
    0xE100, 0x2100, 0x2100, 0x2500, 0x2200, 0x5000, 0x8FE0, 0x0000,
    /* [1182] '达' U+8FBE */
    0x4100, 0x2100, 0x2100, 0x0FE0, 0xE100, 0x2100, 0x2280, 0x2440,
    0x2820, 0x5000, 0x8FE0, 0x0000,     /* [1183] '迁' U+8FC1 */
0x40C0, 0x2700, 0x2100, 0x0100,
    0xEFE0, 0x2100, 0x2100, 0x2100, 0x2100, 0x5000, 0x8FE0, 0x0000,
    /* [1184] '过' U+8FC7 */
    0x4080, 0x2080, 0x2FE0, 0x0080, 0xE480, 0x2280, 0x2080, 0x2080,
    0x2180, 0x5000, 0x8FE0, 0x0000,     /* [1185] '迎' U+8FCE */
0x4200, 0x2DE0, 0x2920, 0x0920,
    0xE920, 0x2920, 0x2B20, 0x2D60, 0x2100, 0x5000, 0x8FE0, 0x0000,
    /* [1186] '运' U+8FD0 */
    0x47C0, 0x2000, 0x2000, 0x0FE0, 0xE200, 0x2280, 0x2440, 0x2FA0,
    0x2420, 0x5000, 0x8FE0, 0x0000,     /* [1187] '近' U+8FD1 */
0x40C0, 0x2700, 0x2400, 0x07E0,
    0xE480, 0x2480, 0x2480, 0x2480, 0x2880, 0x5000, 0x8FE0, 0x0000,
    /* [1188] '返' U+8FD4 */
    0x4060, 0x2780, 0x2400, 0x07E0, 0xE620, 0x2540, 0x2480, 0x2940,
    0x2620, 0x5000, 0x8FE0, 0x0000,     /* [1189] '还' U+8FD8 */
0x4FE0, 0x2080, 0x2100, 0x0100,
    0xE340, 0x2520, 0x2920, 0x2100, 0x2100, 0x5000, 0x8FE0, 0x0000,
    /* [1190] '这' U+8FD9 */
    0x4200, 0x2100, 0x0FE0, 0xE080, 0x2480, 0x2280, 0x2100, 0x2280,
    0x2C40, 0x5000, 0x8FE0, 0x0000,     /* [1191] '进' U+8FDB */
0x4480, 0x2480, 0x2FC0, 0x0480,
    0xE480, 0x3FE0, 0x2480, 0x2480, 0x2880, 0x5080, 0x8FE0, 0x0000,
    /* [1192] '远' U+8FDC */
    0x47C0, 0x2000, 0x2000, 0x0FE0, 0xE280, 0x2280, 0x22A0, 0x24A0,
    0x2860, 0x5000, 0x8FE0, 0x0000,     /* [1193] '连' U+8FDE */
0x4200, 0x2FE0, 0x2200, 0x0500,
    0xEFC0, 0x2100, 0x2FE0, 0x2100, 0x2100, 0x5100, 0x8FE0, 0x0000,
    /* [1194] '迪' U+8FEA */
    0x4100, 0x2100, 0x2FE0, 0x0920, 0xE920, 0x2FE0, 0x2920, 0x2920,
    0x2FE0, 0x5000, 0x8FE0, 0x0000,     /* [1195] '退' U+9000 */
0x8FC0, 0x4840, 0x4FC0, 0x0840,
    0xCFC0, 0x4800, 0x4B40, 0x4880, 0x4E40, 0xB000, 0x8FE0, 0x0000,
    /* [1196] '送' U+9001 */
    0x4440, 0x2280, 0x27C0, 0x0100, 0xE100, 0x2FE0, 0x2100, 0x2280,
    0x2440, 0x5820, 0x8FE0, 0x0000,     /* [1197] '逆' U+9006 */
0x4440, 0x2280, 0x2FE0, 0x0100,
    0xE920, 0x2920, 0x2FE0, 0x2100, 0x2200, 0x5400, 0x8FE0, 0x0000,
    /* [1198] '选' U+9009 */
    0x4500, 0x2500, 0x27C0, 0x0900, 0xEFE0, 0x2280, 0x22A0, 0x24A0,
    0x2860, 0x5000, 0x8FE0, 0x0000,     /* [1199] '逊' U+900A */
0x5E80, 0x2280, 0x2480, 0x05C0,
    0xE6A0, 0x3CA0, 0x2480, 0x2480, 0x3D80, 0x5000, 0x8FE0, 0x0000,
    /* [1200] '通' U+901A */
    0x4FC0, 0x2280, 0x2FE0, 0x0920, 0xEFE0, 0x2920, 0x2FE0, 0x2920,
    0x2960, 0x5000, 0x8FE0, 0x0000,     /* [1201] '速' U+901F */
0x4100, 0x3FE0, 0x2100, 0x0FE0,
    0xE920, 0x2FE0, 0x2380, 0x2540, 0x2920, 0x5100, 0x8FE0, 0x0000,
    /* [1202] '遂' U+9042 */
    0x4440, 0x2280, 0x3FE0, 0x0620, 0xE940, 0x2280, 0x2DC0, 0x22A0,
    0x2CA0, 0x5100, 0x8FE0, 0x0000,     /* [1203] '道' U+9053 */
0x4440, 0x2280, 0x2FE0, 0x0100,
    0xE7C0, 0x2440, 0x27C0, 0x2440, 0x27C0, 0x5000, 0x8FE0, 0x0000,
    /* [1204] '遵' U+9075 */
    0x4240, 0x2FE0, 0x2280, 0x0FE0, 0xEAA0, 0x2FE0, 0x28A0, 0x3FE0,
    0x2280, 0x5080, 0x8FE0, 0x0000,     /* [1205] '邑' U+9091 */
0x3F00, 0x2100, 0x3F00, 0x0000,
    0x7F80, 0x4480, 0x7F80, 0x4000, 0x4040, 0x4040, 0x3FC0, 0x0000,
    /* [1206] '邓' U+9093 */
    0x03E0, 0xFA20, 0x0A40, 0x8A40, 0x4A80, 0x3240, 0x1220, 0x2A20,
    0x4AA0, 0x8240, 0x0200, 0x0000,     /* [1207] '邡' U+90A1 */
0x21E0, 0x1120, 0xFF40, 0x2140,
    0x3D80, 0x2540, 0x2520, 0x2520, 0x45A0, 0x5540, 0x8900, 0x0000,
    /* [1208] '邢' U+90A2 */
    0x7DE0, 0x2920, 0x2940, 0x2940, 0xFF80, 0x2940, 0x2920, 0x2920,
    0x29E0, 0x4940, 0x8900, 0x0000,     /* [1209] '那' U+90A3 */
0xFDE0, 0x2520, 0x2540, 0xFD40,
    0x2540, 0x2520, 0xFD20, 0x25A0, 0x2540, 0x4500, 0x8D00, 0x0000,
    /* [1210] '邯' U+90AF */
    0x25E0, 0x2520, 0xFF40, 0x2540, 0x2580, 0x3D40, 0x2520, 0x2520,
    0x25A0, 0x3D40, 0x2500, 0x0000,     /* [1211] '邱' U+90B1 */
0x0DE0, 0x7120, 0x4140, 0x4140,
    0x7F80, 0x4940, 0x4920, 0x4920, 0x5FA0, 0xE140, 0x0100, 0x0000,
    /* [1212] '邳' U+90B3 */
    0x01E0, 0xFD20, 0x1140, 0x1940, 0x3580, 0x5540, 0x9120, 0x1120,
    0x1DA0, 0xE140, 0x4100, 0x0000,     /* [1213] '邵' U+90B5 */
0xFDE0, 0x2520, 0x2540, 0x2540,
    0x5580, 0x8940, 0x7D20, 0x4520, 0x45A0, 0x7D40, 0x4500, 0x0000,
    /* [1214] '邹' U+90B9 */
    0x21E0, 0x3D20, 0x4940, 0xBD40, 0x0580, 0x0540, 0x7D20, 0x0520,
    0x05A0, 0x7D40, 0x0100, 0x0000,     /* [1215] '郁' U+90C1 */
0x11E0, 0xFF20, 0x2120, 0x3D40,
    0x6580, 0xBD40, 0x2520, 0x3D20, 0x25A0, 0x2540, 0x2D00, 0x0000,
    /* [1216] '郊' U+90CA */
    0x21E0, 0x1120, 0xFF20, 0x2540, 0x4380, 0xA540, 0x1920, 0x0920,
    0x15A0, 0x2340, 0xC100, 0x0000,     /* [1217] '郎' U+90CE */
0x11E0, 0x7D20, 0x4520, 0x7D40,
    0x4540, 0x7D20, 0x5120, 0x4920, 0x55A0, 0x6540, 0x0100, 0x0000,
    /* [1218] '郏' U+90CF */
    0x11E0, 0xFF20, 0x1120, 0x9340, 0x5580, 0xFF40, 0x1120, 0x1120,
    0x29A0, 0x4540, 0x8300, 0x0000,     /* [1219] '郑' U+90D1 */
0x4400, 0x29E0, 0x7D20, 0x1140,
    0x1180, 0xFD40, 0x1120, 0x2920, 0x25A0, 0x4540, 0x8100, 0x0000,
    /* [1220] '郓' U+90D3 */
    0xFDE0, 0x8520, 0x2120, 0xFD40, 0x5180, 0xFD40, 0x1120, 0x1D20,
    0xF1A0, 0x1140, 0x1100, 0x0000,     /* [1221] '郡' U+90E1 */
0x7DE0, 0x2520, 0xFF20, 0x2540,
    0x7D80, 0x2140, 0x3D20, 0x6520, 0xA5A0, 0x3D40, 0x2500, 0x0000,
    /* [1222] '部' U+90E8 */
    0x11E0, 0xFF20, 0x4520, 0x2940, 0xFF80, 0x0140, 0x7D20, 0x4520,
    0x45A0, 0x7D40, 0x4500, 0x0000,     /* [1223] '郫' U+90EB */
0x21E0, 0xFD20, 0x9520, 0xFD40,
    0x9580, 0xFD40, 0x2920, 0x4920, 0xFFA0, 0x0940, 0x0900, 0x0000,
    /* [1224] '郭' U+90ED */
    0x1000, 0xFFE0, 0x4520, 0x7D40, 0x0180, 0x7D40, 0x0920, 0x1F20,
    0xF120, 0x11C0, 0x3100, 0x0000,     /* [1225] '郯' U+90EF */
0x11E0, 0x5320, 0x9520, 0x1140,
    0x2980, 0xC740, 0x1120, 0x5520, 0x95A0, 0x2940, 0xC700, 0x0000,
    /* [1226] '郴' U+90F4 */
    0x25E0, 0x2520, 0xFF20, 0x2540, 0x3780, 0x6D40, 0xB520, 0xA520,
    0x25A0, 0x2540, 0x2500, 0x0000,     /* [1227] '郸' U+90F8 */
0x45E0, 0x2920, 0x7D20, 0x5540,
    0x7D80, 0x5540, 0x7D20, 0x1120, 0xFFA0, 0x1140, 0x1100, 0x0000,
    /* [1228] '都' U+90FD */
    0x13E0, 0x7D20, 0x1540, 0xFF80, 0x2140, 0x3D20, 0x6520, 0xBD20,
    0x25A0, 0x3D40, 0x2500, 0x0000,     /* [1229] '鄂' U+9102 */
0xEFE0, 0xAB20, 0xEF20, 0x0140,
    0x7D80, 0x0140, 0xFF20, 0x2120, 0x3DA0, 0x0540, 0x3900, 0x0000,
    /* [1230] '鄄' U+9104 */
    0xFFE0, 0x2920, 0xFF20, 0xAB40, 0xAB80, 0xFF40, 0x1120, 0x7D20,
    0x11A0, 0x1D40, 0xE100, 0x0000,     /* [1231] '鄱' U+9131 */
0x0DE0, 0xF320, 0x5540, 0xFF40,
    0x5580, 0x9340, 0x7D20, 0x5520, 0x7DA0, 0x5540, 0x7D00, 0x0000,
    /* [1232] '酒' U+9152 */
    0x4FE0, 0x2280, 0x8280, 0x5FE0, 0x2AA0, 0x2CE0, 0x2820, 0xCFE0,
    0x4820, 0x4FE0, 0x4820, 0x0000,     /* [1233] '醴' U+91B4 */
0xFA80, 0x57E0, 0x52A0, 0xFFE0,
    0xAAA0, 0xDFE0, 0x8A40, 0xFBC0, 0x8A40, 0xF980, 0x8FE0, 0x0000,
    /* [1234] '里' U+91CC */
    0x7FC0, 0x4440, 0x4440, 0x7FC0, 0x4440, 0x4440, 0x7FC0, 0x0400,
    0x7FC0, 0x0400, 0xFFE0, 0x0000,     /* [1235] '重' U+91CD */
0x7FC0, 0x0400, 0xFFE0, 0x2480,
    0x3F80, 0x2480, 0x3F80, 0x0400, 0x7FC0, 0x0400, 0xFFE0, 0x0000,
    /* [1236] '野' U+91CE */
    0xFBE0, 0xA840, 0xF980, 0xA880, 0xAFE0, 0xF8A0, 0x2080, 0xF880,
    0x2080, 0x3880, 0xC380, 0x0000,     /* [1237] '量' U+91CF */
0x3F80, 0x2080, 0x3F80, 0x2080,
    0xFFE0, 0x2480, 0x3F80, 0x2480, 0x7FC0, 0x0400, 0xFFE0, 0x0000,
    /* [1238] '金' U+91D1 */
    0x0400, 0x0A00, 0x1100, 0x2080, 0xDF60, 0x0400, 0x7FC0, 0x0400,
    0x2480, 0x1500, 0xFFE0, 0x0000,     /* [1239] '钟' U+949F */
0x4100, 0x4100, 0x7FE0, 0x8520,
    0x7520, 0x2520, 0xFFE0, 0x2100, 0x2900, 0x3100, 0x2100, 0x0000,
    /* [1240] '钢' U+94A2 */
    0x47E0, 0x4420, 0x7CA0, 0x86A0, 0xFD20, 0x2520, 0xFDA0, 0x2660,
    0x2C20, 0x3420, 0x24E0, 0x0000,     /* [1241] '钦' U+94A6 */
0x4200, 0x4200, 0x7BE0, 0x8220,
    0xFD40, 0x2100, 0xF900, 0x2280, 0x2A80, 0x3440, 0x2820, 0x0000,
    /* [1242] '铁' U+94C1 */
    0x4500, 0x7500, 0x47C0, 0x7900, 0xA100, 0x2FE0, 0xF100, 0x2280,
    0x2A80, 0x3440, 0x2820, 0x0000,     /* [1243] '铃' U+94C3 */
0x4100, 0x4180, 0x7A40, 0x8520,
    0xF880, 0x2000, 0xFBE0, 0x2040, 0x2A80, 0x3100, 0x2080, 0x0000,
    /* [1244] '铜' U+94DC */
    0x4FE0, 0x4820, 0x7820, 0x8BA0, 0xF820, 0x4BA0, 0xFAA0, 0x4BA0,
    0x5820, 0x6820, 0x48E0, 0x0000,     /* [1245] '铝' U+94DD */
0x43C0, 0x4240, 0x7A40, 0x83C0,
    0xFA40, 0x2000, 0xFFE0, 0x2420, 0x2C20, 0x37E0, 0x2420, 0x0000,
    /* [1246] '铭' U+94ED */
    0x4100, 0x41E0, 0x7A20, 0x8540, 0xF880, 0x2100, 0xFBE0, 0x2620,
    0x2A20, 0x33E0, 0x2220, 0x0000,     /* [1247] '银' U+94F6 */
0x47C0, 0x4440, 0x7C40, 0x87C0,
    0xFC40, 0x27C0, 0xFD20, 0x2540, 0x2C80, 0x3540, 0x2620, 0x0000,
    /* [1248] '链' U+94FE */
    0x4100, 0x4BE0, 0x7500, 0x8280, 0xFFE0, 0x2480, 0xFFE0, 0x2480,
    0x2480, 0x3A00, 0x29E0, 0x0000,     /* [1249] '锁' U+9501 */
0x2920, 0x2540, 0x4100, 0x77C0,
    0x8440, 0x7540, 0x2540, 0xF540, 0x2540, 0x3280, 0x2C60, 0x0000,
    /* [1250] '锋' U+950B */
    0x43C0, 0x4640, 0x7980, 0x8660, 0xF900, 0x27E0, 0xF900, 0x23C0,
    0x2900, 0x37E0, 0x2100, 0x0000,     /* [1251] '错' U+9519 */
0x4280, 0x4FE0, 0x7280, 0x8280,
    0xEFE0, 0x4000, 0xF7C0, 0x4440, 0x47C0, 0x5440, 0x67C0, 0x0000,
    /* [1252] '锡' U+9521 */
    0x47C0, 0x4440, 0x77C0, 0x8440, 0xFFC0, 0x2400, 0xF7E0, 0x2AA0,
    0x22A0, 0x3520, 0x22C0, 0x0000,     /* [1253] '锦' U+9526 */
0x4100, 0x47C0, 0x7C40, 0x87C0,
    0xFC40, 0x27C0, 0xF900, 0x2FE0, 0x2920, 0x3960, 0x2100, 0x0000,
    /* [1254] '键' U+952E */
    0x5C80, 0x47E0, 0x68A0, 0x8BE0, 0xFCA0, 0x47E0, 0xE480, 0x57E0,
    0x4880, 0x6C80, 0x53E0, 0x0000,     /* [1255] '镇' U+9547 */
0x4100, 0x4FE0, 0x7100, 0x87C0,
    0xFC40, 0x2740, 0xFDC0, 0x2440, 0x2FE0, 0x3280, 0x2C60, 0x0000,
    /* [1256] '长' U+957F */
    0x1080, 0x1100, 0x1200, 0x1400, 0x1800, 0x7FE0, 0x1400, 0x1200,
    0x1100, 0x1480, 0x1860, 0x0000,     /* [1257] '门' U+95E8 */
0x27E0, 0x1020, 0x4020, 0x4020,
    0x4020, 0x4020, 0x4020, 0x4020, 0x4020, 0x4020, 0x40E0, 0x0000,
    /* [1258] '闫' U+95EB */
    0x2FE0, 0x1020, 0x4020, 0x5FA0, 0x4020, 0x4020, 0x4F20, 0x4020,
    0x4020, 0x5FA0, 0x4060, 0x0000,     /* [1259] '闭' U+95ED */
0x47E0, 0x2020, 0x8220, 0x8220,
    0xBFA0, 0x8620, 0x8A20, 0x9220, 0xA220, 0x8620, 0x80E0, 0x0000,
    /* [1260] '间' U+95F4 */
    0x27E0, 0x1020, 0x4020, 0x4F20, 0x4920, 0x4F20, 0x4920, 0x4920,
    0x4F20, 0x4020, 0x40E0, 0x0000,     /* [1261] '闵' U+95F5 */
0x27E0, 0x9020, 0x8420, 0xBFA0,
    0x8220, 0x8A20, 0x8420, 0x8A20, 0x9120, 0xA120, 0x8060, 0x0000,
    /* [1262] '闽' U+95FD */
    0x27E0, 0x1020, 0x4420, 0x5FA0, 0x54A0, 0x54A0, 0x5FA0, 0x4420,
    0x44A0, 0x5FA0, 0x4060, 0x0000,     /* [1263] '闾' U+95FE */
0x27E0, 0x1020, 0x4F20, 0x4920,
    0x4F20, 0x4020, 0x5FA0, 0x50A0, 0x5FA0, 0x4020, 0x4060, 0x0000,
    /* [1264] '阁' U+9601 */
    0x9FE0, 0x4820, 0x0F20, 0x9920, 0xA620, 0x8920, 0xBFA0, 0x9120,
    0x9F20, 0x9120, 0x8060, 0x0000,     /* [1265] '阆' U+9606 */
0x2FE0, 0x1020, 0x4420, 0x5F20,
    0x5120, 0x5F20, 0x5120, 0x5F20, 0x54A0, 0x5B20, 0x40E0, 0x0000,
    /* [1266] '阎' U+960E */
    0x27E0, 0x9020, 0x8820, 0x9F20, 0xA220, 0x9BA0, 0xA0A0, 0xBBA0,
    0xA0A0, 0xBFA0, 0x8060, 0x0000,     /* [1267] '阜' U+961C */
0x0800, 0x7F80, 0x4080, 0x7F80,
    0x4000, 0x7FC0, 0x4040, 0x7FC0, 0x0400, 0xFFE0, 0x0400, 0x0000,
    /* [1268] '队' U+961F */
    0xF100, 0x9100, 0xA100, 0xC100, 0xA100, 0x9100, 0x9100, 0xD280,
    0xA280, 0x8440, 0x9820, 0x0000,     /* [1269] '阡' U+9621 */
0xF0C0, 0x9700, 0xA100, 0xC100,
    0xAFE0, 0x9100, 0x9100, 0xF100, 0xA100, 0x8100, 0x8100, 0x0000,
    /* [1270] '防' U+9632 */
    0xF200, 0x9100, 0xAFE0, 0xC200, 0xA3C0, 0x9240, 0x9240, 0xD240,
    0xA440, 0x8840, 0x9180, 0x0000,     /* [1271] '阳' U+9633 */
0xF7E0, 0x9420, 0xA420, 0xC420,
    0xA7E0, 0x9420, 0x9420, 0xD420, 0xA420, 0x87E0, 0x8420, 0x0000,
    /* [1272] '阴' U+9634 */
    0xF3E0, 0x9220, 0xA220, 0xC3E0, 0xA220, 0x9220, 0x93E0, 0xD220,
    0xA220, 0x8420, 0x88E0, 0x0000,     /* [1273] '阻' U+963B */
0xF7C0, 0x9440, 0xA440, 0xC7C0,
    0xA440, 0x9440, 0x9440, 0xD7C0, 0xA440, 0x8440, 0x9FE0, 0x0000,
    /* [1274] '阿' U+963F */
    0xF7E0, 0x9040, 0xA040, 0xA740, 0xA540, 0x9540, 0x9540, 0xD740,
    0xA040, 0x8040, 0x80C0, 0x0000,     /* [1275] '陀' U+9640 */
0xF200, 0x9100, 0xAFE0, 0xC820,
    0xA200, 0x9240, 0x9280, 0xD300, 0xA220, 0x8220, 0x81E0, 0x0000,
    /* [1276] '陂' U+9642 */
    0xF100, 0x9100, 0xA7E0, 0xC520, 0xA500, 0x97C0, 0x9540, 0xF540,
    0xA480, 0x8940, 0x9620, 0x0000,     /* [1277] '际' U+9645 */
0xF7C0, 0x9000, 0xA000, 0xCFE0,
    0xA100, 0x9540, 0x9540, 0xD520, 0xA920, 0x8100, 0x8300, 0x0000,
    /* [1278] '陆' U+9646 */
    0xF100, 0x97C0, 0xA100, 0xC100, 0xAFE0, 0x9100, 0x9520, 0xF520,
    0xA520, 0x87E0, 0x8420, 0x0000,     /* [1279] '陈' U+9648 */
0xF200, 0x9FE0, 0xA400, 0xC500,
    0xAFE0, 0x9100, 0x9580, 0xF540, 0xA920, 0x9520, 0x8200, 0x0000,
    /* [1280] '陉' U+9649 */
    0xF7C0, 0x9040, 0xA080, 0xC140, 0xA620, 0x9000, 0x97C0, 0xF100,
    0xA100, 0x8100, 0x8FE0, 0x0000,     /* [1281] '降' U+964D */
0xF200, 0x93E0, 0xA640, 0xC180,
    0xA660, 0x9100, 0x97E0, 0xD500, 0xAFE0, 0x8100, 0x8100, 0x0000,
    /* [1282] '限' U+9650 */
    0xF7C0, 0x9440, 0xA7C0, 0xC440, 0xA7C0, 0x9500, 0x9520, 0xD540,
    0xA480, 0x8540, 0x8620, 0x0000,     /* [1283] '陕' U+9655 */
0xF100, 0x9FE0, 0xA920, 0xC540,
    0xA580, 0x9FE0, 0xD100, 0xA280, 0x8280, 0x8440, 0x8820, 0x0000,
    /* [1284] '院' U+9662 */
    0xF200, 0x9100, 0xAFE0, 0xC820, 0xA7C0, 0x9000, 0x9FE0, 0xD480,
    0xA4A0, 0x88A0, 0x9060, 0x0000,     /* [1285] '除' U+9664 */
0xF100, 0x9280, 0xA440, 0xCBA0,
    0xA100, 0x9FE0, 0x9100, 0xE540, 0x8920, 0x9120, 0x8300, 0x0000,
    /* [1286] '陵' U+9675 */
    0xF100, 0x97C0, 0xA100, 0xCFE0, 0xA440, 0x9A20, 0x9380, 0xD480,
    0xAB00, 0x8280, 0x8C60, 0x0000,     /* [1287] '陶' U+9676 */
0xE400, 0xA7E0, 0xA820, 0xD7A0,
    0xAA20, 0xAFA0, 0xA220, 0xEAA0, 0x8FA0, 0x8020, 0x80C0, 0x0000,
    /* [1288] '隆' U+9686 */
    0xF400, 0x97C0, 0xAC40, 0xC380, 0xAC60, 0x9500, 0x97E0, 0xF900,
    0xA7C0, 0x8100, 0x9FE0, 0x0000,     /* [1289] '随' U+968F */
0xE100, 0xB7E0, 0xAA00, 0xC7C0,
    0xA240, 0xBBC0, 0xAA40, 0xCBC0, 0x8A40, 0x8C00, 0x93E0, 0x0000,
    /* [1290] '隘' U+9698 */
    0xE880, 0xA500, 0xBFE0, 0xC500, 0xA880, 0x9040, 0xBFE0, 0xD540,
    0x9540, 0x9540, 0xBFE0, 0x0000,     /* [1291] '障' U+969C */
0xF100, 0x9FE0, 0xA480, 0xCFE0,
    0xA440, 0x97C0, 0x9440, 0xF7C0, 0xA100, 0x8FE0, 0x8100, 0x0000,
    /* [1292] '雁' U+96C1 */
    0x7FE0, 0x4A00, 0x4A80, 0x53E0, 0x5680, 0x7BC0, 0x5280, 0x53C0,
    0x5280, 0x93E0, 0x9200, 0x0000,     /* [1293] '雄' U+96C4 */
0x1100, 0x1280, 0xFFE0, 0x2280,
    0x2680, 0x53E0, 0x5280, 0x93E0, 0xA280, 0x2A80, 0x7BE0, 0x0000,
    /* [1294] '雅' U+96C5 */
    0xFB00, 0x1280, 0x53E0, 0x5680, 0xFBE0, 0x1280, 0x3280, 0x53E0,
    0x9280, 0x1280, 0x73E0, 0x0000,     /* [1295] '集' U+96C6 */
0x1400, 0x2200, 0x7FE0, 0xA400,
    0x3FC0, 0x2400, 0x3FC0, 0x2400, 0xFFE0, 0x1500, 0xE4E0, 0x0000,
    /* [1296] '雨' U+96E8 */
    0xFFE0, 0x0400, 0x0400, 0x7FC0, 0x4440, 0x5540, 0x4CC0, 0x6640,
    0x5540, 0x4440, 0x44C0, 0x0000,     /* [1297] '雪' U+96EA */
0x7FC0, 0x0400, 0xFFE0, 0x8420,
    0xB5A0, 0x0000, 0x7FC0, 0x0040, 0x3FC0, 0x0040, 0x7FC0, 0x0000,
    /* [1298] '零' U+96F6 */
    0x7FC0, 0x0400, 0xFFE0, 0x9520, 0x0E00, 0x3180, 0xC460, 0x3F80,
    0x0100, 0x0E00, 0x0300, 0x0000,     /* [1299] '雷' U+96F7 */
0x7FC0, 0x0400, 0xFFE0, 0x8420,
    0xB5A0, 0x0400, 0x7FC0, 0x4440, 0x7FC0, 0x4440, 0x7FC0, 0x0000,
    /* [1300] '雾' U+96FE */
    0x7FC0, 0x0400, 0xFFE0, 0x9520, 0x3F80, 0x5200, 0x1F00, 0xE4E0,
    0x3F80, 0x0880, 0x7300, 0x0000,     /* [1301] '需' U+9700 */
0x7FC0, 0x0400, 0xFFE0, 0xB5A0,
    0x0400, 0xFFE0, 0x0800, 0x7FC0, 0x4A40, 0x4A40, 0x4AC0, 0x0000,
    /* [1302] '霆' U+9706 */
    0x7FC0, 0x0400, 0xFFE0, 0xA4A0, 0xF7C0, 0x2100, 0x77C0, 0x1100,
    0x5FE0, 0x2000, 0xDFE0, 0x0000,     /* [1303] '霍' U+970D */
0x7FC0, 0x0400, 0xFFE0, 0xA4A0,
    0x3FE0, 0x1200, 0x3FC0, 0x5200, 0x9FC0, 0x1200, 0x1FE0, 0x0000,
    /* [1304] '霜' U+971C */
    0x7FC0, 0x0400, 0xFFE0, 0x9520, 0x23C0, 0xFA40, 0x23C0, 0x3240,
    0x6BC0, 0xAA40, 0x23C0, 0x0000,     /* [1305] '霞' U+971E */
0x7FC0, 0x0400, 0xFFE0, 0x9520,
    0xFBC0, 0x4840, 0x7FC0, 0x4240, 0x7A40, 0x4180, 0x4E60, 0x0000,
    /* [1306] '露' U+9732 */
    0x7FC0, 0x0400, 0xFFE0, 0x9520, 0xF3C0, 0x9640, 0xF180, 0x2660,
    0xBBC0, 0xA240, 0xF3C0, 0x0000,     /* [1307] '霸' U+9738 */
0x7FC0, 0x0400, 0xFFE0, 0x9520,
    0xFFC0, 0x4A40, 0xFBC0, 0xAA40, 0xFFC0, 0x2240, 0x24C0, 0x0000,
    /* [1308] '青' U+9752 */
    0x0400, 0x7FC0, 0x0400, 0x3F80, 0x0400, 0xFFE0, 0x1080, 0x1F80,
    0x1080, 0x1F80, 0x1080, 0x0000,     /* [1309] '靖' U+9756 */
0x4100, 0x27E0, 0xF900, 0x07C0,
    0x9100, 0x5FE0, 0x5440, 0x27C0, 0x3440, 0xC7C0, 0x0440, 0x0000,
    /* [1310] '静' U+9759 */
    0x2100, 0xFDC0, 0x2280, 0x7BC0, 0x2140, 0xFFE0, 0x4940, 0x6BC0,
    0x5900, 0x4900, 0x5B00, 0x0000,     /* [1311] '非' U+975E */
0x0A00, 0x0A00, 0xFBE0, 0x0A00,
    0x0A00, 0x7BC0, 0x0A00, 0x0A00, 0xFBE0, 0x0A00, 0x0A00, 0x0000,
    /* [1312] '面' U+9762 */
    0x7FE0, 0x0400, 0x0800, 0x7FE0, 0x4920, 0x4F20, 0x4920, 0x4F20,
    0x4920, 0x7FE0, 0x4020, 0x0000,     /* [1313] '鞍' U+978D */
0x5100, 0xFFE0, 0x5420, 0x7100,
    0x2100, 0xFFE0, 0xA940, 0xFA40, 0x2180, 0xF940, 0x2620, 0x0000,
    /* [1314] '韩' U+97E9 */
    0x2100, 0xFFE0, 0x2100, 0xFFC0, 0x8900, 0xF900, 0x8FE0, 0xF920,
    0x2120, 0xF960, 0x2100, 0x0000,     /* [1315] '音' U+97F3 */
0x0400, 0x7FC0, 0x1100, 0x0A00,
    0xFFE0, 0x0000, 0x3F80, 0x2080, 0x3F80, 0x2080, 0x3F80, 0x0000,
    /* [1316] '韵' U+97F5 */
    0x2200, 0xFA00, 0x8BE0, 0x5420, 0xFA20, 0x0120, 0xF820, 0x89A0,
    0xFE20, 0x8820, 0xF8C0, 0x0000,     /* [1317] '韶' U+97F6 */
0x23E0, 0xF920, 0x8920, 0x51E0,
    0xFA40, 0x0400, 0xFBE0, 0x8A20, 0xFA20, 0x8BE0, 0xFA20, 0x0000,
    /* [1318] '页' U+9875 */
    0xFFE0, 0x0400, 0x3F80, 0x2080, 0x2480, 0x2480, 0x2480, 0x2680,
    0x0900, 0x10C0, 0x6040, 0x0000,     /* [1319] '顶' U+9876 */
0x07E0, 0xF900, 0x27E0, 0x2420,
    0x2520, 0x2520, 0x2520, 0x2520, 0x2180, 0x6240, 0x0C20, 0x0000,
    /* [1320] '项' U+9879 */
    0x07E0, 0xF900, 0x27E0, 0x2420, 0x2520, 0x2520, 0x2520, 0x3D20,
    0xC180, 0x0240, 0x0C20, 0x0000,     /* [1321] '顺' U+987A */
0x8BE0, 0xA880, 0xABE0, 0xAA20,
    0xAAA0, 0xAAA0, 0xAAA0, 0xAAA0, 0xA880, 0x8940, 0x8A20, 0x0000,
    /* [1322] '须' U+987B */
    0x2FE0, 0x4100, 0x87C0, 0x1440, 0x2540, 0x4540, 0x8540, 0x1540,
    0x2180, 0x4240, 0x8C20, 0x0000,     /* [1323] '预' U+9884 */
0xFBE0, 0x1080, 0x63E0, 0x2220,
    0xFAA0, 0x2AA0, 0x22A0, 0x22A0, 0x22A0, 0x2140, 0x6620, 0x0000,
    /* [1324] '颍' U+988D */
    0x4BE0, 0x5080, 0x67E0, 0x4220, 0x7EA0, 0x12A0, 0xF6A0, 0x3AA0,
    0x5EA0, 0x9140, 0x3220, 0x0000,     /* [1325] '频' U+9891 */
0x13E0, 0x5080, 0x5FE0, 0x5220,
    0xFEA0, 0x12A0, 0x56A0, 0x5AA0, 0x92A0, 0x2140, 0xC620, 0x0000,
    /* [1326] '风' U+98CE */
    0x7F80, 0x4080, 0x4280, 0x5280, 0x4C80, 0x4480, 0x4C80, 0x5280,
    0x62A0, 0x8060, 0x8020, 0x0000,     /* [1327] '飞' U+98DE */
0xFC00, 0x0440, 0x0480, 0x0500,
    0x0700, 0x0480, 0x0440, 0x0200, 0x0220, 0x0120, 0x00E0, 0x0000,
    /* [1328] '餐' U+9910 */
    0x3FE0, 0x2240, 0x7580, 0xAA40, 0x5FC0, 0xB0A0, 0x5F80, 0x1080,
    0x1FA0, 0x1540, 0x18E0, 0x0000,     /* [1329] '饶' U+9976 */
0x4200, 0x47E0, 0x7A80, 0x9120,
    0xAEE0, 0x2000, 0x27E0, 0x2A80, 0x32A0, 0x24A0, 0x0860, 0x0000,
    /* [1330] '馆' U+9986 */
    0x4100, 0x47E0, 0x7C20, 0x53C0, 0xA240, 0x23C0, 0x2200, 0x2BE0,
    0x3220, 0x23E0, 0x0220, 0x0000,     /* [1331] '首' U+9996 */
0x2080, 0x1100, 0xFFE0, 0x0800,
    0x3F80, 0x2080, 0x3F80, 0x2080, 0x3F80, 0x2080, 0x3F80, 0x0000,
    /* [1332] '香' U+9999 */
    0x0180, 0x7E00, 0x0400, 0xFFE0, 0x1500, 0x2480, 0xFFE0, 0x2080,
    0x3F80, 0x2080, 0x3F80, 0x0000,     /* [1333] '马' U+9A6C */
0x7F80, 0x0080, 0x1080, 0x1100,
    0x2100, 0x3FE0, 0x0020, 0x0020, 0xFF20, 0x0020, 0x00C0, 0x0000,
    /* [1334] '驰' U+9A70 */
    0xF080, 0x12A0, 0x52E0, 0x53A0, 0x56A0, 0x7AA0, 0x0AC0, 0xEA80,
    0x0A20, 0x0A20, 0x31E0, 0x0000,     /* [1335] '驳' U+9A73 */
0xF440, 0x1280, 0x5100, 0x5280,
    0x5440, 0x7820, 0x0C40, 0xEA80, 0x0980, 0x0A40, 0x3420, 0x0000,
    /* [1336] '驻' U+9A7B */
    0xF100, 0x1080, 0x57E0, 0x5080, 0x5080, 0x7880, 0x0BE0, 0xE880,
    0x0880, 0x0880, 0x37E0, 0x0000,     /* [1337] '驾' U+9A7E */
0x2000, 0xFDE0, 0x2520, 0x5DE0,
    0x8000, 0x7F80, 0x1080, 0x1FE0, 0x0020, 0xFF20, 0x00C0, 0x0000,
    /* [1338] '骅' U+9A85 */
    0xF180, 0x12A0, 0x56C0, 0x53A0, 0x52A0, 0x7A60, 0x0880, 0xEFE0,
    0x0880, 0x0880, 0x3080, 0x0000,     /* [1339] '验' U+9A8C */
0xF100, 0x1100, 0x5280, 0x5C60,
    0x5380, 0x7800, 0x0A40, 0x3D40, 0xCA80, 0x0900, 0x37E0, 0x0000,
    /* [1340] '骑' U+9A91 */
    0xF100, 0x17E0, 0x5140, 0x5220, 0x57E0, 0x7820, 0x0BA0, 0xEAA0,
    0x0BA0, 0x0820, 0x3060, 0x0000,     /* [1341] '高' U+9AD8 */
0x0400, 0xFFE0, 0x0000, 0x1F00,
    0x1100, 0x7FC0, 0x4040, 0x5F40, 0x5140, 0x5F40, 0x40C0, 0x0000,
    /* [1342] '鬼' U+9B3C */
    0x1000, 0x7F80, 0x4880, 0x7F80, 0x4880, 0x7F80, 0x1480, 0x1540,
    0x25C0, 0x4420, 0x83E0, 0x0000,     /* [1343] '魅' U+9B45 */
0x2080, 0xF880, 0xABE0, 0xF880,
    0xABE0, 0xF880, 0x29C0, 0x36A0, 0x2C80, 0x50A0, 0x9FE0, 0x0000,
    /* [1344] '魏' U+9B4F */
    0x7100, 0x27C0, 0xFD40, 0x67C0, 0xB540, 0x27C0, 0xF900, 0x4940,
    0x53C0, 0x2520, 0x49E0, 0x0000,     /* [1345] '鱼' U+9C7C */
0x0800, 0x1F00, 0x2200, 0x7FC0,
    0xA240, 0x3FC0, 0x2240, 0x3FC0, 0x2040, 0x0000, 0xFFE0, 0x0000,
    /* [1346] '鲁' U+9C81 */
    0x1F00, 0x2200, 0x7FC0, 0xA440, 0x3FC0, 0x2440, 0xFFE0, 0x1080,
    0x1F80, 0x1080, 0x1F80, 0x0000,     /* [1347] '鲅' U+9C85 */
0x4280, 0x7A40, 0x9200, 0xFFE0,
    0xAA00, 0xFBC0, 0xAA40, 0xFB40, 0x0480, 0x3940, 0xCA20, 0x0000,
    /* [1348] '鲍' U+9C8D */
    0x4200, 0x7BE0, 0x9420, 0xFBA0, 0xAAA0, 0xFAA0, 0xABA0, 0xFA60,
    0x0200, 0x1A20, 0xE1E0, 0x0000,     /* [1349] '鸟' U+9E1F */
0x0800, 0x3F80, 0x2080, 0x2880,
    0x2480, 0x2100, 0x3FE0, 0x0020, 0x7FA0, 0x0020, 0x01C0, 0x0000,
    /* [1350] '鸡' U+9E21 */
    0x0100, 0xF7C0, 0x1440, 0x9540, 0x5540, 0x2480, 0x27E0, 0x5020,
    0x4FA0, 0x8020, 0x00C0, 0x0000,     /* [1351] '鸭' U+9E2D */
0x0100, 0xFBC0, 0xAA40, 0xFB40,
    0xAAC0, 0xAA00, 0xFBE0, 0x2020, 0x2FA0, 0x2020, 0x20C0, 0x0000,
    /* [1352] '鸿' U+9E3F */
    0x4100, 0x3FC0, 0x8A40, 0x4B40, 0x2AC0, 0x2A80, 0x2FE0, 0xD820,
    0x47A0, 0x4020, 0x40C0, 0x0000,     /* [1353] '鹅' U+9E45 */
0x3100, 0xDBC0, 0x5640, 0xFF40,
    0x52C0, 0x7200, 0xD7E0, 0x5420, 0x4BA0, 0x5620, 0xE2C0, 0x0000,
    /* [1354] '鹉' U+9E49 */
    0x0900, 0xEFC0, 0x0A40, 0xFF40, 0x2AC0, 0xBA00, 0xABE0, 0xA820,
    0xABA0, 0xB420, 0xC260, 0x0000,     /* [1355] '鹏' U+9E4F */
0x0100, 0xEFC0, 0xAA40, 0xEF40,
    0xAAC0, 0xAA00, 0xEFE0, 0xAA20, 0xABA0, 0xAA20, 0xB6C0, 0x0000,
    /* [1356] '鹤' U+9E64 */
    0x1100, 0xFFC0, 0xA640, 0x5340, 0x7EC0, 0xD280, 0x7BE0, 0x5020,
    0x7BE0, 0x5020, 0x7C60, 0x0000,     /* [1357] '鹦' U+9E66 */
0xEE80, 0xABC0, 0xAA40, 0xAB40,
    0x44C0, 0xAA00, 0x13E0, 0xFC20, 0x2BA0, 0x1020, 0x6C60, 0x0000,
    /* [1358] '鹰' U+9E70 */
    0x0200, 0x7FE0, 0x5500, 0x7FC0, 0x5500, 0x5FE0, 0x5280, 0x5FE0,
    0x4020, 0xBF20, 0x80C0, 0x0000,     /* [1359] '鹿' U+9E7F */
0x0200, 0x7FE0, 0x4900, 0x7FE0,
    0x4920, 0x7FE0, 0x5120, 0x5D40, 0x51A0, 0x9D20, 0x90E0, 0x0000,
    /* [1360] '麓' U+9E93 */
    0x2080, 0xFFE0, 0x6AC0, 0xA4A0, 0x7FE0, 0x4A40, 0x7FC0, 0x6240,
    0x7FA0, 0xA220, 0xBBE0, 0x0000,     /* [1361] '麦' U+9EA6 */
0x0400, 0x7FC0, 0x0400, 0x3F80,
    0x0400, 0xFFE0, 0x0800, 0x1F80, 0x6900, 0x0600, 0x79E0, 0x0000,
    /* [1362] '麻' U+9EBB */
    0x0200, 0x7FE0, 0x4880, 0x4880, 0x7FE0, 0x4880, 0x5DC0, 0x6AC0,
    0x4CA0, 0x8880, 0x8880, 0x0000,     /* [1363] '黄' U+9EC4 */
0x1100, 0x7FC0, 0x1100, 0xFFE0,
    0x0400, 0x3F80, 0x2480, 0x3F80, 0x2480, 0x3F80, 0x60C0, 0x0000,
    /* [1364] '黎' U+9ECE */
    0xF200, 0x23E0, 0xFCA0, 0x70A0, 0xAD20, 0x2AC0, 0x1500, 0xF5E0,
    0x0E00, 0x75C0, 0x0C00, 0x0000,     /* [1365] '黑' U+9ED1 */
0x7FC0, 0x4440, 0x5540, 0x4E40,
    0x7FC0, 0x0400, 0x7FC0, 0x0400, 0xFFE0, 0x5240, 0x8920, 0x0000,
    /* [1366] '黔' U+9ED4 */
    0xF900, 0xA900, 0xFA80, 0xAC40, 0xF920, 0x2080, 0xFBE0, 0x2040,
    0xFC80, 0x6880, 0x9500, 0x0000,     /* [1367] '默' U+9ED8 */
0xF900, 0xA980, 0xF940, 0xAFE0,
    0xF900, 0x2100, 0xF900, 0x2280, 0xFA80, 0x5440, 0xA820, 0x0000,
    /* [1368] '鼎' U+9F0E */
    0x1F80, 0x1080, 0x1F80, 0x50A0, 0x5FA0, 0x50A0, 0x7FE0, 0x0900,
    0xF9E0, 0x4920, 0x8920, 0x0000,     /* [1369] '鼓' U+9F13 */
0x2080, 0xFC80, 0x23E0, 0x7880,
    0x03E0, 0x7A20, 0x4940, 0x7940, 0x4880, 0x3D40, 0xC620, 0x0000,
    /* [1370] '齐' U+9F50 */
    0x0400, 0xFFE0, 0x1080, 0x0900, 0x0600, 0x1980, 0xE060, 0x0900,
    0x0900, 0x1100, 0x6100, 0x0000,     /* [1371] '龙' U+9F99 */
0x0900, 0x0880, 0x0800, 0xFFE0,
    0x0A00, 0x0A40, 0x1280, 0x1300, 0x2220, 0x4620, 0x99E0, 0x0000

};

/* Unicode → font index mapping */
/* Write to SPI Flash at CN_FONT_FLASH_BASE + CN_FONT_BITMAP_SIZE */
static const uint32_t cn_font_index[1372] = {
    0x4E000000, 0x4E01000C, 0x4E030018, 0x4E070024, 0x4E090030, 0x4E0A003C, 0x4E0B0048, 0x4E0D0054,
    0x4E130060, 0x4E16006C, 0x4E180078, 0x4E1A0084, 0x4E1C0090, 0x4E1D009C, 0x4E2400A8, 0x4E2A00B4,
    0x4E2D00C0, 0x4E3000CC, 0x4E3400D8, 0x4E3900E4, 0x4E3A00F0, 0x4E3B00FC, 0x4E3D0108, 0x4E490114,
    0x4E4B0120, 0x4E4C012C, 0x4E500138, 0x4E540144, 0x4E580150, 0x4E5D015C, 0x4E5F0168, 0x4E610174,
    0x4E700180, 0x4E7E018C, 0x4E860198, 0x4E8B01A4, 0x4E8C01B0, 0x4E8E01BC, 0x4E9101C8, 0x4E9201D4,
    0x4E9301E0, 0x4E9401EC, 0x4E9501F8, 0x4E9A0204, 0x4EA40210, 0x4EAC021C, 0x4EAD0228, 0x4EAE0234,
    0x4EB30240, 0x4EBA024C, 0x4EC00258, 0x4EC10264, 0x4EC50270, 0x4ECB027C, 0x4ECE0288, 0x4ED10294,
    0x4ED302A0, 0x4ED402AC, 0x4ED602B8, 0x4ED902C4, 0x4EE402D0, 0x4EEA02DC, 0x4EEC02E8, 0x4EF602F4,
    0x4EFB0300, 0x4F0A030C, 0x4F0D0318, 0x4F110324, 0x4F170330, 0x4F18033C, 0x4F1A0348, 0x4F1F0354,
    0x4F4E0360, 0x4F53036C, 0x4F550378, 0x4F590384, 0x4F5B0390, 0x4F5C039C, 0x4F6003A8, 0x4F6903B4,
    0x4F6C03C0, 0x4F7003CC, 0x4F7303D8, 0x4F9D03E4, 0x4FA703F0, 0x4FCA03FC, 0x4FDD0408, 0x4FE10414,
    0x4FEE0420, 0x4FF1042C, 0x500C0438, 0x50120444, 0x50190450, 0x501F045C, 0x503C0468, 0x50430474,
    0x50470480, 0x504F048C, 0x505C0498, 0x508504A4, 0x50A804B0, 0x50B204BC, 0x510B04C8, 0x513F04D4,
    0x514304E0, 0x514404EC, 0x514504F8, 0x51460504, 0x51480510, 0x5149051C, 0x514B0528, 0x514D0534,
    0x51560540, 0x515A054C, 0x51650558, 0x51680564, 0x516B0570, 0x516C057C, 0x516D0588, 0x51700594,
    0x517105A0, 0x517305AC, 0x517405B8, 0x517505C4, 0x517605D0, 0x517705DC, 0x517805E8, 0x517D05F4,
    0x51800600, 0x5185060C, 0x51880618, 0x51950624, 0x51990630, 0x519B063C, 0x519C0648, 0x51A00654,
    0x51AC0660, 0x51AF066C, 0x51B60678, 0x51B70684, 0x51C60690, 0x51C9069C, 0x51CC06A8, 0x51CF06B4,
    0x51E006C0, 0x51E406CC, 0x51EF06D8, 0x51F006E4, 0x51FA06F0, 0x520606FC, 0x52070708, 0x520A0714,
    0x52170720, 0x5218072C, 0x52200738, 0x52240744, 0x52290750, 0x5230075C, 0x52360768, 0x52370774,
    0x524D0780, 0x5251078C, 0x526F0798, 0x529B07A4, 0x529F07B0, 0x52A007BC, 0x52A107C8, 0x52A807D4,
    0x52B207E0, 0x52B307EC, 0x52C707F8, 0x52D20804, 0x53000810, 0x5305081C, 0x53160828, 0x53170834,
    0x533A0840, 0x533B084C, 0x53410858, 0x53430864, 0x53470870, 0x534A087C, 0x534E0888, 0x534F0894,
    0x535308A0, 0x535508AC, 0x535608B8, 0x535708C4, 0x535A08D0, 0x536008DC, 0x536108E8, 0x536208F4,
    0x53670900, 0x536B090C, 0x53710918, 0x53730924, 0x53820930, 0x5385093C, 0x538B0948, 0x539A0954,
    0x539F0960, 0x53A6096C, 0x53BF0978, 0x53C10984, 0x53C80990, 0x53CA099C, 0x53CB09A8, 0x53CC09B4,
    0x53CD09C0, 0x53D109CC, 0x53D609D8, 0x53E309E4, 0x53E409F0, 0x53E509FC, 0x53EB0A08, 0x53EE0A14,
    0x53EF0A20, 0x53F00A2C, 0x53F30A38, 0x53F60A44, 0x53F70A50, 0x53F80A5C, 0x54040A68, 0x54080A74,
    0x54090A80, 0x540A0A8C, 0x540C0A98, 0x540D0AA4, 0x540E0AB0, 0x54110ABC, 0x54150AC8, 0x541B0AD4,
    0x54270AE0, 0x54280AEC, 0x542C0AF8, 0x542F0B04, 0x54340B10, 0x543E0B1C, 0x54620B28, 0x54680B34,
    0x547C0B40, 0x547D0B4C, 0x548C0B58, 0x549A0B64, 0x54B80B70, 0x54C80B7C, 0x54CD0B88, 0x54E50B94,
    0x55100BA0, 0x55460BAC, 0x554A0BB8, 0x55800BC4, 0x55840BD0, 0x55E80BDC, 0x56090BE8, 0x56340BF4,
    0x56680C00, 0x566A0C0C, 0x56DB0C18, 0x56DE0C24, 0x56E20C30, 0x56ED0C3C, 0x56F40C48, 0x56FA0C54,
    0x56FD0C60, 0x57060C6C, 0x57080C78, 0x571F0C84, 0x57230C90, 0x57280C9C, 0x57300CA8, 0x57330CB4,
    0x573A0CC0, 0x57400CCC, 0x574A0CD8, 0x574F0CE4, 0x57500CF0, 0x575B0CFC, 0x575D0D08, 0x57610D14,
    0x57660D20, 0x576A0D2C, 0x577B0D38, 0x578B0D44, 0x57A30D50, 0x57A60D5C, 0x57AB0D68, 0x57AD0D74,
    0x57CE0D80, 0x57D70D8C, 0x57E00D98, 0x57FA0DA4, 0x58020DB0, 0x58210DBC, 0x58300DC8, 0x58540DD4,
    0x58580DE0, 0x585E0DEC, 0x58990DF8, 0x589E0E04, 0x58A80E10, 0x58A90E1C, 0x58C10E28, 0x58EB0E34,
    0x58F00E40, 0x58F60E4C, 0x59070E58, 0x590D0E64, 0x590F0E70, 0x59150E7C, 0x59160E88, 0x591A0E94,
    0x591C0EA0, 0x59270EAC, 0x59290EB8, 0x592A0EC4, 0x592B0ED0, 0x59340EDC, 0x59370EE8, 0x59470EF4,
    0x59490F00, 0x594E0F0C, 0x59570F18, 0x597D0F24, 0x59820F30, 0x59CB0F3C, 0x59D10F48, 0x59DA0F54,
    0x59DC0F60, 0x5A010F6C, 0x5A040F78, 0x5A310F84, 0x5AC20F90, 0x5B500F9C, 0x5B540FA8, 0x5B570FB4,
    0x5B580FC0, 0x5B590FCC, 0x5B5D0FD8, 0x5B5F0FE4, 0x5B660FF0, 0x5B810FFC, 0x5B831008, 0x5B881014,
    0x5B891020, 0x5B8B102C, 0x5B8C1038, 0x5B8F1044, 0x5B981050, 0x5B9A105C, 0x5B9C1068, 0x5B9D1074,
    0x5B9E1080, 0x5BA1108C, 0x5BA21098, 0x5BA310A4, 0x5BA410B0, 0x5BAB10BC, 0x5BB610C8, 0x5BB910D4,
    0x5BBD10E0, 0x5BBE10EC, 0x5BBF10F8, 0x5BC61104, 0x5BCC1110, 0x5BD2111C, 0x5BE81128, 0x5BEE1134,
    0x5BF91140, 0x5BFA114C, 0x5BFC1158, 0x5BFF1164, 0x5C011170, 0x5C04117C, 0x5C091188, 0x5C0F1194,
    0x5C1111A0, 0x5C1411AC, 0x5C1611B8, 0x5C1A11C4, 0x5C2411D0, 0x5C2711DC, 0x5C3111E8, 0x5C3E11F4,
    0x5C401200, 0x5C42120C, 0x5C451218, 0x5C4B1224, 0x5C4F1230, 0x5C55123C, 0x5C6F1248, 0x5C711254,
    0x5C7F1260, 0x5C91126C, 0x5C971278, 0x5C9B1284, 0x5CA91290, 0x5CAD129C, 0x5CB312A8, 0x5CB812B4,
    0x5CD912C0, 0x5CE112CC, 0x5CE812D8, 0x5CEA12E4, 0x5CF012F0, 0x5D0212FC, 0x5D071308, 0x5D0E1314,
    0x5D161320, 0x5D4A132C, 0x5D691338, 0x5DC51344, 0x5DDD1350, 0x5DDE135C, 0x5DE21368, 0x5DE51374,
    0x5DE61380, 0x5DE8138C, 0x5DE91398, 0x5DEE13A4, 0x5DF413B0, 0x5DF713BC, 0x5E0213C8, 0x5E0313D4,
    0x5E0813E0, 0x5E1513EC, 0x5E2613F8, 0x5E2E1404, 0x5E381410, 0x5E3D141C, 0x5E721428, 0x5E731434,
    0x5E741440, 0x5E78144C, 0x5E7F1458, 0x5E841464, 0x5E861470, 0x5E90147C, 0x5E931488, 0x5E941494,
    0x5E9514A0, 0x5E9714AC, 0x5E9914B8, 0x5E9C14C4, 0x5EA614D0, 0x5EA714DC, 0x5EAD14E8, 0x5EB714F4,
    0x5ECA1500, 0x5EF6150C, 0x5EFA1518, 0x5F001524, 0x5F021530, 0x5F0F153C, 0x5F131548, 0x5F151554,
    0x5F1F1560, 0x5F20156C, 0x5F311578, 0x5F391584, 0x5F3A1590, 0x5F53159C, 0x5F6215A8, 0x5F6915B4,
    0x5F6D15C0, 0x5F8115CC, 0x5F8515D8, 0x5F9015E4, 0x5F9215F0, 0x5FAE15FC, 0x5FB71608, 0x5FBD1614,
    0x5FC31620, 0x5FC5162C, 0x5FD71638, 0x5FD91644, 0x5FE01650, 0x5FEB165C, 0x5FF51668, 0x5FFB1674,
    0x60001680, 0x601D168C, 0x60251698, 0x606216A4, 0x606916B0, 0x606F16BC, 0x609F16C8, 0x60A616D4,
    0x60C516E0, 0x60E016EC, 0x60F316F8, 0x610F1704, 0x611F1710, 0x613F171C, 0x61481728, 0x61621734,
    0x62101740, 0x6211174C, 0x62181758, 0x62371764, 0x623F1770, 0x6240177C, 0x624B1788, 0x624D1794,
    0x624E17A0, 0x625317AC, 0x625817B8, 0x626717C4, 0x626917D0, 0x626B17DC, 0x626C17E8, 0x627617F4,
    0x627F1800, 0x6280180C, 0x628A1818, 0x629A1824, 0x62A21830, 0x62A4183C, 0x62A51848, 0x62C91854,
    0x62CD1860, 0x62D4186C, 0x62DB1878, 0x62DF1884, 0x62E91890, 0x62EC189C, 0x62FF18A8, 0x630118B4,
    0x630918C0, 0x631118CC, 0x632F18D8, 0x636218E4, 0x638818F0, 0x639218FC, 0x63961908, 0x63A51914,
    0x63A71920, 0x63CF192C, 0x63D01938, 0x63F41944, 0x641C1950, 0x6469195C, 0x64AD1968, 0x65001974,
    0x652F1980, 0x6536198C, 0x653E1998, 0x654519A4, 0x654819B0, 0x655119BC, 0x656619C8, 0x657019D4,
    0x657419E0, 0x658719EC, 0x659719F8, 0x65AD1A04, 0x65AF1A10, 0x65B01A1C, 0x65B91A28, 0x65BD1A34,
    0x65C51A40, 0x65CF1A4C, 0x65D71A58, 0x65E01A64, 0x65E51A70, 0x65E71A7C, 0x65E91A88, 0x65F61A94,
    0x65FA1AA0, 0x66061AAC, 0x660C1AB8, 0x660E1AC4, 0x660F1AD0, 0x66131ADC, 0x66141AE8, 0x661D1AF4,
    0x661F1B00, 0x66251B0C, 0x662D1B18, 0x662F1B24, 0x663E1B30, 0x664B1B3C, 0x665A1B48, 0x66681B54,
    0x666E1B60, 0x666F1B6C, 0x66741B78, 0x66821B84, 0x66971B90, 0x66A81B9C, 0x66D91BA8, 0x66F21BB4,
    0x66F41BC0, 0x66F91BCC, 0x66FE1BD8, 0x67001BE4, 0x67081BF0, 0x67091BFC, 0x670B1C08, 0x670D1C14,
    0x67101C20, 0x67141C2C, 0x67171C38, 0x671B1C44, 0x671D1C50, 0x67281C5C, 0x672A1C68, 0x672C1C74,
    0x672F1C80, 0x67311C8C, 0x67351C98, 0x673A1CA4, 0x67431CB0, 0x67491CBC, 0x674E1CC8, 0x67511CD4,
    0x675C1CE0, 0x675E1CEC, 0x67611CF8, 0x67651D04, 0x67681D10, 0x676D1D1C, 0x67701D28, 0x677E1D34,
    0x677F1D40, 0x67811D4C, 0x67971D58, 0x679C1D64, 0x679D1D70, 0x67A31D7C, 0x67B61D88, 0x67CF1D94,
    0x67E51DA0, 0x67F11DAC, 0x67F31DB8, 0x67F41DC4, 0x68071DD0, 0x680B1DDC, 0x680E1DE8, 0x680F1DF4,
    0x68111E00, 0x68211E0C, 0x682A1E18, 0x68371E24, 0x683C1E30, 0x683E1E3C, 0x68421E48, 0x68431E54,
    0x68501E60, 0x68511E6C, 0x68531E78, 0x68541E84, 0x68651E90, 0x68661E9C, 0x68811EA8, 0x68851EB4,
    0x68931EC0, 0x68A71ECC, 0x68A81ED8, 0x68AF1EE4, 0x68C01EF0, 0x68C91EFC, 0x68F11F08, 0x69121F14,
    0x695A1F20, 0x697C1F2C, 0x69841F38, 0x69861F44, 0x69951F50, 0x699C1F5C, 0x6A1F1F68, 0x6A211F74,
    0x6A2A1F80, 0x6A351F8C, 0x6A581F98, 0x6A591FA4, 0x6B321FB0, 0x6B4C1FBC, 0x6B621FC8, 0x6B631FD4,
    0x6B651FE0, 0x6B661FEC, 0x6BB51FF8, 0x6BCF2004, 0x6BD42010, 0x6BD5201C, 0x6BDB2028, 0x6C0F2034,
    0x6C112040, 0x6C34204C, 0x6C382058, 0x6C472064, 0x6C492070, 0x6C55207C, 0x6C5D2088, 0x6C5F2094,
    0x6C6020A0, 0x6C6420AC, 0x6C6820B8, 0x6C7D20C4, 0x6C7E20D0, 0x6C8120DC, 0x6C8220E8, 0x6C8520F4,
    0x6C882100, 0x6C99210C, 0x6C9B2118, 0x6C9F2124, 0x6CA12130, 0x6CA7213C, 0x6CAA2148, 0x6CAD2154,
    0x6CB32160, 0x6CB9216C, 0x6CBB2178, 0x6CBD2184, 0x6CBE2190, 0x6CC9219C, 0x6CCA21A8, 0x6CD521B4,
    0x6CD721C0, 0x6CE221CC, 0x6CEE21D8, 0x6CF021E4, 0x6CF821F0, 0x6CFD21FC, 0x6CFE2208, 0x6D012214,
    0x6D082220, 0x6D0B222C, 0x6D1B2238, 0x6D1E2244, 0x6D252250, 0x6D2A225C, 0x6D312268, 0x6D322274,
    0x6D412280, 0x6D45228C, 0x6D4B2298, 0x6D4E22A4, 0x6D4F22B0, 0x6D5322BC, 0x6D5922C8, 0x6D6622D4,
    0x6D6922E0, 0x6D6A22EC, 0x6D6E22F8, 0x6D742304, 0x6D772310, 0x6D88231C, 0x6D892328, 0x6D9E2334,
    0x6D9F2340, 0x6DA1234C, 0x6DA62358, 0x6DBF2364, 0x6DC42370, 0x6DE1237C, 0x6DEE2388, 0x6DF12394,
    0x6DFB23A0, 0x6DFC23AC, 0x6E0523B8, 0x6E1123C4, 0x6E1423D0, 0x6E1D23DC, 0x6E2023E8, 0x6E2923F4,
    0x6E2D2400, 0x6E2F240C, 0x6E442418, 0x6E562424, 0x6E582430, 0x6E5B243C, 0x6E7E2448, 0x6E7F2454,
    0x6E862460, 0x6E90246C, 0x6EA72478, 0x6EAA2484, 0x6EC12490, 0x6EC7249C, 0x6ECB24A8, 0x6ED124B4,
    0x6ED424C0, 0x6ED524CC, 0x6EE124D8, 0x6EE424E4, 0x6EE624F0, 0x6EE824FC, 0x6EE92508, 0x6F062514,
    0x6F142520, 0x6F20252C, 0x6F2F2538, 0x6F332544, 0x6F4D2550, 0x6F58255C, 0x6F5C2568, 0x6F622574,
    0x6F6D2580, 0x6F6E258C, 0x6F7C2598, 0x6F9C25A4, 0x6FA725B0, 0x6FB325BC, 0x6FEE25C8, 0x702325D4,
    0x704C25E0, 0x706B25EC, 0x706F25F8, 0x70702604, 0x70752610, 0x7089261C, 0x709C2628, 0x70AC2634,
    0x70B92640, 0x70DF264C, 0x70E42658, 0x70E72664, 0x70ED2670, 0x70FD267C, 0x71152688, 0x71262694,
    0x714C26A0, 0x716426AC, 0x716726B8, 0x718A26C4, 0x719926D0, 0x719F26DC, 0x71C326E8, 0x71D526F4,
    0x722C2700, 0x7231270C, 0x72482718, 0x725B2724, 0x725F2730, 0x7261273C, 0x72692748, 0x72792754,
    0x72D02760, 0x72D7276C, 0x72EC2778, 0x72EE2784, 0x72FC2790, 0x731B279C, 0x732A27A8, 0x732B27B4,
    0x732E27C0, 0x738727CC, 0x738927D8, 0x738B27E4, 0x739B27F0, 0x73A927FC, 0x73AF2808, 0x73B02814,
    0x73B22820, 0x73BB282C, 0x73E02838, 0x73ED2844, 0x74032850, 0x7406285C, 0x743C2868, 0x745E2874,
    0x74832880, 0x74DC288C, 0x74F62898, 0x74F728A4, 0x751828B0, 0x751F28BC, 0x752828C8, 0x752A28D4,
    0x753028E0, 0x753128EC, 0x753528F8, 0x75372904, 0x75382910, 0x753B291C, 0x754C2928, 0x75592934,
    0x756A2940, 0x7586294C, 0x758F2958, 0x75972964, 0x767B2970, 0x767D297C, 0x767E2988, 0x76842994,
    0x768729A0, 0x768B29AC, 0x769629B8, 0x76AE29C4, 0x76CA29D0, 0x76D029DC, 0x76D129E8, 0x76D229F4,
    0x76D62A00, 0x76D82A0C, 0x76DB2A18, 0x76DF2A24, 0x76F12A30, 0x76F42A3C, 0x76F82A48, 0x77012A54,
    0x77092A60, 0x770B2A6C, 0x77192A78, 0x771F2A84, 0x77202A90, 0x773C2A9C, 0x77402AA8, 0x77622AB4,
    0x77E92AC0, 0x77ED2ACC, 0x77F32AD8, 0x77FF2AE4, 0x78002AF0, 0x78012AFC, 0x78022B08, 0x786E2B14,
    0x78912B20, 0x78A72B2C, 0x78D02B38, 0x793A2B44, 0x793E2B50, 0x79412B5C, 0x79482B68, 0x795E2B74,
    0x79652B80, 0x79812B8C, 0x79842B98, 0x79852BA4, 0x798F2BB0, 0x79B92BBC, 0x79BA2BC8, 0x79BE2BD4,
    0x79C02BE0, 0x79C12BEC, 0x79CB2BF8, 0x79CD2C04, 0x79D12C10, 0x79DF2C1C, 0x79E62C28, 0x79F02C34,
    0x79FB2C40, 0x7A0B2C4C, 0x7A332C58, 0x7A372C64, 0x7A7A2C70, 0x7A842C7C, 0x7A912C88, 0x7A972C94,
    0x7AA62CA0, 0x7ACB2CAC, 0x7AD92CB8, 0x7AE02CC4, 0x7AEF2CD0, 0x7AF92CDC, 0x7B262CE8, 0x7B2C2CF4,
    0x7B3C2D00, 0x7B492D0C, 0x7B802D18, 0x7C732D24, 0x7C7B2D30, 0x7C892D3C, 0x7C972D48, 0x7CA42D54,
    0x7CBE2D60, 0x7CFB2D6C, 0x7D222D78, 0x7D272D84, 0x7D2B2D90, 0x7DA62D9C, 0x7E412DA8, 0x7EA22DB4,
    0x7EA72DC0, 0x7EAA2DCC, 0x7EB52DD8, 0x7EB82DE4, 0x7EBF2DF0, 0x7EC42DFC, 0x7EC62E08, 0x7ECD2E14,
    0x7ECF2E20, 0x7ED22E2C, 0x7ED92E38, 0x7EDB2E44, 0x7EDF2E50, 0x7EE52E5C, 0x7EE72E68, 0x7EF42E74,
    0x7EF52E80, 0x7EF82E8C, 0x7EFF2E98, 0x7F0E2EA4, 0x7F192EB0, 0x7F292EBC, 0x7F3A2EC8, 0x7F512ED4,
    0x7F572EE0, 0x7F6E2EEC, 0x7F8E2EF8, 0x7FA42F04, 0x7FBD2F10, 0x80012F1C, 0x80032F28, 0x80052F34,
    0x80332F40, 0x804A2F4C, 0x80542F58, 0x805A2F64, 0x80832F70, 0x80872F7C, 0x80A52F88, 0x80CC2F94,
    0x80DC2FA0, 0x80E12FAC, 0x80F62FB8, 0x80FD2FC4, 0x81112FD0, 0x811A2FDC, 0x814A2FE8, 0x817F2FF4,
    0x81EA3000, 0x81F3300C, 0x81F43018, 0x820D3024, 0x82123030, 0x821E303C, 0x821F3048, 0x822A3054,
    0x82393060, 0x8247306C, 0x826F3078, 0x82723084, 0x827A3090, 0x8282309C, 0x829230A8, 0x829930B4,
    0x829C30C0, 0x82A630CC, 0x82AC30D8, 0x82B130E4, 0x82B330F0, 0x82B730FC, 0x82CD3108, 0x82CF3114,
    0x82D13120, 0x82F1312C, 0x82F93138, 0x83023144, 0x83033150, 0x8336315C, 0x83463168, 0x83493174,
    0x83523180, 0x8354318C, 0x83633198, 0x836F31A4, 0x837731B0, 0x838631BC, 0x838E31C8, 0x839231D4,
    0x839831E0, 0x839E31EC, 0x83B131F8, 0x83B23204, 0x83B73210, 0x83C1321C, 0x83CF3228, 0x83DC3234,
    0x841D3240, 0x8425324C, 0x84273258, 0x843D3264, 0x845B3270, 0x8463327C, 0x846B3288, 0x848B3294,
    0x849932A0, 0x84B232AC, 0x84C932B8, 0x84DD32C4, 0x84DF32D0, 0x84E532DC, 0x84EC32E8, 0x851A32F4,
    0x85213300, 0x8584330C, 0x859B3318, 0x85CF3324, 0x864E3330, 0x865E333C, 0x866B3348, 0x86793354,
    0x868C3360, 0x86DF336C, 0x87003378, 0x87023384, 0x87E03390, 0x884C339C, 0x885733A8, 0x886133B4,
    0x886233C0, 0x886833CC, 0x888133D8, 0x88AB33E4, 0x88C133F0, 0x88C533FC, 0x89103408, 0x89123414,
    0x89443420, 0x897F342C, 0x89813438, 0x89863444, 0x89C13450, 0x89C2345C, 0x89C43468, 0x89C63474,
    0x89C83480, 0x89C9348C, 0x89D23498, 0x89E334A4, 0x8A0034B0, 0x8A8934BC, 0x8B6634C8, 0x8BA434D4,
    0x8BA934E0, 0x8BAF34EC, 0x8BB234F8, 0x8BB83504, 0x8BBE3510, 0x8BD5351C, 0x8BDA3528, 0x8BE53534,
    0x8BED3540, 0x8BF4354C, 0x8BF73558, 0x8BF83564, 0x8BFB3570, 0x8C03357C, 0x8C223588, 0x8C313594,
    0x8C3735A0, 0x8C4635AC, 0x8C6135B8, 0x8C6B35C4, 0x8D1D35D0, 0x8D2135DC, 0x8D2435E8, 0x8D3535F4,
    0x8D3A3600, 0x8D3E360C, 0x8D443618, 0x8D5B3624, 0x8D633630, 0x8D64363C, 0x8D6B3648, 0x8D703654,
    0x8D753660, 0x8D85366C, 0x8D8A3678, 0x8DB33684, 0x8DD13690, 0x8DE8369C, 0x8DEF36A8, 0x8DF336B4,
    0x8E2236C0, 0x8F6636CC, 0x8F6836D8, 0x8F6C36E4, 0x8F6F36F0, 0x8F7B36FC, 0x8F7D3708, 0x8F7F3714,
    0x8F893720, 0x8F93372C, 0x8F9B3738, 0x8FB03744, 0x8FB93750, 0x8FBD375C, 0x8FBE3768, 0x8FC13774,
    0x8FC73780, 0x8FCE378C, 0x8FD03798, 0x8FD137A4, 0x8FD437B0, 0x8FD837BC, 0x8FD937C8, 0x8FDB37D4,
    0x8FDC37E0, 0x8FDE37EC, 0x8FEA37F8, 0x90003804, 0x90013810, 0x9006381C, 0x90093828, 0x900A3834,
    0x901A3840, 0x901F384C, 0x90423858, 0x90533864, 0x90753870, 0x9091387C, 0x90933888, 0x90A13894,
    0x90A238A0, 0x90A338AC, 0x90AF38B8, 0x90B138C4, 0x90B338D0, 0x90B538DC, 0x90B938E8, 0x90C138F4,
    0x90CA3900, 0x90CE390C, 0x90CF3918, 0x90D13924, 0x90D33930, 0x90E1393C, 0x90E83948, 0x90EB3954,
    0x90ED3960, 0x90EF396C, 0x90F43978, 0x90F83984, 0x90FD3990, 0x9102399C, 0x910439A8, 0x913139B4,
    0x915239C0, 0x91B439CC, 0x91CC39D8, 0x91CD39E4, 0x91CE39F0, 0x91CF39FC, 0x91D13A08, 0x949F3A14,
    0x94A23A20, 0x94A63A2C, 0x94C13A38, 0x94C33A44, 0x94DC3A50, 0x94DD3A5C, 0x94ED3A68, 0x94F63A74,
    0x94FE3A80, 0x95013A8C, 0x950B3A98, 0x95193AA4, 0x95213AB0, 0x95263ABC, 0x952E3AC8, 0x95473AD4,
    0x957F3AE0, 0x95E83AEC, 0x95EB3AF8, 0x95ED3B04, 0x95F43B10, 0x95F53B1C, 0x95FD3B28, 0x95FE3B34,
    0x96013B40, 0x96063B4C, 0x960E3B58, 0x961C3B64, 0x961F3B70, 0x96213B7C, 0x96323B88, 0x96333B94,
    0x96343BA0, 0x963B3BAC, 0x963F3BB8, 0x96403BC4, 0x96423BD0, 0x96453BDC, 0x96463BE8, 0x96483BF4,
    0x96493C00, 0x964D3C0C, 0x96503C18, 0x96553C24, 0x96623C30, 0x96643C3C, 0x96753C48, 0x96763C54,
    0x96863C60, 0x968F3C6C, 0x96983C78, 0x969C3C84, 0x96C13C90, 0x96C43C9C, 0x96C53CA8, 0x96C63CB4,
    0x96E83CC0, 0x96EA3CCC, 0x96F63CD8, 0x96F73CE4, 0x96FE3CF0, 0x97003CFC, 0x97063D08, 0x970D3D14,
    0x971C3D20, 0x971E3D2C, 0x97323D38, 0x97383D44, 0x97523D50, 0x97563D5C, 0x97593D68, 0x975E3D74,
    0x97623D80, 0x978D3D8C, 0x97E93D98, 0x97F33DA4, 0x97F53DB0, 0x97F63DBC, 0x98753DC8, 0x98763DD4,
    0x98793DE0, 0x987A3DEC, 0x987B3DF8, 0x98843E04, 0x988D3E10, 0x98913E1C, 0x98CE3E28, 0x98DE3E34,
    0x99103E40, 0x99763E4C, 0x99863E58, 0x99963E64, 0x99993E70, 0x9A6C3E7C, 0x9A703E88, 0x9A733E94,
    0x9A7B3EA0, 0x9A7E3EAC, 0x9A853EB8, 0x9A8C3EC4, 0x9A913ED0, 0x9AD83EDC, 0x9B3C3EE8, 0x9B453EF4,
    0x9B4F3F00, 0x9C7C3F0C, 0x9C813F18, 0x9C853F24, 0x9C8D3F30, 0x9E1F3F3C, 0x9E213F48, 0x9E2D3F54,
    0x9E3F3F60, 0x9E453F6C, 0x9E493F78, 0x9E4F3F84, 0x9E643F90, 0x9E663F9C, 0x9E703FA8, 0x9E7F3FB4,
    0x9E933FC0, 0x9EA63FCC, 0x9EBB3FD8, 0x9EC43FE4, 0x9ECE3FF0, 0x9ED13FFC, 0x9ED44008, 0x9ED84014,
    0x9F0E4020, 0x9F13402C, 0x9F504038, 0x9F994044
};

/* Pinyin lookup table */
/* Write to SPI Flash at CN_FONT_FLASH_BASE + CN_FONT_PY_OFFSET */
/* Format per entry: [str_len:1][ascii:str_len][char_count:1][indices:char_count*2] */
#define CN_FONT_PY_TOTAL_SIZE  4500u

static const uint8_t cn_pinyin_data[4500] = {
    /* a      */ 0x01, 0x61, 0x02, 0x00, 0xFA, 0x04, 0xFA,  /* a → 2 chars */
    /* ai     */ 0x02, 0x61, 0x69, 0x02, 0x03, 0x41, 0x05, 0x0A,  /* ai → 2 chars */
    /* an     */ 0x02, 0x61, 0x6E, 0x05, 0x01, 0x58, 0x01, 0x8F, 0x02, 0x10, 0x02, 0x4C, 0x05, 0x21,  /* an → 5 chars */
    /* ao     */ 0x02, 0x61, 0x6F, 0x02, 0x00, 0x65, 0x03, 0x25,  /* ao → 2 chars */
    /* ba     */ 0x02, 0x62, 0x61, 0x08, 0x00, 0x74, 0x00, 0xE8, 0x01, 0x16, 0x01, 0xA4, 0x02, 0x02, 0x02, 0x09, 0x05, 0x1B, 0x05, 0x43,  /* ba → 8 chars */
    /* bai    */ 0x03, 0x62, 0x61, 0x69, 0x04, 0x00, 0x51, 0x02, 0x77, 0x03, 0x75, 0x03, 0x76,  /* bai → 4 chars */
    /* ban    */ 0x03, 0x62, 0x61, 0x6E, 0x04, 0x00, 0xB5, 0x02, 0x70, 0x03, 0x42, 0x03, 0x5B,  /* ban → 4 chars */
    /* bang   */ 0x04, 0x62, 0x61, 0x6E, 0x67, 0x03, 0x01, 0xAB, 0x02, 0x9D, 0x04, 0x48,  /* bang → 3 chars */
    /* bao    */ 0x03, 0x62, 0x61, 0x6F, 0x07, 0x00, 0x56, 0x00, 0xAD, 0x01, 0x25, 0x01, 0x5F, 0x02, 0x06, 0x04, 0x57, 0x05, 0x44,  /* bao → 7 chars */
    /* bei    */ 0x03, 0x62, 0x65, 0x69, 0x07, 0x00, 0xAF, 0x01, 0x32, 0x03, 0x98, 0x03, 0xF7, 0x04, 0x53, 0x04, 0x7C, 0x04, 0xFC,  /* bei → 7 chars */
    /* ben    */ 0x03, 0x62, 0x65, 0x6E, 0x01, 0x02, 0x5F,  /* ben → 1 chars */
    /* bi     */ 0x02, 0x62, 0x69, 0x06, 0x01, 0x2E, 0x01, 0xD9, 0x02, 0xAC, 0x02, 0xAD, 0x03, 0x99, 0x04, 0xEB,  /* bi → 6 chars */
    /* bian   */ 0x04, 0x62, 0x69, 0x61, 0x6E, 0x01, 0x04, 0x9C,  /* bian → 1 chars */
    /* biao   */ 0x04, 0x62, 0x69, 0x61, 0x6F, 0x02, 0x02, 0x7C, 0x04, 0x51,  /* biao → 2 chars */
    /* bin    */ 0x03, 0x62, 0x69, 0x6E, 0x02, 0x01, 0x69, 0x03, 0x15,  /* bin → 2 chars */
    /* bing   */ 0x04, 0x62, 0x69, 0x6E, 0x67, 0x01, 0x00, 0x7B,  /* bing → 1 chars */
    /* bo     */ 0x02, 0x62, 0x6F, 0x07, 0x00, 0x30, 0x00, 0xBC, 0x02, 0x1E, 0x02, 0xD1, 0x03, 0x59, 0x04, 0x41, 0x05, 0x37,  /* bo → 7 chars */
    /* bu     */ 0x02, 0x62, 0x75, 0x06, 0x00, 0x07, 0x01, 0x21, 0x01, 0x22, 0x01, 0xA7, 0x02, 0xA8, 0x04, 0xC6,  /* bu → 6 chars */
    /* cai    */ 0x03, 0x63, 0x61, 0x69, 0x05, 0x01, 0xCF, 0x01, 0xF7, 0x04, 0x2F, 0x04, 0x40, 0x04, 0x54,  /* cai → 5 chars */
    /* can    */ 0x03, 0x63, 0x61, 0x6E, 0x01, 0x05, 0x30,  /* can → 1 chars */
    /* cang   */ 0x04, 0x63, 0x61, 0x6E, 0x67, 0x03, 0x00, 0x38, 0x02, 0xC5, 0x04, 0x16,  /* cang → 3 chars */
    /* cao    */ 0x03, 0x63, 0x61, 0x6F, 0x02, 0x02, 0x51, 0x04, 0x1F,  /* cao → 2 chars */
    /* ce     */ 0x02, 0x63, 0x65, 0x02, 0x00, 0x54, 0x02, 0xE2,  /* ce → 2 chars */
    /* cen    */ 0x03, 0x63, 0x65, 0x6E, 0x01, 0x01, 0x89,  /* cen → 1 chars */
    /* ceng   */ 0x04, 0x63, 0x65, 0x6E, 0x67, 0x01, 0x01, 0x81,  /* ceng → 1 chars */
    /* cha    */ 0x03, 0x63, 0x68, 0x61, 0x03, 0x01, 0xA3, 0x02, 0x78, 0x04, 0x1D,  /* cha → 3 chars */
    /* chai   */ 0x04, 0x63, 0x68, 0x61, 0x69, 0x01, 0x02, 0x7B,  /* chai → 1 chars */
    /* chan   */ 0x04, 0x63, 0x68, 0x61, 0x6E, 0x01, 0x03, 0xA3,  /* chan → 1 chars */
    /* chang  */ 0x05, 0x63, 0x68, 0x61, 0x6E, 0x67, 0x05, 0x00, 0xC4, 0x01, 0x10, 0x01, 0xAC, 0x02, 0x3A, 0x04, 0xE8,  /* chang → 5 chars */
    /* chao   */ 0x04, 0x63, 0x68, 0x61, 0x6F, 0x03, 0x01, 0x9E, 0x03, 0x21, 0x04, 0x89,  /* chao → 3 chars */
    /* che    */ 0x03, 0x63, 0x68, 0x65, 0x01, 0x04, 0x91,  /* che → 1 chars */
    /* chen   */ 0x04, 0x63, 0x68, 0x65, 0x6E, 0x04, 0x02, 0x47, 0x04, 0x9B, 0x04, 0xCA, 0x04, 0xFF,  /* chen → 4 chars */
    /* cheng  */ 0x05, 0x63, 0x68, 0x65, 0x6E, 0x67, 0x08, 0x00, 0x1C, 0x01, 0x20, 0x01, 0xF0, 0x02, 0x00, 0x02, 0xA3, 0x03, 0xAF, 0x03, 0xB1, 0x04, 0x6E,  /* cheng → 8 chars */
    /* chi    */ 0x03, 0x63, 0x68, 0x69, 0x05, 0x01, 0x1A, 0x02, 0x0F, 0x02, 0xB8, 0x04, 0x85, 0x05, 0x36,  /* chi → 5 chars */
    /* chong  */ 0x05, 0x63, 0x68, 0x6F, 0x6E, 0x67, 0x03, 0x00, 0x6A, 0x01, 0x96, 0x04, 0x46,  /* chong → 3 chars */
    /* chou   */ 0x04, 0x63, 0x68, 0x6F, 0x75, 0x01, 0x03, 0xE1,  /* chou → 1 chars */
    /* chu    */ 0x03, 0x63, 0x68, 0x75, 0x05, 0x00, 0x64, 0x00, 0x94, 0x02, 0x98, 0x03, 0x0C, 0x05, 0x05,  /* chu → 5 chars */
    /* chuan  */ 0x05, 0x63, 0x68, 0x75, 0x61, 0x6E, 0x02, 0x01, 0x9C, 0x04, 0x08,  /* chuan → 2 chars */
    /* chuang */ 0x06, 0x63, 0x68, 0x75, 0x61, 0x6E, 0x67, 0x01, 0x03, 0xB7,  /* chuang → 1 chars */
    /* chun   */ 0x04, 0x63, 0x68, 0x75, 0x6E, 0x01, 0x02, 0x41,  /* chun → 1 chars */
    /* ci     */ 0x02, 0x63, 0x69, 0x02, 0x01, 0xEE, 0x03, 0x63,  /* ci → 2 chars */
    /* cong   */ 0x04, 0x63, 0x6F, 0x6E, 0x67, 0x01, 0x00, 0x36,  /* cong → 1 chars */
    /* cu     */ 0x02, 0x63, 0x75, 0x01, 0x03, 0xC6,  /* cu → 1 chars */
    /* cun    */ 0x03, 0x63, 0x75, 0x6E, 0x02, 0x01, 0x50, 0x02, 0x67,  /* cun → 2 chars */
    /* cuo    */ 0x03, 0x63, 0x75, 0x6F, 0x01, 0x04, 0xE3,  /* cuo → 1 chars */
    /* da     */ 0x02, 0x64, 0x61, 0x03, 0x01, 0x39, 0x01, 0xF9, 0x04, 0x9E,  /* da → 3 chars */
    /* dai    */ 0x03, 0x64, 0x61, 0x69, 0x02, 0x01, 0xAA, 0x01, 0xD2,  /* dai → 2 chars */
    /* dan    */ 0x03, 0x64, 0x61, 0x6E, 0x05, 0x00, 0x13, 0x00, 0x66, 0x00, 0xB9, 0x02, 0xF5, 0x04, 0xCB,  /* dan → 5 chars */
    /* dang   */ 0x04, 0x64, 0x61, 0x6E, 0x67, 0x03, 0x00, 0x71, 0x01, 0xCD, 0x03, 0x94,  /* dang → 3 chars */
    /* dao    */ 0x03, 0x64, 0x61, 0x6F, 0x05, 0x00, 0x5B, 0x00, 0x9D, 0x01, 0x72, 0x01, 0x8B, 0x04, 0xB3,  /* dao → 5 chars */
    /* de     */ 0x02, 0x64, 0x65, 0x02, 0x01, 0xD6, 0x03, 0x77,  /* de → 2 chars */
    /* deng   */ 0x04, 0x64, 0x65, 0x6E, 0x67, 0x04, 0x03, 0x2A, 0x03, 0x74, 0x03, 0xC1, 0x04, 0xB6,  /* deng → 4 chars */
    /* di     */ 0x02, 0x64, 0x69, 0x06, 0x00, 0x48, 0x01, 0x0E, 0x01, 0xB8, 0x01, 0xC8, 0x03, 0xBF, 0x04, 0xAA,  /* di → 6 chars */
    /* dian   */ 0x04, 0x64, 0x69, 0x61, 0x6E, 0x08, 0x00, 0x7E, 0x01, 0x1E, 0x01, 0x9B, 0x01, 0xB9, 0x03, 0x0D, 0x03, 0x30, 0x03, 0x6A, 0x03, 0x6C,  /* dian → 8 chars */
    /* diao   */ 0x04, 0x64, 0x69, 0x61, 0x6F, 0x01, 0x00, 0xE1,  /* diao → 1 chars */
    /* ding   */ 0x04, 0x64, 0x69, 0x6E, 0x67, 0x05, 0x00, 0x01, 0x00, 0xD7, 0x01, 0x5D, 0x05, 0x27, 0x05, 0x58,  /* ding → 5 chars */
    /* dong   */ 0x04, 0x64, 0x6F, 0x6E, 0x67, 0x07, 0x00, 0x0C, 0x00, 0x88, 0x00, 0xA7, 0x00, 0xF3, 0x02, 0x7D, 0x02, 0xDB, 0x04, 0x35,  /* dong → 7 chars */
    /* dou    */ 0x03, 0x64, 0x6F, 0x75, 0x03, 0x02, 0x2A, 0x03, 0xB8, 0x04, 0x79,  /* dou → 3 chars */
    /* du     */ 0x02, 0x64, 0x75, 0x05, 0x01, 0xBC, 0x02, 0x68, 0x03, 0x4A, 0x04, 0x74, 0x04, 0xCC,  /* du → 5 chars */
    /* duan   */ 0x04, 0x64, 0x75, 0x61, 0x6E, 0x05, 0x02, 0x2B, 0x02, 0xAA, 0x03, 0x91, 0x03, 0xBC, 0x03, 0xE3,  /* duan → 5 chars */
    /* dui    */ 0x03, 0x64, 0x75, 0x69, 0x02, 0x01, 0x70, 0x04, 0xF4,  /* dui → 2 chars */
    /* dun    */ 0x03, 0x64, 0x75, 0x6E, 0x03, 0x00, 0xE9, 0x01, 0x2D, 0x02, 0x26,  /* dun → 3 chars */
    /* duo    */ 0x03, 0x64, 0x75, 0x6F, 0x02, 0x01, 0x37, 0x02, 0x62,  /* duo → 2 chars */
    /* e      */ 0x01, 0x65, 0x03, 0x01, 0x92, 0x04, 0xCD, 0x05, 0x49,  /* e → 3 chars */
    /* en     */ 0x02, 0x65, 0x6E, 0x01, 0x01, 0xE4,  /* en → 1 chars */
    /* er     */ 0x02, 0x65, 0x72, 0x05, 0x00, 0x24, 0x00, 0x67, 0x01, 0x79, 0x02, 0xDE, 0x03, 0xF0,  /* er → 5 chars */
    /* fa     */ 0x02, 0x66, 0x61, 0x02, 0x00, 0xD1, 0x02, 0xCF,  /* fa → 2 chars */
    /* fan    */ 0x03, 0x66, 0x61, 0x6E, 0x05, 0x00, 0xD0, 0x03, 0x70, 0x03, 0xCE, 0x04, 0x1C, 0x04, 0xA4,  /* fan → 5 chars */
    /* fang   */ 0x04, 0x66, 0x61, 0x6E, 0x67, 0x07, 0x01, 0x12, 0x01, 0xF4, 0x02, 0x22, 0x02, 0x2E, 0x04, 0x14, 0x04, 0xB7, 0x04, 0xF6,  /* fang → 7 chars */
    /* fei    */ 0x03, 0x66, 0x65, 0x69, 0x03, 0x03, 0xF6, 0x05, 0x1F, 0x05, 0x2F,  /* fei → 3 chars */
    /* fen    */ 0x03, 0x66, 0x65, 0x6E, 0x04, 0x00, 0x95, 0x02, 0xBC, 0x03, 0xC5, 0x04, 0x12,  /* fen → 4 chars */
    /* feng   */ 0x04, 0x66, 0x65, 0x6E, 0x67, 0x0A, 0x00, 0x11, 0x00, 0x89, 0x00, 0x91, 0x01, 0x40, 0x01, 0x74, 0x01, 0x94, 0x03, 0x35, 0x04, 0x4B, 0x04, 0xE2, 0x05, 0x2E,  /* feng → 10 chars */
    /* fo     */ 0x02, 0x66, 0x6F, 0x01, 0x00, 0x4C,  /* fo → 1 chars */
    /* fu     */ 0x02, 0x66, 0x75, 0x0F, 0x00, 0x63, 0x00, 0xA2, 0x01, 0x33, 0x01, 0x3C, 0x01, 0x6C, 0x01, 0xBB, 0x01, 0xFF, 0x02, 0x03, 0x02, 0x57, 0x02, 0xEA, 0x03, 0xA4, 0x03, 0xBE, 0x04, 0x0F, 0x04, 0x5B, 0x04, 0xF3,  /* fu → 15 chars */
    /* gai    */ 0x03, 0x67, 0x61, 0x69, 0x02, 0x03, 0x80, 0x04, 0x6F,  /* gai → 2 chars */
    /* gan    */ 0x03, 0x67, 0x61, 0x6E, 0x04, 0x01, 0xAE, 0x01, 0xEC, 0x03, 0x64, 0x04, 0x84,  /* gan → 4 chars */
    /* gang   */ 0x04, 0x67, 0x61, 0x6E, 0x67, 0x04, 0x00, 0x82, 0x01, 0x8A, 0x03, 0x01, 0x04, 0xD8,  /* gang → 4 chars */
    /* gao    */ 0x03, 0x67, 0x61, 0x6F, 0x02, 0x03, 0x79, 0x05, 0x3D,  /* gao → 2 chars */
    /* ge     */ 0x02, 0x67, 0x65, 0x07, 0x00, 0x0F, 0x00, 0xDE, 0x00, 0xF7, 0x02, 0x84, 0x02, 0xA5, 0x04, 0x34, 0x04, 0xF0,  /* ge → 7 chars */
    /* gei    */ 0x03, 0x67, 0x65, 0x69, 0x01, 0x03, 0xDA,  /* gei → 1 chars */
    /* geng   */ 0x04, 0x67, 0x65, 0x6E, 0x67, 0x01, 0x02, 0x50,  /* geng → 1 chars */
    /* gong   */ 0x04, 0x67, 0x6F, 0x6E, 0x67, 0x08, 0x00, 0x75, 0x00, 0x78, 0x00, 0xA4, 0x01, 0x65, 0x01, 0x9F, 0x01, 0xA2, 0x01, 0xC6, 0x04, 0x7D,  /* gong → 8 chars */
    /* gou    */ 0x03, 0x67, 0x6F, 0x75, 0x02, 0x02, 0xC3, 0x03, 0x49,  /* gou → 2 chars */
    /* gu     */ 0x02, 0x67, 0x75, 0x07, 0x00, 0xD4, 0x01, 0x07, 0x01, 0x46, 0x02, 0x23, 0x02, 0xCB, 0x04, 0x78, 0x05, 0x59,  /* gu → 7 chars */
    /* gua    */ 0x03, 0x67, 0x75, 0x61, 0x01, 0x03, 0x61,  /* gua → 1 chars */
    /* guan   */ 0x04, 0x67, 0x75, 0x61, 0x6E, 0x08, 0x00, 0x5A, 0x00, 0x79, 0x00, 0x87, 0x01, 0x5C, 0x03, 0x28, 0x04, 0x29, 0x04, 0x5D, 0x05, 0x32,  /* guan → 8 chars */
    /* guang  */ 0x05, 0x67, 0x75, 0x61, 0x6E, 0x67, 0x02, 0x00, 0x6D, 0x01, 0xB2,  /* guang → 2 chars */
    /* gui    */ 0x03, 0x67, 0x75, 0x69, 0x05, 0x02, 0x86, 0x04, 0x5E, 0x04, 0x7F, 0x04, 0x92, 0x05, 0x3E,  /* gui → 5 chars */
    /* guo    */ 0x03, 0x67, 0x75, 0x6F, 0x04, 0x01, 0x08, 0x02, 0x73, 0x04, 0xA0, 0x04, 0xC8,  /* guo → 4 chars */
    /* ha     */ 0x02, 0x68, 0x61, 0x01, 0x00, 0xF5,  /* ha → 1 chars */
    /* hai    */ 0x03, 0x68, 0x61, 0x69, 0x02, 0x00, 0xFD, 0x02, 0xEC,  /* hai → 2 chars */
    /* han    */ 0x03, 0x68, 0x61, 0x6E, 0x04, 0x01, 0x6D, 0x02, 0xB4, 0x04, 0xBA, 0x05, 0x22,  /* han → 4 chars */
    /* hang   */ 0x04, 0x68, 0x61, 0x6E, 0x67, 0x03, 0x02, 0x6D, 0x04, 0x07, 0x04, 0x4D,  /* hang → 3 chars */
    /* hao    */ 0x03, 0x68, 0x61, 0x6F, 0x03, 0x00, 0xDC, 0x01, 0x43, 0x02, 0xE8,  /* hao → 3 chars */
    /* he     */ 0x02, 0x68, 0x65, 0x0C, 0x00, 0x4A, 0x00, 0xDF, 0x00, 0xF2, 0x02, 0xC8, 0x03, 0x7F, 0x03, 0xA7, 0x04, 0x24, 0x04, 0x2E, 0x04, 0x56, 0x04, 0x80, 0x04, 0x86, 0x05, 0x4C,  /* he → 12 chars */
    /* hei    */ 0x03, 0x68, 0x65, 0x69, 0x01, 0x05, 0x55,  /* hei → 1 chars */
    /* heng   */ 0x04, 0x68, 0x65, 0x6E, 0x67, 0x02, 0x02, 0xA0, 0x04, 0x4F,  /* heng → 2 chars */
    /* hong   */ 0x04, 0x68, 0x6F, 0x6E, 0x67, 0x05, 0x01, 0x5B, 0x02, 0xDD, 0x03, 0xCF, 0x04, 0x47, 0x05, 0x48,  /* hong → 5 chars */
    /* hou    */ 0x03, 0x68, 0x6F, 0x75, 0x03, 0x00, 0x5C, 0x00, 0xC7, 0x00, 0xE4,  /* hou → 3 chars */
    /* hu     */ 0x02, 0x68, 0x75, 0x0B, 0x00, 0x27, 0x00, 0xF0, 0x01, 0x31, 0x01, 0xF3, 0x02, 0x05, 0x02, 0xC6, 0x03, 0x03, 0x03, 0x48, 0x03, 0xF9, 0x04, 0x36, 0x04, 0x44,  /* hu → 11 chars */
    /* hua    */ 0x03, 0x68, 0x75, 0x61, 0x07, 0x00, 0xAE, 0x00, 0xB6, 0x02, 0x8D, 0x03, 0x0F, 0x03, 0x6D, 0x04, 0x13, 0x05, 0x3A,  /* hua → 7 chars */
    /* huai   */ 0x04, 0x68, 0x75, 0x61, 0x69, 0x03, 0x01, 0x13, 0x01, 0xE0, 0x02, 0xF6,  /* huai → 3 chars */
    /* huan   */ 0x04, 0x68, 0x75, 0x61, 0x6E, 0x05, 0x02, 0x13, 0x02, 0x8A, 0x03, 0x36, 0x03, 0x56, 0x04, 0xA5,  /* huan → 5 chars */
    /* huang  */ 0x05, 0x68, 0x75, 0x61, 0x6E, 0x67, 0x06, 0x00, 0x93, 0x03, 0x1F, 0x03, 0x38, 0x03, 0x78, 0x04, 0x20, 0x05, 0x53,  /* huang → 6 chars */
    /* hui    */ 0x03, 0x68, 0x75, 0x69, 0x08, 0x00, 0x46, 0x01, 0x03, 0x01, 0xD7, 0x01, 0xE3, 0x01, 0xE9, 0x02, 0xB3, 0x03, 0x2B, 0x04, 0x98,  /* hui → 8 chars */
    /* hun    */ 0x03, 0x68, 0x75, 0x6E, 0x01, 0x02, 0x3C,  /* hun → 1 chars */
    /* huo    */ 0x03, 0x68, 0x75, 0x6F, 0x03, 0x03, 0x29, 0x04, 0x2C, 0x05, 0x17,  /* huo → 3 chars */
    /* ji     */ 0x02, 0x6A, 0x69, 0x14, 0x00, 0x80, 0x00, 0x90, 0x00, 0xC3, 0x00, 0xCD, 0x00, 0xE0, 0x01, 0x23, 0x01, 0xE2, 0x02, 0x01, 0x02, 0x4D, 0x02, 0x63, 0x02, 0x71, 0x02, 0xE3, 0x03, 0xB3, 0x03, 0xD0, 0x03, 0xD1, 0x03, 0xDE, 0x04, 0x3C, 0x04, 0xFD, 0x05, 0x0F, 0x05, 0x46,  /* ji → 20 chars */
    /* jia    */ 0x03, 0x6A, 0x69, 0x61, 0x09, 0x00, 0x52, 0x00, 0x60, 0x00, 0xA5, 0x00, 0xFE, 0x01, 0x66, 0x02, 0x76, 0x04, 0x81, 0x04, 0xC2, 0x05, 0x39,  /* jia → 9 chars */
    /* jian   */ 0x04, 0x6A, 0x69, 0x61, 0x6E, 0x0B, 0x00, 0x3F, 0x00, 0x8F, 0x00, 0xA1, 0x01, 0x7A, 0x01, 0xC2, 0x02, 0x94, 0x03, 0x7E, 0x03, 0xC2, 0x04, 0x5C, 0x04, 0xE6, 0x04, 0xEC,  /* jian → 11 chars */
    /* jiang  */ 0x05, 0x6A, 0x69, 0x61, 0x6E, 0x67, 0x07, 0x01, 0x48, 0x02, 0xB7, 0x03, 0x71, 0x03, 0xDB, 0x04, 0x37, 0x04, 0x6A, 0x05, 0x01,  /* jiang → 7 chars */
    /* jiao   */ 0x04, 0x6A, 0x69, 0x61, 0x6F, 0x0A, 0x00, 0x2C, 0x00, 0xD6, 0x02, 0x97, 0x03, 0x37, 0x03, 0xFA, 0x03, 0xFD, 0x04, 0x49, 0x04, 0x62, 0x04, 0x97, 0x04, 0xC0,  /* jiao → 10 chars */
    /* jie    */ 0x03, 0x6A, 0x69, 0x65, 0x0A, 0x00, 0x35, 0x00, 0x5D, 0x02, 0x17, 0x02, 0x6E, 0x02, 0x8B, 0x02, 0xD7, 0x03, 0x6E, 0x04, 0x0D, 0x04, 0x4E, 0x04, 0x63,  /* jie → 10 chars */
    /* jin    */ 0x03, 0x6A, 0x69, 0x6E, 0x0B, 0x00, 0x34, 0x00, 0xA8, 0x02, 0x45, 0x02, 0xDC, 0x03, 0xA1, 0x03, 0xCB, 0x03, 0xE4, 0x04, 0xA3, 0x04, 0xA7, 0x04, 0xD6, 0x04, 0xE5,  /* jin → 11 chars */
    /* jing   */ 0x04, 0x6A, 0x69, 0x6E, 0x67, 0x0B, 0x00, 0x2A, 0x00, 0x2D, 0x02, 0x49, 0x02, 0xD6, 0x03, 0xC8, 0x03, 0xD8, 0x04, 0x1E, 0x04, 0x2D, 0x04, 0x66, 0x05, 0x1D, 0x05, 0x1E,  /* jing → 11 chars */
    /* jiu    */ 0x03, 0x6A, 0x69, 0x75, 0x05, 0x00, 0x1D, 0x01, 0x7E, 0x02, 0x25, 0x02, 0x35, 0x04, 0xD0,  /* jiu → 5 chars */
    /* ju     */ 0x02, 0x6A, 0x75, 0x0C, 0x00, 0x59, 0x00, 0x7D, 0x00, 0xD5, 0x01, 0x80, 0x01, 0x82, 0x01, 0xA1, 0x02, 0x8B, 0x02, 0xA2, 0x03, 0x2F, 0x03, 0x90, 0x03, 0xF3, 0x04, 0x27,  /* ju → 12 chars */
    /* juan   */ 0x04, 0x6A, 0x75, 0x61, 0x6E, 0x01, 0x04, 0xCE,  /* juan → 1 chars */
    /* jue    */ 0x03, 0x6A, 0x75, 0x65, 0x01, 0x04, 0x61,  /* jue → 1 chars */
    /* jun    */ 0x03, 0x6A, 0x75, 0x6E, 0x04, 0x00, 0x55, 0x00, 0x85, 0x00, 0xE7, 0x04, 0xC5,  /* jun → 4 chars */
    /* ka     */ 0x02, 0x6B, 0x61, 0x02, 0x00, 0xBE, 0x00, 0xFB,  /* ka → 2 chars */
    /* kai    */ 0x03, 0x6B, 0x61, 0x69, 0x02, 0x00, 0x92, 0x01, 0xC3,  /* kai → 2 chars */
    /* kan    */ 0x03, 0x6B, 0x61, 0x6E, 0x02, 0x00, 0x97, 0x03, 0x89,  /* kan → 2 chars */
    /* kang   */ 0x04, 0x6B, 0x61, 0x6E, 0x67, 0x01, 0x01, 0xBF,  /* kang → 1 chars */
    /* kao    */ 0x03, 0x6B, 0x61, 0x6F, 0x02, 0x03, 0x32, 0x03, 0xEE,  /* kao → 2 chars */
    /* ke     */ 0x02, 0x6B, 0x65, 0x04, 0x00, 0x6E, 0x00, 0xD8, 0x01, 0x62, 0x03, 0xAC,  /* ke → 4 chars */
    /* ken    */ 0x03, 0x6B, 0x65, 0x6E, 0x01, 0x01, 0x1D,  /* ken → 1 chars */
    /* kong   */ 0x04, 0x6B, 0x6F, 0x6E, 0x67, 0x03, 0x01, 0x4E, 0x02, 0x18, 0x03, 0xB4,  /* kong → 3 chars */
    /* kou    */ 0x03, 0x6B, 0x6F, 0x75, 0x01, 0x00, 0xD3,  /* kou → 1 chars */
    /* ku     */ 0x02, 0x6B, 0x75, 0x01, 0x01, 0xB6,  /* ku → 1 chars */
    /* kua    */ 0x03, 0x6B, 0x75, 0x61, 0x01, 0x04, 0x8D,  /* kua → 1 chars */
    /* kuai   */ 0x04, 0x6B, 0x75, 0x61, 0x69, 0x01, 0x01, 0xDD,  /* kuai → 1 chars */
    /* kuan   */ 0x04, 0x6B, 0x75, 0x61, 0x6E, 0x01, 0x01, 0x68,  /* kuan → 1 chars */
    /* kuang  */ 0x05, 0x6B, 0x75, 0x61, 0x6E, 0x67, 0x01, 0x03, 0x93,  /* kuang → 1 chars */
    /* kui    */ 0x03, 0x6B, 0x75, 0x69, 0x01, 0x01, 0x41,  /* kui → 1 chars */
    /* kun    */ 0x03, 0x6B, 0x75, 0x6E, 0x01, 0x02, 0x39,  /* kun → 1 chars */
    /* kuo    */ 0x03, 0x6B, 0x75, 0x6F, 0x02, 0x01, 0xFC, 0x02, 0x0D,  /* kuo → 2 chars */
    /* la     */ 0x02, 0x6C, 0x61, 0x02, 0x02, 0x07, 0x03, 0xFE,  /* la → 2 chars */
    /* lai    */ 0x03, 0x6C, 0x61, 0x69, 0x03, 0x02, 0x6B, 0x02, 0xEF, 0x04, 0x2A,  /* lai → 3 chars */
    /* lan    */ 0x03, 0x6C, 0x61, 0x6E, 0x06, 0x00, 0x77, 0x02, 0x7F, 0x02, 0x9A, 0x03, 0x23, 0x04, 0x3B, 0x04, 0x60,  /* lan → 6 chars */
    /* lang   */ 0x04, 0x6C, 0x61, 0x6E, 0x67, 0x06, 0x01, 0xC0, 0x02, 0x5A, 0x02, 0xE9, 0x03, 0x4C, 0x04, 0xC1, 0x04, 0xF1,  /* lang → 6 chars */
    /* lao    */ 0x03, 0x6C, 0x61, 0x6F, 0x04, 0x00, 0x50, 0x00, 0xA9, 0x01, 0x95, 0x03, 0xED,  /* lao → 4 chars */
    /* le     */ 0x02, 0x6C, 0x65, 0x02, 0x00, 0x1A, 0x00, 0x22,  /* le → 2 chars */
    /* lei    */ 0x03, 0x6C, 0x65, 0x69, 0x03, 0x00, 0xAB, 0x03, 0xC4, 0x05, 0x13,  /* lei → 3 chars */
    /* leng   */ 0x04, 0x6C, 0x65, 0x6E, 0x67, 0x02, 0x00, 0x8B, 0x02, 0x96,  /* leng → 2 chars */
    /* li     */ 0x02, 0x6C, 0x69, 0x0F, 0x00, 0x16, 0x00, 0x9C, 0x00, 0xA3, 0x02, 0x66, 0x02, 0x7E, 0x02, 0x92, 0x03, 0x0A, 0x03, 0x24, 0x03, 0x5D, 0x03, 0x60, 0x03, 0xB9, 0x04, 0x21, 0x04, 0xD1, 0x04, 0xD2, 0x05, 0x54,  /* li → 15 chars */
    /* lian   */ 0x04, 0x6C, 0x69, 0x61, 0x6E, 0x05, 0x02, 0xF0, 0x03, 0xF2, 0x04, 0x2B, 0x04, 0xA9, 0x04, 0xE0,  /* lian → 5 chars */
    /* liang  */ 0x05, 0x6C, 0x69, 0x61, 0x6E, 0x67, 0x06, 0x00, 0x0E, 0x00, 0x2F, 0x00, 0x8D, 0x02, 0x8E, 0x04, 0x0A, 0x04, 0xD5,  /* liang → 6 chars */
    /* liao   */ 0x04, 0x6C, 0x69, 0x61, 0x6F, 0x04, 0x01, 0x6F, 0x03, 0x73, 0x03, 0xF1, 0x04, 0x9D,  /* liao → 4 chars */
    /* lie    */ 0x03, 0x6C, 0x69, 0x65, 0x01, 0x00, 0x98,  /* lie → 1 chars */
    /* lin    */ 0x03, 0x6C, 0x69, 0x6E, 0x02, 0x00, 0x12, 0x02, 0x72,  /* lin → 2 chars */
    /* ling   */ 0x04, 0x6C, 0x69, 0x6E, 0x67, 0x08, 0x00, 0x3C, 0x00, 0x8E, 0x01, 0x8D, 0x03, 0x2C, 0x03, 0x58, 0x04, 0xDB, 0x05, 0x06, 0x05, 0x12,  /* ling → 8 chars */
    /* liu    */ 0x03, 0x6C, 0x69, 0x75, 0x06, 0x00, 0x76, 0x00, 0x99, 0x02, 0x7A, 0x02, 0xE0, 0x02, 0xE4, 0x03, 0x6F,  /* liu → 6 chars */
    /* long   */ 0x04, 0x6C, 0x6F, 0x6E, 0x67, 0x03, 0x03, 0xC0, 0x05, 0x08, 0x05, 0x5B,  /* long → 3 chars */
    /* lou    */ 0x03, 0x6C, 0x6F, 0x75, 0x02, 0x01, 0x4A, 0x02, 0x99,  /* lou → 2 chars */
    /* lu     */ 0x02, 0x6C, 0x75, 0x0D, 0x00, 0xBF, 0x01, 0xB5, 0x02, 0xD4, 0x03, 0x2D, 0x03, 0x67, 0x03, 0xA2, 0x04, 0x11, 0x04, 0x8E, 0x04, 0xFE, 0x05, 0x1A, 0x05, 0x42, 0x05, 0x4F, 0x05, 0x50,  /* lu → 13 chars */
    /* luan   */ 0x04, 0x6C, 0x75, 0x61, 0x6E, 0x02, 0x02, 0x85, 0x03, 0x14,  /* luan → 2 chars */
    /* lun    */ 0x03, 0x6C, 0x75, 0x6E, 0x01, 0x00, 0x37,  /* lun → 1 chars */
    /* luo    */ 0x03, 0x6C, 0x75, 0x6F, 0x05, 0x02, 0xDA, 0x03, 0x1A, 0x03, 0xE8, 0x04, 0x30, 0x04, 0x33,  /* luo → 5 chars */
    /* lv     */ 0x02, 0x6C, 0x76, 0x07, 0x00, 0xE6, 0x02, 0x30, 0x03, 0x13, 0x03, 0x51, 0x03, 0xE2, 0x04, 0xDD, 0x04, 0xEF,  /* lv → 7 chars */
    /* ma     */ 0x02, 0x6D, 0x61, 0x04, 0x03, 0x54, 0x03, 0x95, 0x05, 0x35, 0x05, 0x52,  /* ma → 4 chars */
    /* mai    */ 0x03, 0x6D, 0x61, 0x69, 0x03, 0x00, 0x20, 0x00, 0xBA, 0x05, 0x51,  /* mai → 3 chars */
    /* man    */ 0x03, 0x6D, 0x61, 0x6E, 0x02, 0x01, 0xEF, 0x03, 0x12,  /* man → 2 chars */
    /* mang   */ 0x04, 0x6D, 0x61, 0x6E, 0x67, 0x02, 0x01, 0xDB, 0x04, 0x0E,  /* mang → 2 chars */
    /* mao    */ 0x03, 0x6D, 0x61, 0x6F, 0x04, 0x01, 0xAD, 0x02, 0xAE, 0x03, 0x4F, 0x04, 0x1B,  /* mao → 4 chars */
    /* mei    */ 0x03, 0x6D, 0x65, 0x69, 0x08, 0x02, 0x8F, 0x02, 0xAB, 0x02, 0xC4, 0x03, 0x02, 0x03, 0x39, 0x03, 0x88, 0x03, 0xEA, 0x05, 0x3F,  /* mei → 8 chars */
    /* men    */ 0x03, 0x6D, 0x65, 0x6E, 0x02, 0x00, 0x3E, 0x04, 0xE9,  /* men → 2 chars */
    /* meng   */ 0x04, 0x6D, 0x65, 0x6E, 0x67, 0x04, 0x01, 0x53, 0x03, 0x4D, 0x03, 0x83, 0x04, 0x38,  /* meng → 4 chars */
    /* mi     */ 0x02, 0x6D, 0x69, 0x03, 0x01, 0x6B, 0x02, 0xBA, 0x03, 0xC3,  /* mi → 3 chars */
    /* mian   */ 0x04, 0x6D, 0x69, 0x61, 0x6E, 0x07, 0x00, 0x6F, 0x00, 0x83, 0x02, 0x95, 0x02, 0xFB, 0x03, 0x8C, 0x03, 0xE0, 0x05, 0x20,  /* mian → 7 chars */
    /* miao   */ 0x04, 0x6D, 0x69, 0x61, 0x6F, 0x03, 0x01, 0xBA, 0x02, 0x19, 0x02, 0xF9,  /* miao → 3 chars */
    /* min    */ 0x03, 0x6D, 0x69, 0x6E, 0x03, 0x02, 0xB0, 0x04, 0xED, 0x04, 0xEE,  /* min → 3 chars */
    /* ming   */ 0x04, 0x6D, 0x69, 0x6E, 0x67, 0x04, 0x00, 0xE3, 0x00, 0xF1, 0x02, 0x3B, 0x04, 0xDE,  /* ming → 4 chars */
    /* mo     */ 0x02, 0x6D, 0x6F, 0x05, 0x01, 0x2C, 0x02, 0x1D, 0x02, 0x9F, 0x03, 0x19, 0x05, 0x57,  /* mo → 5 chars */
    /* mou    */ 0x03, 0x6D, 0x6F, 0x75, 0x01, 0x03, 0x44,  /* mou → 1 chars */
    /* mu     */ 0x02, 0x6D, 0x75, 0x02, 0x02, 0x5D, 0x03, 0x45,  /* mu → 2 chars */
    /* na     */ 0x02, 0x6E, 0x61, 0x02, 0x02, 0x0E, 0x04, 0xB9,  /* na → 2 chars */
    /* nan    */ 0x03, 0x6E, 0x61, 0x6E, 0x02, 0x00, 0xBB, 0x03, 0x6B,  /* nan → 2 chars */
    /* nao    */ 0x03, 0x6E, 0x61, 0x6F, 0x01, 0x03, 0xFC,  /* nao → 1 chars */
    /* nei    */ 0x03, 0x6E, 0x65, 0x69, 0x02, 0x00, 0x81, 0x04, 0xB9,  /* nei → 2 chars */
    /* neng   */ 0x04, 0x6E, 0x65, 0x6E, 0x67, 0x01, 0x03, 0xFB,  /* neng → 1 chars */
    /* ni     */ 0x02, 0x6E, 0x69, 0x04, 0x00, 0x4E, 0x00, 0xEE, 0x02, 0x0B, 0x04, 0xAD,  /* ni → 4 chars */
    /* nian   */ 0x04, 0x6E, 0x69, 0x61, 0x6E, 0x02, 0x01, 0xB0, 0x01, 0xDE,  /* nian → 2 chars */
    /* niao   */ 0x04, 0x6E, 0x69, 0x61, 0x6F, 0x01, 0x05, 0x45,  /* niao → 1 chars */
    /* ning   */ 0x04, 0x6E, 0x69, 0x6E, 0x67, 0x01, 0x01, 0x55,  /* ning → 1 chars */
    /* niu    */ 0x03, 0x6E, 0x69, 0x75, 0x01, 0x03, 0x43,  /* niu → 1 chars */
    /* nong   */ 0x04, 0x6E, 0x6F, 0x6E, 0x67, 0x02, 0x00, 0x86, 0x02, 0xE5,  /* nong → 2 chars */
    /* pa     */ 0x02, 0x70, 0x61, 0x02, 0x01, 0xA9, 0x03, 0x40,  /* pa → 2 chars */
    /* pai    */ 0x03, 0x70, 0x61, 0x69, 0x02, 0x02, 0x08, 0x02, 0x15,  /* pai → 2 chars */
    /* pan    */ 0x03, 0x70, 0x61, 0x6E, 0x07, 0x00, 0x9B, 0x02, 0x1F, 0x02, 0xD2, 0x03, 0x1D, 0x03, 0x81, 0x03, 0x9A, 0x04, 0x4C,  /* pan → 7 chars */
    /* pao    */ 0x03, 0x70, 0x61, 0x6F, 0x01, 0x04, 0x8C,  /* pao → 1 chars */
    /* pei    */ 0x03, 0x70, 0x65, 0x69, 0x02, 0x00, 0x4F, 0x02, 0xC2,  /* pei → 2 chars */
    /* peng   */ 0x04, 0x70, 0x65, 0x6E, 0x67, 0x04, 0x01, 0xD0, 0x02, 0x56, 0x04, 0x3E, 0x05, 0x4B,  /* peng → 4 chars */
    /* pi     */ 0x02, 0x70, 0x69, 0x03, 0x03, 0x7B, 0x04, 0xBC, 0x04, 0xC7,  /* pi → 3 chars */
    /* pian   */ 0x04, 0x70, 0x69, 0x61, 0x6E, 0x01, 0x00, 0x61,  /* pian → 1 chars */
    /* pin    */ 0x03, 0x70, 0x69, 0x6E, 0x01, 0x05, 0x2D,  /* pin → 1 chars */
    /* ping   */ 0x04, 0x70, 0x69, 0x6E, 0x67, 0x05, 0x01, 0x19, 0x01, 0x84, 0x01, 0xAF, 0x03, 0x62, 0x04, 0x1A,  /* ping → 5 chars */
    /* po     */ 0x02, 0x70, 0x6F, 0x03, 0x01, 0x17, 0x02, 0xCE, 0x04, 0xCF,  /* po → 3 chars */
    /* pu     */ 0x02, 0x70, 0x75, 0x06, 0x02, 0x48, 0x02, 0xE7, 0x03, 0x26, 0x04, 0x25, 0x04, 0x39, 0x04, 0x77,  /* pu → 6 chars */
    /* qi     */ 0x02, 0x71, 0x69, 0x10, 0x00, 0x02, 0x00, 0x28, 0x00, 0x7C, 0x00, 0xEB, 0x01, 0x00, 0x01, 0x3F, 0x01, 0x97, 0x02, 0x32, 0x02, 0x69, 0x02, 0xBB, 0x03, 0x17, 0x03, 0x9D, 0x03, 0x9E, 0x03, 0xCD, 0x05, 0x3C, 0x05, 0x5A,  /* qi → 16 chars */
    /* qian   */ 0x04, 0x71, 0x69, 0x61, 0x6E, 0x08, 0x00, 0x21, 0x00, 0xA0, 0x00, 0xB3, 0x02, 0xE1, 0x03, 0x1E, 0x04, 0x9F, 0x04, 0xF5, 0x05, 0x56,  /* qian → 8 chars */
    /* qiang  */ 0x05, 0x71, 0x69, 0x61, 0x6E, 0x67, 0x03, 0x01, 0x2A, 0x01, 0xCC, 0x02, 0x04,  /* qiang → 3 chars */
    /* qiao   */ 0x04, 0x71, 0x69, 0x61, 0x6F, 0x03, 0x00, 0x1B, 0x02, 0x8C, 0x02, 0xA1,  /* qiao → 3 chars */
    /* qie    */ 0x03, 0x71, 0x69, 0x65, 0x01, 0x00, 0x96,  /* qie → 1 chars */
    /* qin    */ 0x03, 0x71, 0x69, 0x6E, 0x03, 0x02, 0xBD, 0x03, 0xAE, 0x04, 0xD9,  /* qin → 3 chars */
    /* qing   */ 0x04, 0x71, 0x69, 0x6E, 0x67, 0x07, 0x01, 0xB4, 0x01, 0xE8, 0x02, 0x4A, 0x02, 0xFA, 0x04, 0x72, 0x04, 0x95, 0x05, 0x1C,  /* qing → 7 chars */
    /* qiong  */ 0x05, 0x71, 0x69, 0x6F, 0x6E, 0x67, 0x01, 0x03, 0x5E,  /* qiong → 1 chars */
    /* qiu    */ 0x03, 0x71, 0x69, 0x75, 0x04, 0x00, 0x0A, 0x03, 0x5C, 0x03, 0xAA, 0x04, 0xBB,  /* qiu → 4 chars */
    /* qu     */ 0x02, 0x71, 0x75, 0x06, 0x00, 0xB0, 0x00, 0xD2, 0x02, 0x4F, 0x02, 0x58, 0x02, 0xFE, 0x04, 0x50,  /* qu → 6 chars */
    /* quan   */ 0x04, 0x71, 0x75, 0x61, 0x6E, 0x04, 0x00, 0x73, 0x01, 0x0A, 0x02, 0x64, 0x02, 0xCD,  /* quan → 4 chars */
    /* que    */ 0x03, 0x71, 0x75, 0x65, 0x02, 0x03, 0x97, 0x03, 0xE6,  /* que → 2 chars */
    /* qun    */ 0x03, 0x71, 0x75, 0x6E, 0x01, 0x03, 0xEB,  /* qun → 1 chars */
    /* ran    */ 0x03, 0x72, 0x61, 0x6E, 0x01, 0x03, 0x3E,  /* ran → 1 chars */
    /* rang   */ 0x04, 0x72, 0x61, 0x6E, 0x67, 0x01, 0x04, 0x68,  /* rang → 1 chars */
    /* rao    */ 0x03, 0x72, 0x61, 0x6F, 0x01, 0x05, 0x31,  /* rao → 1 chars */
    /* re     */ 0x02, 0x72, 0x65, 0x01, 0x03, 0x34,  /* re → 1 chars */
    /* ren    */ 0x03, 0x72, 0x65, 0x6E, 0x04, 0x00, 0x31, 0x00, 0x33, 0x00, 0x40, 0x04, 0x67,  /* ren → 4 chars */
    /* ri     */ 0x02, 0x72, 0x69, 0x01, 0x02, 0x34,  /* ri → 1 chars */
    /* rong   */ 0x04, 0x72, 0x6F, 0x6E, 0x67, 0x05, 0x01, 0x67, 0x02, 0x9C, 0x03, 0xD9, 0x04, 0x22, 0x04, 0x3A,  /* rong → 5 chars */
    /* ru     */ 0x02, 0x72, 0x75, 0x03, 0x00, 0x72, 0x01, 0x44, 0x02, 0xB6,  /* ru → 3 chars */
    /* ruan   */ 0x04, 0x72, 0x75, 0x61, 0x6E, 0x01, 0x04, 0x94,  /* ruan → 1 chars */
    /* rui    */ 0x03, 0x72, 0x75, 0x69, 0x01, 0x03, 0x5F,  /* rui → 1 chars */
    /* run    */ 0x03, 0x72, 0x75, 0x6E, 0x01, 0x02, 0xF2,  /* run → 1 chars */
    /* ruo    */ 0x03, 0x72, 0x75, 0x6F, 0x01, 0x01, 0xCA,  /* ruo → 1 chars */
    /* sai    */ 0x03, 0x73, 0x61, 0x69, 0x02, 0x01, 0x29, 0x04, 0x83,  /* sai → 2 chars */
    /* san    */ 0x03, 0x73, 0x61, 0x6E, 0x02, 0x00, 0x04, 0x00, 0xCB,  /* san → 2 chars */
    /* sang   */ 0x04, 0x73, 0x61, 0x6E, 0x67, 0x01, 0x02, 0x89,  /* sang → 1 chars */
    /* sao    */ 0x03, 0x73, 0x61, 0x6F, 0x02, 0x01, 0x4C, 0x01, 0xFD,  /* sao → 2 chars */
    /* se     */ 0x02, 0x73, 0x65, 0x01, 0x04, 0x0B,  /* se → 1 chars */
    /* sha    */ 0x03, 0x73, 0x68, 0x61, 0x03, 0x02, 0xC1, 0x03, 0x96, 0x04, 0x26,  /* sha → 3 chars */
    /* shan   */ 0x04, 0x73, 0x68, 0x61, 0x6E, 0x06, 0x00, 0x9A, 0x00, 0xFC, 0x01, 0x87, 0x02, 0x65, 0x02, 0xB5, 0x05, 0x03,  /* shan → 6 chars */
    /* shang  */ 0x05, 0x73, 0x68, 0x61, 0x6E, 0x67, 0x03, 0x00, 0x05, 0x00, 0xF9, 0x01, 0x7B,  /* shang → 3 chars */
    /* shao   */ 0x04, 0x73, 0x68, 0x61, 0x6F, 0x05, 0x01, 0x78, 0x03, 0x33, 0x03, 0xD7, 0x04, 0xBD, 0x05, 0x25,  /* shao → 5 chars */
    /* she    */ 0x03, 0x73, 0x68, 0x65, 0x05, 0x01, 0x75, 0x02, 0xEE, 0x03, 0x9C, 0x04, 0x03, 0x04, 0x6C,  /* she → 5 chars */
    /* shen   */ 0x04, 0x73, 0x68, 0x65, 0x6E, 0x06, 0x00, 0x32, 0x01, 0x61, 0x02, 0xC0, 0x02, 0xF7, 0x03, 0x9F, 0x04, 0x28,  /* shen → 6 chars */
    /* sheng  */ 0x05, 0x73, 0x68, 0x65, 0x6E, 0x67, 0x08, 0x00, 0xB4, 0x01, 0x0C, 0x01, 0x30, 0x01, 0x99, 0x03, 0x65, 0x03, 0x82, 0x03, 0x87, 0x03, 0xF8,  /* sheng → 8 chars */
    /* shi    */ 0x03, 0x73, 0x68, 0x69, 0x14, 0x00, 0x09, 0x00, 0x23, 0x00, 0xB2, 0x01, 0x2F, 0x01, 0x45, 0x01, 0x60, 0x01, 0x64, 0x01, 0xA6, 0x01, 0xA8, 0x01, 0xC5, 0x02, 0x2F, 0x02, 0x37, 0x02, 0x43, 0x02, 0xAF, 0x03, 0x07, 0x03, 0x4B, 0x03, 0x92, 0x03, 0x9B, 0x04, 0x5F, 0x04, 0x6D,  /* shi → 20 chars */
    /* shou   */ 0x04, 0x73, 0x68, 0x6F, 0x75, 0x07, 0x00, 0x7F, 0x01, 0x57, 0x01, 0x73, 0x01, 0xF6, 0x02, 0x14, 0x02, 0x21, 0x05, 0x33,  /* shou → 7 chars */
    /* shu    */ 0x03, 0x73, 0x68, 0x75, 0x0A, 0x02, 0x27, 0x02, 0x4E, 0x02, 0x60, 0x02, 0x80, 0x02, 0xC7, 0x03, 0x3D, 0x03, 0x72, 0x04, 0x04, 0x04, 0x4A, 0x04, 0x99,  /* shu → 10 chars */
    /* shua   */ 0x04, 0x73, 0x68, 0x75, 0x61, 0x01, 0x00, 0x9F,  /* shua → 1 chars */
    /* shuang */ 0x06, 0x73, 0x68, 0x75, 0x61, 0x6E, 0x67, 0x02, 0x00, 0xCF, 0x05, 0x18,  /* shuang → 2 chars */
    /* shui   */ 0x04, 0x73, 0x68, 0x75, 0x69, 0x01, 0x02, 0xB1,  /* shui → 1 chars */
    /* shun   */ 0x04, 0x73, 0x68, 0x75, 0x6E, 0x01, 0x05, 0x29,  /* shun → 1 chars */
    /* shuo   */ 0x04, 0x73, 0x68, 0x75, 0x6F, 0x02, 0x02, 0x59, 0x04, 0x71,  /* shuo → 2 chars */
    /* si     */ 0x02, 0x73, 0x69, 0x08, 0x00, 0x0D, 0x00, 0xDD, 0x01, 0x02, 0x01, 0x71, 0x01, 0xE1, 0x02, 0x2C, 0x02, 0xD0, 0x03, 0xA9,  /* si → 8 chars */
    /* song   */ 0x04, 0x73, 0x6F, 0x6E, 0x67, 0x04, 0x01, 0x59, 0x01, 0x9A, 0x02, 0x6F, 0x04, 0xAC,  /* song → 4 chars */
    /* sou    */ 0x03, 0x73, 0x6F, 0x75, 0x01, 0x02, 0x1C,  /* sou → 1 chars */
    /* su     */ 0x02, 0x73, 0x75, 0x04, 0x01, 0x6A, 0x03, 0xF4, 0x04, 0x17, 0x04, 0xB1,  /* su → 4 chars */
    /* sui    */ 0x03, 0x73, 0x75, 0x69, 0x04, 0x03, 0x8F, 0x03, 0xDD, 0x04, 0xB2, 0x05, 0x09,  /* sui → 4 chars */
    /* sun    */ 0x03, 0x73, 0x75, 0x6E, 0x01, 0x01, 0x51,  /* sun → 1 chars */
    /* suo    */ 0x03, 0x73, 0x75, 0x6F, 0x04, 0x01, 0xF5, 0x03, 0xCA, 0x03, 0xE5, 0x04, 0xE1,  /* suo → 4 chars */
    /* ta     */ 0x02, 0x74, 0x61, 0x03, 0x00, 0x3A, 0x01, 0x27, 0x01, 0x56,  /* ta → 3 chars */
    /* tai    */ 0x03, 0x74, 0x61, 0x69, 0x03, 0x00, 0xD9, 0x01, 0x3B, 0x02, 0xD3,  /* tai → 3 chars */
    /* tan    */ 0x03, 0x74, 0x61, 0x6E, 0x06, 0x01, 0x15, 0x01, 0x18, 0x01, 0xCB, 0x03, 0x16, 0x03, 0x20, 0x04, 0xC9,  /* tan → 6 chars */
    /* tang   */ 0x04, 0x74, 0x61, 0x6E, 0x67, 0x04, 0x00, 0xF8, 0x01, 0x24, 0x01, 0x28, 0x02, 0xB9,  /* tang → 4 chars */
    /* tao    */ 0x03, 0x74, 0x61, 0x6F, 0x04, 0x01, 0x42, 0x02, 0x87, 0x03, 0x10, 0x05, 0x07,  /* tao → 4 chars */
    /* te     */ 0x02, 0x74, 0x65, 0x01, 0x03, 0x47,  /* te → 1 chars */
    /* teng   */ 0x04, 0x74, 0x65, 0x6E, 0x67, 0x01, 0x03, 0x11,  /* teng → 1 chars */
    /* ti     */ 0x02, 0x74, 0x69, 0x04, 0x00, 0x49, 0x02, 0x1A, 0x02, 0x93, 0x04, 0x90,  /* ti → 4 chars */
    /* tian   */ 0x04, 0x74, 0x69, 0x61, 0x6E, 0x03, 0x01, 0x3A, 0x02, 0xF8, 0x03, 0x68,  /* tian → 3 chars */
    /* tiao   */ 0x04, 0x74, 0x69, 0x61, 0x6F, 0x04, 0x02, 0x11, 0x02, 0x6A, 0x04, 0x75, 0x04, 0x8F,  /* tiao → 4 chars */
    /* tie    */ 0x03, 0x74, 0x69, 0x65, 0x01, 0x04, 0xDA,  /* tie → 1 chars */
    /* ting   */ 0x04, 0x74, 0x69, 0x6E, 0x67, 0x07, 0x00, 0x2E, 0x00, 0x62, 0x00, 0xC5, 0x00, 0xEA, 0x01, 0xBE, 0x04, 0x09, 0x05, 0x16,  /* ting → 7 chars */
    /* tong   */ 0x04, 0x74, 0x6F, 0x6E, 0x67, 0x06, 0x00, 0xE2, 0x02, 0x88, 0x03, 0x22, 0x03, 0xDC, 0x04, 0xB0, 0x04, 0xDC,  /* tong → 6 chars */
    /* tou    */ 0x03, 0x74, 0x6F, 0x75, 0x01, 0x01, 0x3D,  /* tou → 1 chars */
    /* tu     */ 0x02, 0x74, 0x75, 0x02, 0x01, 0x0B, 0x01, 0xD4,  /* tu → 2 chars */
    /* tuan   */ 0x04, 0x74, 0x75, 0x61, 0x6E, 0x01, 0x01, 0x04,  /* tuan → 1 chars */
    /* tui    */ 0x03, 0x74, 0x75, 0x69, 0x02, 0x03, 0xFF, 0x04, 0xAB,  /* tui → 2 chars */
    /* tun    */ 0x03, 0x74, 0x75, 0x6E, 0x01, 0x01, 0x86,  /* tun → 1 chars */
    /* tuo    */ 0x03, 0x74, 0x75, 0x6F, 0x02, 0x01, 0xFA, 0x04, 0xFB,  /* tuo → 2 chars */
    /* wai    */ 0x03, 0x77, 0x61, 0x69, 0x01, 0x01, 0x36,  /* wai → 1 chars */
    /* wan    */ 0x03, 0x77, 0x61, 0x6E, 0x06, 0x00, 0x03, 0x01, 0x5A, 0x02, 0x46, 0x03, 0x06, 0x03, 0x55, 0x03, 0x7A,  /* wan → 6 chars */
    /* wang   */ 0x04, 0x77, 0x61, 0x6E, 0x67, 0x04, 0x02, 0x38, 0x02, 0x5B, 0x03, 0x53, 0x03, 0xE7,  /* wang → 4 chars */
    /* wei    */ 0x03, 0x77, 0x65, 0x69, 0x11, 0x00, 0x14, 0x00, 0x47, 0x00, 0xC1, 0x00, 0xC2, 0x01, 0x06, 0x01, 0x49, 0x01, 0x76, 0x01, 0x7F, 0x01, 0xD5, 0x02, 0x5E, 0x02, 0xD8, 0x03, 0x00, 0x03, 0x1C, 0x03, 0x2E, 0x03, 0xDF, 0x04, 0x3F, 0x05, 0x40,  /* wei → 17 chars */
    /* wen    */ 0x03, 0x77, 0x65, 0x6E, 0x03, 0x02, 0x29, 0x02, 0xFF, 0x03, 0xB2,  /* wen → 3 chars */
    /* wo     */ 0x02, 0x77, 0x6F, 0x03, 0x00, 0xC0, 0x01, 0xF1, 0x02, 0xF1,  /* wo → 3 chars */
    /* wu     */ 0x02, 0x77, 0x75, 0x10, 0x00, 0x19, 0x00, 0x29, 0x00, 0x42, 0x00, 0xA6, 0x00, 0xEC, 0x00, 0xED, 0x01, 0x83, 0x01, 0xE6, 0x02, 0x33, 0x02, 0x91, 0x02, 0xA9, 0x03, 0x46, 0x04, 0x05, 0x04, 0x10, 0x05, 0x14, 0x05, 0x4A,  /* wu → 16 chars */
    /* xi     */ 0x02, 0x78, 0x69, 0x09, 0x01, 0x35, 0x01, 0xE5, 0x02, 0x3E, 0x03, 0x0B, 0x03, 0x3C, 0x03, 0xC9, 0x03, 0xD6, 0x04, 0x59, 0x04, 0xE4,  /* xi → 9 chars */
    /* xia    */ 0x03, 0x78, 0x69, 0x61, 0x05, 0x00, 0x06, 0x00, 0xC9, 0x01, 0x34, 0x01, 0x91, 0x05, 0x19,  /* xia → 5 chars */
    /* xian   */ 0x04, 0x78, 0x69, 0x61, 0x6E, 0x0A, 0x00, 0x3B, 0x00, 0x6C, 0x00, 0xCA, 0x00, 0xF4, 0x02, 0x44, 0x03, 0x50, 0x03, 0x57, 0x03, 0xD4, 0x04, 0x7E, 0x05, 0x02,  /* xian → 10 chars */
    /* xiang  */ 0x05, 0x78, 0x69, 0x61, 0x6E, 0x67, 0x0C, 0x00, 0x1F, 0x00, 0xE5, 0x00, 0xF6, 0x01, 0xA5, 0x01, 0xEA, 0x03, 0x04, 0x03, 0x86, 0x03, 0xA0, 0x04, 0x58, 0x04, 0x7A, 0x05, 0x28, 0x05, 0x34,  /* xiang → 12 chars */
    /* xiao   */ 0x04, 0x78, 0x69, 0x61, 0x6F, 0x06, 0x01, 0x52, 0x01, 0x77, 0x02, 0x24, 0x02, 0x81, 0x02, 0xED, 0x04, 0x32,  /* xiao → 6 chars */
    /* xie    */ 0x03, 0x78, 0x69, 0x65, 0x04, 0x00, 0x84, 0x00, 0xB7, 0x03, 0x27, 0x04, 0x76,  /* xie → 4 chars */
    /* xin    */ 0x03, 0x78, 0x69, 0x6E, 0x05, 0x00, 0x57, 0x01, 0xD8, 0x01, 0xDF, 0x02, 0x2D, 0x04, 0x9A,  /* xin → 5 chars */
    /* xing   */ 0x04, 0x78, 0x69, 0x6E, 0x67, 0x08, 0x00, 0x7A, 0x01, 0x1B, 0x01, 0xB1, 0x01, 0xCE, 0x02, 0x40, 0x04, 0x4D, 0x04, 0xB8, 0x05, 0x00,  /* xing → 8 chars */
    /* xiong  */ 0x05, 0x78, 0x69, 0x6F, 0x6E, 0x67, 0x03, 0x00, 0x69, 0x03, 0x3B, 0x05, 0x0D,  /* xiong → 3 chars */
    /* xiu    */ 0x03, 0x78, 0x69, 0x75, 0x03, 0x00, 0x43, 0x00, 0x58, 0x03, 0xA8,  /* xiu → 3 chars */
    /* xu     */ 0x02, 0x78, 0x75, 0x06, 0x01, 0xD3, 0x03, 0x08, 0x03, 0x84, 0x04, 0x6B, 0x05, 0x15, 0x05, 0x2A,  /* xu → 6 chars */
    /* xuan   */ 0x04, 0x78, 0x75, 0x61, 0x6E, 0x02, 0x01, 0x63, 0x04, 0xAE,  /* xuan → 2 chars */
    /* xue    */ 0x03, 0x78, 0x75, 0x65, 0x03, 0x01, 0x54, 0x04, 0x42, 0x05, 0x11,  /* xue → 3 chars */
    /* xun    */ 0x03, 0x78, 0x75, 0x6E, 0x02, 0x04, 0x69, 0x04, 0xAF,  /* xun → 2 chars */
    /* ya     */ 0x02, 0x79, 0x61, 0x06, 0x00, 0x2B, 0x00, 0xC6, 0x01, 0x1F, 0x01, 0x98, 0x05, 0x0E, 0x05, 0x47,  /* ya → 6 chars */
    /* yan    */ 0x03, 0x79, 0x61, 0x6E, 0x0F, 0x00, 0x5F, 0x00, 0x70, 0x01, 0x26, 0x01, 0x8C, 0x01, 0xC1, 0x03, 0x18, 0x03, 0x31, 0x03, 0x3F, 0x03, 0x7D, 0x03, 0x8D, 0x04, 0x64, 0x04, 0xEA, 0x04, 0xF2, 0x05, 0x0C, 0x05, 0x3B,  /* yan → 15 chars */
    /* yang   */ 0x04, 0x79, 0x61, 0x6E, 0x67, 0x05, 0x01, 0xFE, 0x02, 0x6C, 0x02, 0x83, 0x02, 0xD9, 0x04, 0xF7,  /* yang → 5 chars */
    /* yao    */ 0x03, 0x79, 0x61, 0x6F, 0x05, 0x01, 0x47, 0x01, 0x7D, 0x03, 0xB6, 0x04, 0x23, 0x04, 0x5A,  /* yao → 5 chars */
    /* ye     */ 0x02, 0x79, 0x65, 0x08, 0x00, 0x0B, 0x00, 0x1E, 0x00, 0x8A, 0x00, 0xDB, 0x01, 0x38, 0x02, 0x16, 0x04, 0xD4, 0x05, 0x26,  /* ye → 8 chars */
    /* yi     */ 0x02, 0x79, 0x69, 0x11, 0x00, 0x00, 0x00, 0x17, 0x00, 0x3D, 0x00, 0x41, 0x00, 0x53, 0x00, 0xB1, 0x01, 0x3E, 0x01, 0x5E, 0x01, 0xC4, 0x01, 0xEB, 0x02, 0x3D, 0x02, 0xBE, 0x03, 0x7C, 0x03, 0x8A, 0x03, 0xB0, 0x04, 0x0C, 0x04, 0xB5,  /* yi → 17 chars */
    /* yin    */ 0x03, 0x79, 0x69, 0x6E, 0x04, 0x01, 0xC7, 0x04, 0xDF, 0x04, 0xF8, 0x05, 0x23,  /* yin → 4 chars */
    /* ying   */ 0x04, 0x79, 0x69, 0x6E, 0x67, 0x08, 0x01, 0xB7, 0x04, 0x19, 0x04, 0x31, 0x04, 0x3D, 0x04, 0xA1, 0x05, 0x2C, 0x05, 0x4D, 0x05, 0x4E,  /* ying → 8 chars */
    /* yong   */ 0x04, 0x79, 0x6F, 0x6E, 0x67, 0x03, 0x00, 0xAA, 0x02, 0xB2, 0x03, 0x66,  /* yong → 3 chars */
    /* you    */ 0x03, 0x79, 0x6F, 0x75, 0x08, 0x00, 0x45, 0x00, 0xCC, 0x00, 0xCE, 0x00, 0xDA, 0x01, 0x7C, 0x02, 0x55, 0x02, 0xC9, 0x03, 0x69,  /* you → 8 chars */
    /* yu     */ 0x02, 0x79, 0x75, 0x17, 0x00, 0x25, 0x00, 0x4B, 0x01, 0x4B, 0x01, 0x88, 0x01, 0x93, 0x02, 0x9B, 0x02, 0xA4, 0x02, 0xEB, 0x02, 0xFC, 0x02, 0xFD, 0x03, 0x52, 0x03, 0xA5, 0x03, 0xA6, 0x03, 0xEC, 0x04, 0x3F, 0x04, 0x45, 0x04, 0x65, 0x04, 0x70, 0x04, 0x7B, 0x04, 0xBF, 0x05, 0x10, 0x05, 0x2B, 0x05, 0x41,  /* yu → 23 chars */
    /* yuan   */ 0x04, 0x79, 0x75, 0x61, 0x6E, 0x0D, 0x00, 0x68, 0x00, 0xC8, 0x01, 0x05, 0x01, 0x09, 0x01, 0x1C, 0x01, 0xED, 0x02, 0x1B, 0x02, 0xBF, 0x03, 0x09, 0x04, 0x18, 0x04, 0x52, 0x04, 0xA8, 0x05, 0x04,  /* yuan → 13 chars */
    /* yue    */ 0x03, 0x79, 0x75, 0x65, 0x05, 0x01, 0x8E, 0x01, 0xE7, 0x02, 0x54, 0x03, 0xC7, 0x04, 0x8A,  /* yue → 5 chars */
    /* yun    */ 0x03, 0x79, 0x75, 0x6E, 0x05, 0x00, 0x26, 0x00, 0xAC, 0x04, 0xA2, 0x04, 0xC4, 0x05, 0x24,  /* yun → 5 chars */
    /* zai    */ 0x03, 0x7A, 0x61, 0x69, 0x03, 0x00, 0x39, 0x01, 0x0D, 0x04, 0x96,  /* zai → 3 chars */
    /* zan    */ 0x03, 0x7A, 0x61, 0x6E, 0x02, 0x02, 0x3F, 0x02, 0x4B,  /* zan → 2 chars */
    /* zang   */ 0x04, 0x7A, 0x61, 0x6E, 0x67, 0x01, 0x04, 0x43,  /* zang → 1 chars */
    /* zao    */ 0x03, 0x7A, 0x61, 0x6F, 0x03, 0x01, 0x01, 0x02, 0x36, 0x02, 0x75,  /* zao → 3 chars */
    /* ze     */ 0x02, 0x7A, 0x65, 0x02, 0x02, 0x0C, 0x02, 0xD5,  /* ze → 2 chars */
    /* zeng   */ 0x04, 0x7A, 0x65, 0x6E, 0x67, 0x02, 0x01, 0x2B, 0x02, 0x52,  /* zeng → 2 chars */
    /* zha    */ 0x03, 0x7A, 0x68, 0x61, 0x01, 0x01, 0xF8,  /* zha → 1 chars */
    /* zhai   */ 0x04, 0x7A, 0x68, 0x61, 0x69, 0x02, 0x01, 0x6E, 0x03, 0xB5,  /* zhai → 2 chars */
    /* zhan   */ 0x04, 0x7A, 0x68, 0x61, 0x6E, 0x06, 0x00, 0xBD, 0x01, 0x85, 0x01, 0xF2, 0x02, 0xCC, 0x03, 0x05, 0x03, 0xBA,  /* zhan → 6 chars */
    /* zhang  */ 0x05, 0x7A, 0x68, 0x61, 0x6E, 0x67, 0x05, 0x01, 0xC9, 0x02, 0x9E, 0x03, 0x1B, 0x03, 0xBB, 0x05, 0x0B,  /* zhang → 5 chars */
    /* zhao   */ 0x04, 0x7A, 0x68, 0x61, 0x6F, 0x07, 0x00, 0x6B, 0x02, 0x0A, 0x02, 0x42, 0x02, 0x5C, 0x03, 0x3A, 0x03, 0xF5, 0x04, 0x88,  /* zhao → 7 chars */
    /* zhe    */ 0x03, 0x7A, 0x68, 0x65, 0x04, 0x02, 0xE6, 0x03, 0x8E, 0x03, 0xEF, 0x04, 0xA6,  /* zhe → 4 chars */
    /* zhen   */ 0x04, 0x7A, 0x68, 0x65, 0x6E, 0x04, 0x01, 0x0F, 0x02, 0x12, 0x03, 0x8B, 0x04, 0xE7,  /* zhen → 4 chars */
    /* zheng  */ 0x05, 0x7A, 0x68, 0x65, 0x6E, 0x67, 0x04, 0x01, 0xD1, 0x02, 0x28, 0x02, 0xA7, 0x04, 0xC3,  /* zheng → 4 chars */
    /* zhi    */ 0x03, 0x7A, 0x68, 0x69, 0x11, 0x00, 0x18, 0x00, 0x5E, 0x00, 0x9E, 0x01, 0x11, 0x01, 0x90, 0x01, 0xDA, 0x01, 0xFB, 0x02, 0x20, 0x02, 0x74, 0x02, 0xA6, 0x02, 0xCA, 0x03, 0x85, 0x03, 0xD3, 0x03, 0xE9, 0x04, 0x01, 0x04, 0x02, 0x04, 0x15,  /* zhi → 17 chars */
    /* zhong  */ 0x05, 0x7A, 0x68, 0x6F, 0x6E, 0x67, 0x06, 0x00, 0x10, 0x00, 0x44, 0x01, 0xDC, 0x03, 0xAB, 0x04, 0xD3, 0x04, 0xD7,  /* zhong → 6 chars */
    /* zhou   */ 0x04, 0x7A, 0x68, 0x6F, 0x75, 0x04, 0x00, 0xEF, 0x01, 0x9D, 0x02, 0xDF, 0x04, 0x06,  /* zhou → 4 chars */
    /* zhu    */ 0x03, 0x7A, 0x68, 0x75, 0x09, 0x00, 0x15, 0x02, 0x61, 0x02, 0x79, 0x02, 0x82, 0x03, 0x4E, 0x03, 0x5A, 0x03, 0xBD, 0x04, 0x73, 0x05, 0x38,  /* zhu → 9 chars */
    /* zhuan  */ 0x05, 0x7A, 0x68, 0x75, 0x61, 0x6E, 0x02, 0x00, 0x08, 0x04, 0x93,  /* zhuan → 2 chars */
    /* zhuang */ 0x06, 0x7A, 0x68, 0x75, 0x61, 0x6E, 0x67, 0x02, 0x01, 0xB3, 0x04, 0x55,  /* zhuang → 2 chars */
    /* zhun   */ 0x04, 0x7A, 0x68, 0x75, 0x6E, 0x01, 0x00, 0x8C,  /* zhun → 1 chars */
    /* zhuo   */ 0x04, 0x7A, 0x68, 0x75, 0x6F, 0x02, 0x00, 0xB8, 0x02, 0xF3,  /* zhuo → 2 chars */
    /* zi     */ 0x02, 0x7A, 0x69, 0x08, 0x01, 0x4D, 0x01, 0x4F, 0x02, 0x90, 0x02, 0xF4, 0x03, 0x0E, 0x03, 0xCC, 0x04, 0x00, 0x04, 0x82,  /* zi → 8 chars */
    /* zong   */ 0x04, 0x7A, 0x6F, 0x6E, 0x67, 0x01, 0x03, 0xD2,  /* zong → 1 chars */
    /* zou    */ 0x03, 0x7A, 0x6F, 0x75, 0x02, 0x04, 0x87, 0x04, 0xBE,  /* zou → 2 chars */
    /* zu     */ 0x02, 0x7A, 0x75, 0x05, 0x02, 0x31, 0x03, 0xAD, 0x03, 0xD5, 0x04, 0x8B, 0x04, 0xF9,  /* zu → 5 chars */
    /* zui    */ 0x03, 0x7A, 0x75, 0x69, 0x02, 0x00, 0xFF, 0x02, 0x53,  /* zui → 2 chars */
    /* zun    */ 0x03, 0x7A, 0x75, 0x6E, 0x01, 0x04, 0xB4,  /* zun → 1 chars */
    /* zuo    */ 0x03, 0x7A, 0x75, 0x6F, 0x04, 0x00, 0x4D, 0x01, 0x14, 0x01, 0xA0, 0x01, 0xBD  /* zuo → 4 chars */
};

/* Character list: 一丁七万三上下不专世丘业东丝两个中丰临丹为主丽义之乌乐乔乘九也乡买乾了事二于云互亓五井亚交京亭亮亳人什仁仅介从仑仓仔他仙令仪们件任伊伍休众优会伟低体何余佛作你佩佬佰佳依侧俊保信修俱倌倒候借值偃假偏停傅储傲儋儿元兄充兆先光克免兖党入全八公六兰共关兴兵其具典兽冀内冈冕写军农冠冬冯冶冷准凉凌减几凤凯凰出分切刊列刘删判利到制刷前剑副力功加务动劲劳勇勒匀包化北区医十千升半华协卓单卖南博占卡卢卧卫危即厂厅压厚原厦县叁又及友双反发取口古句叫叮可台右叶号司各合吉吊同名后向吕君吧吨听启吴吾呢周呼命和咚咸哈响哥唐商啊喀善嗨嘉嘴器噪四回团园围固国圆圈土圣在地圳场址坊坏坐坛坝坡坦坪坻型垣垦垫垭城埗埠基堂堡堰塔塘塞墙增墨墩壁士声壶备复夏夕外多夜大天太夫头夷奇奉奎套好如始姑姚姜威娄娱嫂子孔字存孙孝孟学宁它守安宋完宏官定宜宝实审客宣室宫家容宽宾宿密富寒寨寮对寺导寿封射尉小少尔尖尚尤尧就尾局层居屋屏展屯山屿岑岗岛岩岭岳岸峙峡峨峪峰崂崇崎崖嵊嵩巅川州巢工左巨巩差巴巷市布师帕带帮常帽干平年幸广庄庆庐库应底店庙府度座庭康廊延建开异式弓引弟张弱弹强当形彩彭征待徐徒微德徽心必志忙忠快念忻怀思急恢恩息悟悦情惠想意感愿慈慢成我战户房所手才扎打托执扩扫扬扶承技把抚抢护报拉拍拔招拟择括拿持按挑振换授排掖接控描提援搜摩播攀支收放故效救敦数整文斗断斯新方施旅族旗无日旧早时旺昆昌明昏易昔昝星春昭是显晋晚晨普景晴暂暗暨曙曲更曹曾最月有朋服朐朔朗望朝木未本术朱朵机权杉李村杜杞条来杨杭杰松板极林果枝枣架柏查柱柳柴标栋栎栏树校株样格栾桂桃桐桑桓桔桥桦梁梅梓梧梨梯检棉棱椒楚楼榄榆榕榜樟模横樵橘橙欲歌止正步武段每比毕毛氏民水永汇汉汕汝江池汤汨汽汾沁沂沅沈沙沛沟没沧沪沭河油治沽沾泉泊法泗波泮泰泸泽泾洁洈洋洛洞津洪洱洲流浅测济浏浓浙浦浩浪浮浴海消涉涞涟涡润涿淄淡淮深添淼清渑渔渝渠温渭港湄湖湘湛湾湿溆源溧溪滁滇滋滑滔滕满滤滦滨滩漆演漠漯漳潍潘潜潢潭潮潼澜澧澳濮瀣灌火灯灰灵炉炜炬点烟烤烧热烽焕焦煌煤照熊熙熟燃燕爬爱版牛牟牡物特狐狗独狮狼猛猪猫献率玉王玛玩环现玲玻珠班球理琼瑞璃瓜瓶瓷甘生用甪田由电男甸画界留番疆疏疗登白百的皇皋皖皮益盐监盒盖盘盛盟盱直相省眉看眙真眠眼着睢矩短石矿砀码砂确碑碧磐示社祁祈神祥禁禄禅福禹禺禾秀私秋种科租秦称移程稳稷空窄窑窗窦立站章端竹符第笼等简米类粉粗粤精系索紧紫綦繁红级纪纵纸线组细绍经绒给绛统绥继维绵绸绿缎缙缩缺网罗置美群羽老考者耳聊联聚肃肇肥背胜胡胶能脑脚腊腿自至致舍舒舞舟航船艇良色艺节芒芙芜芦芬花芳芷苍苏苑英苹茂范茶荆草荒荔荣药荷莆莎莒莘莞莱莲获菁菏菜萝营萧落葛董葫蒋蒙蒲蓉蓝蓟蓥蓬蔚蔡薄薛藏虎虞虫虹蚌蛟蜀蜂蟠行街衡衢表袁被裁装褐褒襄西要覆见观规视览觉角解言誉警认让讯讲许设试诚该语说请诸读调谢谱谷豆象豫贝贡贤贵贺贾资赛赣赤赫走赵超越足跑跨路跳踢车轨转软轻载轿辉输辛辰边辽达迁过迎运近返还这进远连迪退送逆选逊通速遂道遵邑邓邡邢那邯邱邳邵邹郁郊郎郏郑郓郡部郫郭郯郴郸都鄂鄄鄱酒醴里重野量金钟钢钦铁铃铜铝铭银链锁锋错锡锦键镇长门闫闭间闵闽闾阁阆阎阜队阡防阳阴阻阿陀陂际陆陈陉降限陕院除陵陶隆随隘障雁雄雅集雨雪零雷雾需霆霍霜霞露霸青靖静非面鞍韩音韵韶页顶项顺须预颍频风飞餐饶馆首香马驰驳驻驾骅验骑高鬼魅魏鱼鲁鲅鲍鸟鸡鸭鸿鹅鹉鹏鹤鹦鹰鹿麓麦麻黄黎黑黔默鼎鼓齐龙 */

#endif /* CN_FONT_DATA_H */
